Shut-in Time (hr) DeltaP, Field Data Derivative, Field Data
273.9336667 -3081.014966 -0
273.9503333 -3080.916564 -0
273.967 -3080.968156 -0
273.9836667 -3081.659146 -0
274.0003333 -3080.83537 -0
274.017 -3081.475165 -0
274.0336667 -3081.35187 -0
274.0503333 -3081.78149 -0
274.067 -3081.239711 -0
274.0836667 -3081.143647 -0
274.1003333 -3081.45187 -0
274.117 -3081.684358 -0
274.1336667 -3081.28149 -0
274.1503333 -3081.18149 -0
274.167 -3080.571957 -0
274.1836667 -3080.167182 -0
274.2003333 -3080.609197 -0
274.217 -3080.28149 -0
274.2336667 -3079.892185 -0
274.2503333 -3079.883095 -0
274.267 -3079.955941 -0
274.2836667 -3079.849454 -0
274.3003333 -3078.327499 -0
274.317 -3079.159146 -0
274.3336667 -3079.976219 -0
274.3503333 -3079.468156 -0
274.367 -3078.484229 -0
274.3836667 -3078.58149 -0
274.4003333 -3079.014279 -0
274.417 -3078.798793 -0
274.4336667 -3078.598793 -0
274.4503333 -3079.561389 -0
274.467 -3077.685248 -0
274.4836667 -3078.306688 -0
274.5003333 -3078.429914 -0
274.517 -3077.368156 -0
274.5336667 -3079.021941 -0
274.5503333 -3079.337106 -0
274.567 -3079.361389 -0
274.5836667 -3078.744987 -0
274.6003333 -3078.175165 -0
274.617 -3078.221941 -0
274.6336667 -3078.837106 -0
274.6503333 -3078.700088 -0
274.667 -3078.604955 -0
274.6836667 -3077.365579 -0
274.7003333 -3077.584229 -0
274.717 -3078.738802 -0
274.7336667 -3077.96004 -0
274.7503333 -3078.607938 -0
274.767 -3076.875165 -0
274.7836667 -3078.314279 -0
274.8003333 -3078.837106 -0
274.817 -3079.040382 -0
274.8336667 -3078.697187 -0
274.8503333 -3079.76518 -0
274.867 -3079.222226 -0
274.8836667 -3078.571957 -0
274.9003333 -3080.367556 -0
274.917 -3080.460135 -0
274.9336667 -3079.790937 -0
274.9503333 -3080.02955 -0
274.967 -3079.05187 -0
274.9836667 -3079.168156 -0
275.0003333 -3080.101268 -0
275.017 -3080.298793 -0
275.0336667 -3079.957543 -0
275.0503333 -3080.101337 -0
275.067 -3082.197246 -0
275.0836667 -3081.838802 -0
275.1003333 -3080.542913 -0
275.117 -3081.50817 -0
275.1336667 -3081.483095 -0
275.1503333 -3081.621941 -0
275.167 -3081.004955 -0
275.1836667 -3082.050444 -0
275.2003333 -3082.79401 -0
275.217 -3082.357839 -0
275.2336667 -3082.674083 -0
275.2503333 -3082.474925 -0
275.267 -3082.883496 -0
275.2836667 -3082.152057 -0
275.3003333 -3083.73209 -0
275.317 -3082.659452 -0
275.3336667 -3082.16518 -0
275.3503333 -3082.161389 -0
275.367 -3083.540097 -0
275.3836667 -3083.202703 -0
275.4003333 -3083.701084 -0
275.417 -3084.208105 -0
275.4336667 -3083.095628 -0
275.4503333 -3082.816692 -0
275.467 -3082.583496 -0
275.4836667 -3081.952057 -0
275.5003333 -3081.860135 -0
275.517 -3082.823607 -0
275.5336667 -3082.67618 -0
275.5503333 -3082.568811 -0
275.567 -3081.653913 -0
275.5836667 -3081.774083 -0
275.6003333 -3081.173669 -0
275.617 -3081.466794 -0
275.6336667 -3081.99401 -0
275.6503333 -3081.781318 -0
275.667 -3080.779702 -0
275.6836667 -3080.801084 -0
275.7003333 -3080.250444 -0
275.717 -3080.254759 -0
275.7336667 -3080.063565 -0
275.7503333 -3080.385266 -0
275.767 -3079.750444 -0
275.7836667 -3081.119272 -0
275.8003333 -3080.292392 -0
275.817 -3079.57618 -0
275.8336667 -3079.363565 -0
275.8503333 -3080.323607 -0
275.867 -3079.459452 -0
275.8836667 -3078.538802 -0
275.9003333 -3078.859452 -0
275.917 -3079.142996 -0
275.9336667 -3078.644608 -0
275.9503333 -3078.979702 -0
275.967 -3079.716692 -0
275.9836667 -3079.081318 -0
276.0003333 -3079.059452 -0
276.017 -3079.270852 -0
276.0336667 -3079.297966 -0
276.0503333 -3079.512223 -0
276.067 -3078.959452 -0
276.0836667 -3078.761389 -0
276.1003333 -3080.516692 -0
276.117 -3079.695628 -0
276.1336667 -3078.546384 -0
276.1503333 -3078.666301 -0
276.167 -3078.82794 -0
276.1836667 -3078.083095 -0
276.2003333 -3078.314279 -0
276.217 -3078.638802 -0
276.2336667 -3078.753913 -0
276.2503333 -3078.861066 -0
276.267 -3077.806563 -0
276.2836667 -3079.074925 -0
276.3003333 -3079.190758 -0
276.317 -3078.955167 -0
276.3336667 -3080.005122 -0
276.3503333 -3079.962643 -0
276.367 -3079.659452 -0
276.3836667 -3080.2885 -0
276.4003333 -3079.813482 -0
276.417 -3079.362643 -0
276.4336667 -3079.75367 -0
276.4503333 -3079.138717 -0
276.467 -3080.295628 -0
276.4836667 -3080.406485 -0
276.5003333 -3080.72971 -0
276.517 -3080.93209 -0
276.5336667 -3079.750444 -0
276.5503333 -3081.340097 -0
276.567 -3081.227527 -0
276.5836667 -3081.418313 -0
276.6003333 -3081.428811 -0
276.617 -3080.561066 -0
276.6336667 -3081.137276 -0
276.6503333 -3080.583496 -0
276.667 -3080.918313 -0
276.6836667 -3080.899224 -0
276.7003333 -3081.93209 -0
276.717 -3081.322634 -0
276.7336667 -3081.731948 -0
276.7503333 -3081.541358 -0
276.767 -3080.90638 -0
276.7836667 -3081.216692 -0
276.8003333 -3080.712223 -0
276.817 -3080.595628 -0
276.8336667 -3080.405122 -0
276.8503333 -3080.799224 -0
276.867 -3081.620531 -0
276.8836667 -3082.218313 -0
276.9003333 -3081.53447 -0
276.917 -3082.491445 -0
276.9336667 -3081.304322 -0
276.9503333 -3081.53447 -0
276.967 -3081.761705 -0
276.9836667 -3081.718313 -0
277.0003333 -3081.536733 -0
277.017 -3081.511344 -0
277.0336667 -3081.104322 -0
277.0503333 -3081.197246 -0
277.067 -3080.55367 -0
277.0836667 -3080.990117 -0
277.1003333 -3081.73209 -0
277.117 -3081.741358 -0
277.1336667 -3081.575698 -0
277.1503333 -3081.50638 -0
277.167 -3082.178604 -0
277.1836667 -3082.849456 -0
277.2003333 -3081.60638 -0
277.217 -3082.456239 -0
277.2336667 -3081.382934 -0
277.2503333 -3081.818313 -0
277.267 -3082.154976 -0
277.2836667 -3081.090117 -0
277.3003333 -3081.823534 -0
277.317 -3081.291734 -0
277.3336667 -3081.40594 -0
277.3503333 -3081.519933 -0
277.367 -3081.569644 -0
277.3836667 -3080.623534 -0
277.4003333 -3081.769644 -0
277.417 -3081.43573 -0
277.4336667 -3081.767226 -0
277.4503333 -3081.249456 -0
277.467 -3080.862842 -0
277.4836667 -3080.107638 -0
277.5003333 -3081.689352 -0
277.517 -3080.528787 -0
277.5336667 -3080.528787 -0
277.5503333 -3080.614741 -0
277.567 -3080.826849 -0
277.5836667 -3081.86063 -0
277.6003333 -3082.069644 -0
277.617 -3081.576267 -0
277.6336667 -3081.262968 -0
277.6503333 -3081.765191 -0
277.667 -3081.237633 -0
277.6836667 -3081.462968 -0
277.7003333 -3080.73573 -0
277.717 -3081.056239 -0
277.7336667 -3081.902224 -0
277.7503333 -3081.726849 -0
277.767 -3080.949456 -0
277.7836667 -3080.728787 -0
277.8003333 -3081.473768 -0
277.817 -3081.647278 -0
277.8336667 -3081.595815 -0
277.8503333 -3081.269644 -0
277.867 -3081.762968 -0
277.8836667 -3082.262968 -0
277.9003333 -3082.328669 -0
277.917 -3081.126849 -0
277.9336667 -3082.082836 -0
277.9503333 -3082.148902 -0
277.967 -3082.92113 -0
277.9836667 -3082.602224 -0
278.0003333 -3082.376267 -0
278.017 -3081.66063 -0
278.0336667 -3082.299404 -0
278.0503333 -3082.499404 -0
278.067 -3082.476267 -0
278.0836667 -3081.797081 -0
278.1003333 -3081.048902 -0
278.117 -3081.594705 -0
278.1336667 -3081.797773 -0
278.1503333 -3081.073768 -0
278.167 -3080.786693 -0
278.1836667 -3081.305679 -0
278.2003333 -3080.814881 -0
278.217 -3080.084102 -0
278.2336667 -3080.388322 -0
278.2503333 -3081.005679 -0
278.267 -3081.028596 -0
278.2836667 -3080.373768 -0
278.3003333 -3080.980257 -0
278.317 -3080.602224 -0
278.3336667 -3081.124185 -0
278.3503333 -3081.445591 -0
278.367 -3081.757502 -0
278.3836667 -3081.857502 -0
278.4003333 -3081.839556 -0
278.417 -3082.033468 -0
278.4336667 -3081.948111 -0
278.4503333 -3081.199404 -0
278.467 -3081.42113 -0
278.4836667 -3081.411901 -0
278.5003333 -3080.573768 -0
278.517 -3082.286343 -0
278.5336667 -3079.862968 -0
278.5503333 -3079.637633 -0
278.567 -3080.262968 -0
278.5836667 -3079.433712 -0
278.6003333 -3080.294548 -0
278.617 -3081.31684 -0
278.6336667 -3079.625228 -0
278.6503333 -3079.249456 -0
278.667 -3079.104322 -0
278.6836667 -3080.165599 -0
278.7003333 -3079.327527 -0
278.717 -3079.752356 -0
278.7336667 -3079.975002 -0
278.7503333 -3079.859004 -0
278.767 -3079.450618 -0
278.7836667 -3080.621601 -0
278.8003333 -3079.752356 -0
278.817 -3079.961705 -0
278.8336667 -3079.73447 -0
278.8503333 -3078.762643 -0
278.867 -3079.161066 -0
278.8836667 -3079.818313 -0
278.9003333 -3079.90638 -0
278.917 -3079.292014 -0
278.9336667 -3078.871608 -0
278.9503333 -3078.94622 -0
278.967 -3079.048194 -0
278.9836667 -3079.552356 -0
279.0003333 -3078.911344 -0
279.017 -3079.972141 -0
279.0336667 -3080.372141 -0
279.0503333 -3080.061705 -0
279.067 -3079.261705 -0
279.0836667 -3079.345654 -0
279.1003333 -3080.206043 -0
279.117 -3078.468409 -0
279.1336667 -3078.792014 -0
279.1503333 -3079.363388 -0
279.167 -3078.807424 -0
279.1836667 -3077.768571 -0
279.2003333 -3077.161066 -0
279.217 -3077.838717 -0
279.2336667 -3078.77618 -0
279.2503333 -3078.066794 -0
279.267 -3078.2929 -0
279.2836667 -3077.777436 -0
279.3003333 -3078.066794 -0
279.317 -3078.812223 -0
279.3336667 -3078.492014 -0
279.3503333 -3078.03116 -0
279.367 -3078.061066 -0
279.3836667 -3078.468811 -0
279.4003333 -3079.012223 -0
279.417 -3077.983496 -0
279.4336667 -3077.966794 -0
279.4503333 -3077.846384 -0
279.467 -3076.768786 -0
279.4836667 -3078.125789 -0
279.5003333 -3078.177436 -0
279.517 -3077.324727 -0
279.5336667 -3077.198522 -0
279.5503333 -3078.484752 -0
279.567 -3077.875698 -0
279.5836667 -3077.770066 -0
279.6003333 -3078.164105 -0
279.617 -3077.907565 -0
279.6336667 -3078.094682 -0
279.6503333 -3078.424727 -0
279.667 -3078.709778 -0
279.6836667 -3078.002586 -0
279.7003333 -3078.315887 -0
279.717 -3079.390117 -0
279.7336667 -3077.524727 -0
279.7503333 -3077.12355 -0
279.767 -3077.017966 -0
279.7836667 -3078.124727 -0
279.8003333 -3078.10817 -0
279.817 -3077.468786 -0
279.8336667 -3078.64622 -0
279.8503333 -3078.05367 -0
279.867 -3078.83447 -0
279.8836667 -3078.457443 -0
279.9003333 -3078.03116 -0
279.917 -3078.470066 -0
279.9336667 -3078.016984 -0
279.9503333 -3078.10817 -0
279.967 -3078.440054 -0
279.9836667 -3077.994183 -0
280.0003333 -3078.908322 -0
280.017 -3077.577436 -0
280.0336667 -3078.090758 -0
280.0503333 -3078.061066 -0
280.067 -3078.820531 -0
280.0836667 -3079.630468 -0
280.1003333 -3079.83447 -0
280.117 -3079.63447 -0
280.1336667 -3080.460135 -0
280.1503333 -3081.705635 -0
280.167 -3082.395461 -0
280.1836667 -3083.041004 -0
280.2003333 -3083.750456 -0
280.217 -3085.170416 -0
280.2336667 -3085.578043 -0
280.2503333 -3085.479628 -0
280.267 -3086.578043 -0
280.2836667 -3086.150456 -0
280.3003333 -3086.31402 -0
280.317 -3086.967968 -0
280.3336667 -3087.167869 -0
280.3503333 -3087.631498 -0
280.367 -3087.942458 -0
280.3836667 -3088.041004 -0
280.4003333 -3087.802661 -0
280.417 -3089.079628 -0
280.4336667 -3089.28773 -0
280.4503333 -3089.242458 -0
280.467 -3090.742039 -0
280.4836667 -3090.850904 -0
280.5003333 -3090.424889 -0
280.517 -3090.115943 -0
280.5336667 -3090.115943 -0
280.5503333 -3090.115943 -0
280.567 -3090.115943 -0
280.5836667 -3090.115943 -0
280.6003333 -3090.115943 -0
280.617 -3090.115943 -0
280.6336667 -3090.115943 -0
280.6503333 -3090.115943 -0
280.667 -3090.115943 -0
280.6836667 -3090.115943 -0
280.7003333 -3090.115943 -0
280.717 -3090.115943 -0
280.7336667 -3090.115943 -0
280.7503333 -3090.115943 -0
280.767 -3090.115943 -0
280.7836667 -3090.115943 -0
280.8003333 -3091.83378 -0
280.817 -3094.577466 -0
280.8336667 -3094.376219 -0
280.8503333 -3093.924867 -0
280.867 -3094.655941 -0
280.8836667 -3093.499799 -0
280.9003333 -3094.032883 -0
280.917 -3093.957543 -0
280.9336667 -3093.743647 -0
280.9503333 -3093.535909 -0
280.967 -3094.435909 -0
280.9836667 -3094.776219 -0
281.0003333 -3094.268156 -0
281.017 -3095.438802 -0
281.0336667 -3094.976219 -0
281.0503333 -3094.132883 -0
281.067 -3093.944266 -0
281.0836667 -3094.259146 -0
281.1003333 -3094.476219 -0
281.117 -3095.068786 -0
281.1336667 -3094.73537 -0
281.1503333 -3095.065579 -0
281.167 -3094.968156 -0
281.1836667 -3094.658794 -0
281.2003333 -3095.641312 -0
281.217 -3094.971957 -0
281.2336667 -3094.826466 -0
281.2503333 -3094.599247 -0
281.267 -3095.131516 -0
281.2836667 -3096.373561 -0
281.3003333 -3095.75168 -0
281.317 -3096.652057 -0
281.3336667 -3095.659146 -0
281.3503333 -3095.876219 -0
281.367 -3096.567182 -0
281.3836667 -3096.806563 -0
281.4003333 -3095.459146 -0
281.417 -3095.98149 -0
281.4336667 -3096.381734 -0
281.4503333 -3095.509806 -0
281.467 -3096.489365 -0
281.4836667 -3095.457549 -0
281.5003333 -3095.525797 -0
281.517 -3096.889365 -0
281.5336667 -3097.524896 -0
281.5503333 -3096.316172 -0
281.567 -3096.765664 -0
281.5836667 -3097.38149 -0
281.6003333 -3097.78149 -0
281.617 -3097.91267 -0
281.6336667 -3097.289689 -0
281.6503333 -3096.741312 -0
281.667 -3097.507938 -0
281.6836667 -3097.783095 -0
281.7003333 -3098.01267 -0
281.717 -3097.574972 -0
281.7336667 -3097.998839 -0
281.7503333 -3097.114966 -0
281.767 -3097.241312 -0
281.7836667 -3097.182981 -0
281.8003333 -3096.581734 -0
281.817 -3096.424867 -0
281.8336667 -3096.773561 -0
281.8503333 -3097.311062 -0
281.867 -3097.818722 -0
281.8836667 -3097.079884 -0
281.9003333 -3096.255941 -0
281.917 -3096.978279 -0
281.9336667 -3097.611983 -0
281.9503333 -3097.711062 -0
281.967 -3097.89558 -0
281.9836667 -3098.879727 -0
282.0003333 -3097.173561 -0
282.017 -3097.42794 -0
282.0336667 -3096.855941 -0
282.0503333 -3097.072478 -0
282.067 -3098.006521 -0
282.0836667 -3096.890937 -0
282.1003333 -3097.673561 -0
282.117 -3097.604955 -0
282.1336667 -3097.497187 -0
282.1503333 -3096.66691 -0
282.167 -3097.063975 -0
282.1836667 -3096.955941 -0
282.2003333 -3097.58844 -0
282.217 -3097.863975 -0
282.2336667 -3098.606611 -0
282.2503333 -3099.023311 -0
282.267 -3099.172478 -0
282.2836667 -3099.095008 -0
282.3003333 -3098.145037 -0
282.317 -3098.595008 -0
282.3336667 -3098.495008 -0
282.3503333 -3098.379629 -0
282.367 -3099.196605 -0
282.3836667 -3100.23811 -0
282.4003333 -3100.564417 -0
282.417 -3100.438669 -0
282.4336667 -3100.923311 -0
282.4503333 -3101.429916 -0
282.467 -3101.336509 -0
282.4836667 -3101.760768 -0
282.5003333 -3102.392366 -0
282.517 -3102.885944 -0
282.5336667 -3101.963171 -0
282.5503333 -3102.270352 -0
282.567 -3103.72472 -0
282.5836667 -3102.578279 -0
282.6003333 -3103.645361 -0
282.617 -3103.704189 -0
282.6336667 -3103.087192 -0
282.6503333 -3103.368748 -0
282.667 -3103.907845 -0
282.6836667 -3104.326159 -0
282.7003333 -3102.369984 -0
282.717 -3102.895092 -0
282.7336667 -3103.180486 -0
282.7503333 -3104.418473 -0
282.767 -3102.860768 -0
282.7836667 -3102.681686 -0
282.8003333 -3102.138669 -0
282.817 -3103.084547 -0
282.8336667 -3102.94689 -0
282.8503333 -3102.387192 -0
282.867 -3102.344649 -0
282.8836667 -3103.311983 -0
282.9003333 -3103.62311 -0
282.917 -3103.307845 -0
282.9336667 -3104.152998 -0
282.9503333 -3102.979239 -0
282.967 -3103.082941 -0
282.9836667 -3103.400132 -0
283.0003333 -3102.784547 -0
283.017 -3103.087192 -0
283.0336667 -3102.984547 -0
283.0503333 -3103.210733 -0
283.067 -3103.276674 -0
283.0836667 -3104.607845 -0
283.1003333 -3104.530662 -0
283.117 -3104.033793 -0
283.1336667 -3103.836549 -0
283.1503333 -3103.136806 -0
283.167 -3102.877215 -0
283.1836667 -3102.233793 -0
283.2003333 -3101.130395 -0
283.217 -3103.674853 -0
283.2336667 -3102.729051 -0
283.2503333 -3101.915504 -0
283.267 -3100.995092 -0
283.2836667 -3101.790759 -0
283.3003333 -3100.352735 -0
283.317 -3100.055057 -0
283.3336667 -3100.688829 -0
283.3503333 -3100.869984 -0
283.367 -3101.013503 -0
283.3836667 -3099.878758 -0
283.4003333 -3099.389835 -0
283.417 -3098.255653 -0
283.4336667 -3097.749917 -0
283.4503333 -3096.53923 -0
283.467 -3096.133198 -0
283.4836667 -3095.550376 -0
283.5003333 -3095.267313 -0
283.517 -3094.107268 -0
283.5336667 -3093.776919 -0
283.5503333 -3093.908537 -0
283.567 -3093.295886 -0
283.5836667 -3093.672763 -0
283.6003333 -3093.328075 -0
283.617 -3093.568606 -0
283.6336667 -3093.265322 -0
283.6503333 -3092.236686 -0
283.667 -3091.612243 -0
283.6836667 -3090.909903 -0
283.7003333 -3090.897521 -0
283.717 -3090.59125 -0
283.7336667 -3091.044317 -0
283.7503333 -3090.229711 -0
283.767 -3089.899153 -0
283.7836667 -3090.751134 -0
283.8003333 -3089.902238 -0
283.817 -3089.292881 -0
283.8336667 -3089.919544 -0
283.8503333 -3089.592881 -0
283.867 -3089.507004 -0
283.8836667 -3089.522071 -0
283.9003333 -3088.817322 -0
283.917 -3089.443198 -0
283.9336667 -3088.711075 -0
283.9503333 -3087.671208 -0
283.967 -3087.988213 -0
283.9836667 -3088.789619 -0
284.0003333 -3087.702238 -0
284.017 -3087.572117 -0
284.0336667 -3088.244317 -0
284.0503333 -3087.484926 -0
284.067 -3087.401308 -0
284.0836667 -3087.41438 -0
284.1003333 -3087.183296 -0
284.117 -3086.570489 -0
284.1336667 -3087.722071 -0
284.1503333 -3087.116014 -0
284.167 -3086.467259 -0
284.1836667 -3086.794618 -0
284.2003333 -3088.274081 -0
284.217 -3088.102106 -0
284.2336667 -3087.472117 -0
284.2503333 -3087.328075 -0
284.267 -3086.039159 -0
284.2836667 -3086.894618 -0
284.3003333 -3086.908537 -0
284.317 -3086.052502 -0
284.3336667 -3086.492881 -0
284.3503333 -3086.917648 -0
284.367 -3087.197521 -0
284.3836667 -3086.502238 -0
284.4003333 -3087.107268 -0
284.417 -3087.503739 -0
284.4336667 -3086.809806 -0
284.4503333 -3086.380177 -0
284.467 -3087.207268 -0
284.4836667 -3085.86075 -0
284.5003333 -3087.123706 -0
284.517 -3087.086556 -0
284.5336667 -3087.40827 -0
284.5503333 -3087.097521 -0
284.567 -3086.219704 -0
284.5836667 -3085.676919 -0
284.6003333 -3086.170489 -0
284.617 -3085.464588 -0
284.6336667 -3085.584287 -0
284.6503333 -3085.352502 -0
284.667 -3085.144233 -0
284.6836667 -3085.362059 -0
284.7003333 -3085.050877 -0
284.717 -3085.90097 -0
284.7336667 -3085.984926 -0
284.7503333 -3086.19589 -0
284.767 -3085.550877 -0
284.7836667 -3085.678548 -0
284.8003333 -3085.478548 -0
284.817 -3084.983296 -0
284.8336667 -3084.664005 -0
284.8503333 -3084.427224 -0
284.867 -3084.941883 -0
284.8836667 -3084.618743 -0
284.9003333 -3084.967259 -0
284.917 -3084.132407 -0
284.9336667 -3084.539159 -0
284.9503333 -3084.959094 -0
284.967 -3084.132407 -0
284.9836667 -3085.102238 -0
285.0003333 -3084.462347 -0
285.017 -3084.052502 -0
285.0336667 -3084.565632 -0
285.0503333 -3084.199153 -0
285.067 -3083.471208 -0
285.0836667 -3083.904775 -0
285.1003333 -3083.867259 -0
285.117 -3084.585554 -0
285.1336667 -3083.754128 -0
285.1503333 -3084.73447 -0
285.167 -3083.665632 -0
285.1836667 -3083.745857 -0
285.2003333 -3083.755387 -0
285.217 -3083.750877 -0
285.2336667 -3083.594618 -0
285.2503333 -3083.263324 -0
285.267 -3084.064005 -0
285.2836667 -3083.032407 -0
285.3003333 -3083.436312 -0
285.317 -3083.976509 -0
285.3336667 -3084.481755 -0
285.3503333 -3084.575243 -0
285.367 -3084.588213 -0
285.3836667 -3084.708537 -0
285.4003333 -3083.672117 -0
285.417 -3084.916014 -0
285.4336667 -3084.41438 -0
285.4503333 -3085.762976 -0
285.467 -3084.38948 -0
285.4836667 -3083.583296 -0
285.5003333 -3083.681666 -0
285.517 -3084.324803 -0
285.5336667 -3083.989619 -0
285.5503333 -3084.064005 -0
285.567 -3083.481755 -0
285.5836667 -3084.402106 -0
285.6003333 -3084.20097 -0
285.617 -3084.070489 -0
285.6336667 -3083.373233 -0
285.6503333 -3084.10827 -0
285.667 -3083.783296 -0
285.6836667 -3083.888213 -0
285.7003333 -3082.105929 -0
285.717 -3082.937535 -0
285.7336667 -3083.36886 -0
285.7503333 -3083.049251 -0
285.767 -3083.56886 -0
285.7836667 -3083.886947 -0
285.8003333 -3083.884754 -0
285.817 -3082.996228 -0
285.8336667 -3084.587989 -0
285.8503333 -3083.422358 -0
285.867 -3083.755841 -0
285.8836667 -3083.337535 -0
285.9003333 -3082.621226 -0
285.917 -3083.028165 -0
285.9336667 -3083.344233 -0
285.9503333 -3084.050877 -0
285.967 -3083.656651 -0
285.9836667 -3082.718743 -0
286.0003333 -3082.80859 -0
286.017 -3082.510211 -0
286.0336667 -3083.429161 -0
286.0503333 -3082.605929 -0
286.067 -3083.867413 -0
286.0836667 -3082.351384 -0
286.1003333 -3083.749251 -0
286.117 -3083.119966 -0
286.1336667 -3082.412974 -0
286.1503333 -3083.435911 -0
286.167 -3084.079223 -0
286.1836667 -3084.36886 -0
286.2003333 -3083.247399 -0
286.217 -3082.505929 -0
286.2336667 -3084.700474 -0
286.2503333 -3083.439359 -0
286.267 -3083.542608 -0
286.2836667 -3084.159531 -0
286.3003333 -3083.312974 -0
286.317 -3083.642608 -0
286.3336667 -3083.43379 -0
286.3503333 -3083.112974 -0
286.367 -3083.594609 -0
286.3836667 -3084.019966 -0
286.4003333 -3084.042608 -0
286.417 -3084.362377 -0
286.4336667 -3084.349251 -0
286.4503333 -3085.417166 -0
286.467 -3083.629161 -0
286.4836667 -3082.994609 -0
286.5003333 -3083.005929 -0
286.517 -3083.947399 -0
286.5336667 -3083.812974 -0
286.5503333 -3083.820736 -0
286.567 -3084.060795 -0
286.5836667 -3082.887539 -0
286.6003333 -3082.664391 -0
286.617 -3083.70697 -0
286.6336667 -3084.35286 -0
286.6503333 -3084.140621 -0
286.667 -3083.927538 -0
286.6836667 -3082.771621 -0
286.7003333 -3082.974853 -0
286.717 -3083.198831 -0
286.7336667 -3083.030784 -0
286.7503333 -3082.17647 -0
286.767 -3082.415493 -0
286.7836667 -3081.547219 -0
286.8003333 -3082.294194 -0
286.817 -3082.626905 -0
286.8336667 -3083.044233 -0
286.8503333 -3083.144233 -0
286.867 -3083.255841 -0
286.8836667 -3083.529161 -0
286.9003333 -3082.817122 -0
286.917 -3083.428165 -0
286.9336667 -3083.530784 -0
286.9503333 -3083.245857 -0
286.967 -3083.029426 -0
286.9836667 -3082.515493 -0
287.0003333 -3082.928165 -0
287.017 -3083.983296 -0
287.0336667 -3082.948662 -0
287.0503333 -3082.491679 -0
287.067 -3083.137535 -0
287.0836667 -3082.70859 -0
287.1003333 -3082.391679 -0
287.117 -3083.022358 -0
287.1336667 -3081.343993 -0
287.1503333 -3081.894609 -0
287.167 -3081.560337 -0
287.1836667 -3083.03379 -0
287.2003333 -3083.410211 -0
287.217 -3082.292936 -0
287.2336667 -3081.341373 -0
287.2503333 -3081.436549 -0
287.267 -3081.027411 -0
287.2836667 -3081.438161 -0
287.3003333 -3081.629051 -0
287.317 -3081.443993 -0
287.3336667 -3081.356372 -0
287.3503333 -3081.321499 -0
287.367 -3080.818473 -0
287.3836667 -3081.438161 -0
287.4003333 -3081.229051 -0
287.417 -3081.021499 -0
287.4336667 -3080.929051 -0
287.4503333 -3080.856372 -0
287.467 -3081.683217 -0
287.4836667 -3080.731288 -0
287.5003333 -3079.781335 -0
287.517 -3080.453864 -0
287.5336667 -3079.412285 -0
287.5503333 -3080.004628 -0
287.567 -3080.159629 -0
287.5836667 -3080.228199 -0
287.6003333 -3080.213894 -0
287.617 -3080.80169 -0
287.6336667 -3081.451384 -0
287.6503333 -3080.533325 -0
287.667 -3081.087517 -0
287.6836667 -3079.790759 -0
287.7003333 -3080.21472 -0
287.717 -3079.806236 -0
287.7336667 -3080.731288 -0
287.7503333 -3080.806236 -0
287.767 -3080.39681 -0
287.7836667 -3079.959165 -0
287.8003333 -3080.112285 -0
287.817 -3080.972784 -0
287.8336667 -3080.806236 -0
287.8503333 -3080.543573 -0
287.867 -3080.098525 -0
287.8836667 -3079.979239 -0
287.9003333 -3079.467144 -0
287.917 -3080.555118 -0
287.9336667 -3080.236549 -0
287.9503333 -3079.904628 -0
287.967 -3079.734937 -0
287.9836667 -3078.973464 -0
288.0003333 -3078.884696 -0
288.017 -3080.343993 -0
288.0336667 -3080.521499 -0
288.0503333 -3079.665539 -0
288.067 -3080.849771 -0
288.0836667 -3080.203019 -0
288.1003333 -3080.718279 -0
288.117 -3079.711719 -0
288.1336667 -3079.681335 -0
288.1503333 -3079.990759 -0
288.167 -3079.857561 -0
288.1836667 -3080.645138 -0
288.2003333 -3080.318279 -0
288.217 -3080.206236 -0
288.2336667 -3080.742381 -0
288.2503333 -3080.829051 -0
288.267 -3079.629151 -0
288.2836667 -3081.021499 -0
288.3003333 -3080.398525 -0
288.317 -3079.895918 -0
288.3336667 -3079.857561 -0
288.3503333 -3079.94953 -0
288.367 -3080.331706 -0
288.3836667 -3080.023515 -0
288.4003333 -3080.696917 -0
288.417 -3078.983356 -0
288.4336667 -3079.843047 -0
288.4503333 -3078.731482 -0
288.467 -3079.673464 -0
288.4836667 -3078.815271 -0
288.5003333 -3078.70022 -0
288.517 -3079.106974 -0
288.5336667 -3079.518338 -0
288.5503333 -3079.093041 -0
288.567 -3079.94953 -0
288.5836667 -3079.706974 -0
288.6003333 -3079.404314 -0
288.617 -3079.190218 -0
288.6336667 -3079.708572 -0
288.6503333 -3079.58176 -0
288.667 -3080.847928 -0
288.6836667 -3080.018338 -0
288.7003333 -3080.2918 -0
288.717 -3081.861898 -0
288.7336667 -3081.006974 -0
288.7503333 -3079.856066 -0
288.767 -3080.495747 -0
288.7836667 -3080.038669 -0
288.8003333 -3080.690218 -0
288.817 -3080.0283 -0
288.8336667 -3080.908572 -0
288.8503333 -3080.06309 -0
288.867 -3080.244209 -0
288.8836667 -3080.147394 -0
288.9003333 -3080.509959 -0
288.917 -3079.771654 -0
288.9336667 -3079.871654 -0
288.9503333 -3079.7283 -0
288.967 -3079.96309 -0
288.9836667 -3080.154473 -0
289.0003333 -3080.047336 -0
289.017 -3079.600058 -0
289.0336667 -3081.195427 -0
289.0503333 -3079.956087 -0
289.067 -3080.556066 -0
289.0836667 -3080.758564 -0
289.1003333 -3080.237078 -0
289.117 -3082.347928 -0
289.1336667 -3081.12542 -0
289.1503333 -3081.161496 -0
289.167 -3081.920315 -0
289.1836667 -3081.612073 -0
289.2003333 -3082.564997 -0
289.217 -3082.124176 -0
289.2336667 -3082.966244 -0
289.2503333 -3081.930105 -0
289.267 -3081.720315 -0
289.2836667 -3081.56309 -0
289.3003333 -3081.237078 -0
289.317 -3081.980781 -0
289.3336667 -3082.738242 -0
289.3503333 -3081.980164 -0
289.367 -3082.978123 -0
289.3836667 -3082.066244 -0
289.4003333 -3081.632447 -0
289.417 -3081.699044 -0
289.4336667 -3081.064785 -0
289.4503333 -3081.812073 -0
289.467 -3081.920315 -0
289.4836667 -3081.905375 -0
289.5003333 -3082.12542 -0
289.517 -3082.564997 -0
289.5336667 -3081.971654 -0
289.5503333 -3081.59383 -0
289.567 -3081.883831 -0
289.5836667 -3081.252879 -0
289.6003333 -3082.010473 -0
289.617 -3081.142617 -0
289.6336667 -3080.959901 -0
289.6503333 -3080.959901 -0
289.667 -3081.142617 -0
289.6836667 -3081.444209 -0
289.7003333 -3081.782021 -0
289.717 -3082.313672 -0
289.7336667 -3082.271654 -0
289.7503333 -3082.212073 -0
289.767 -3083.056939 -0
289.7836667 -3081.988621 -0
289.8003333 -3082.188621 -0
289.817 -3082.287025 -0
289.8336667 -3082.105375 -0
289.8503333 -3083.560727 -0
289.867 -3082.061496 -0
289.8836667 -3082.224176 -0
289.9003333 -3081.652879 -0
289.917 -3081.778568 -0
289.9336667 -3081.987025 -0
289.9503333 -3081.499044 -0
289.967 -3080.919469 -0
289.9836667 -3081.361496 -0
290.0003333 -3082.405375 -0
290.017 -3081.761496 -0
290.0336667 -3081.451286 -0
290.0503333 -3081.452879 -0
290.067 -3081.352879 -0
290.0836667 -3081.887025 -0
290.1003333 -3082.450074 -0
290.117 -3082.232447 -0
290.1336667 -3081.445802 -0
290.1503333 -3082.230105 -0
290.167 -3082.44312 -0
290.1836667 -3082.02542 -0
290.2003333 -3082.423515 -0
290.217 -3082.126664 -0
290.2336667 -3081.456066 -0
290.2503333 -3081.901527 -0
290.267 -3081.893041 -0
290.2836667 -3082.50022 -0
290.3003333 -3081.65105 -0
290.317 -3082.51847 -0
290.3336667 -3082.086983 -0
290.3503333 -3082.634908 -0
290.367 -3081.65058 -0
290.3836667 -3081.45058 -0
290.4003333 -3082.395524 -0
290.417 -3081.641853 -0
290.4336667 -3082.159253 -0
290.4503333 -3081.991815 -0
290.467 -3082.127908 -0
290.4836667 -3081.611202 -0
290.5003333 -3082.208572 -0
290.517 -3081.776439 -0
290.5336667 -3081.469467 -0
290.5503333 -3081.331482 -0
290.567 -3081.984952 -0
290.5836667 -3081.836255 -0
290.6003333 -3081.78282 -0
290.617 -3081.671061 -0
290.6336667 -3082.37425 -0
290.6503333 -3083.157543 -0
290.667 -3083.16691 -0
290.6836667 -3082.944891 -0
290.7003333 -3083.324867 -0
290.717 -3082.193186 -0
290.7336667 -3082.526466 -0
290.7503333 -3082.691336 -0
290.767 -3081.434833 -0
290.7836667 -3081.145955 -0
290.8003333 -3081.036255 -0
290.817 -3081.672656 -0
290.8336667 -3082.213367 -0
290.8503333 -3081.581224 -0
290.867 -3081.88974 -0
290.8836667 -3081.028177 -0
290.9003333 -3082.020825 -0
290.917 -3081.70022 -0
290.9336667 -3082.478034 -0
290.9503333 -3082.442243 -0
290.967 -3082.574844 -0
290.9836667 -3082.644717 -0
291.0003333 -3083.504011 -0
291.017 -3083.25058 -0
291.0336667 -3083.576439 -0
291.0503333 -3083.45058 -0
291.067 -3083.695524 -0
291.0836667 -3082.859253 -0
291.1003333 -3082.025705 -0
291.117 -3083.201818 -0
291.1336667 -3082.666278 -0
291.1503333 -3082.848987 -0
291.167 -3083.476439 -0
291.1836667 -3083.648987 -0
291.2003333 -3084.504011 -0
291.217 -3083.966278 -0
291.2336667 -3083.561042 -0
291.2503333 -3083.931482 -0
291.267 -3084.627908 -0
291.2836667 -3084.191815 -0
291.3003333 -3084.15058 -0
291.317 -3085.008572 -0
291.3336667 -3083.497419 -0
291.3503333 -3084.584952 -0
291.367 -3083.808904 -0
291.3836667 -3083.894243 -0
291.4003333 -3085.093412 -0
291.417 -3084.920825 -0
291.4336667 -3083.948987 -0
291.4503333 -3084.983356 -0
291.467 -3084.890218 -0
291.4836667 -3083.667873 -0
291.5003333 -3084.61017 -0
291.517 -3085.54953 -0
291.5336667 -3084.148987 -0
291.5503333 -3084.491815 -0
291.567 -3084.812444 -0
291.5836667 -3084.798623 -0
291.6003333 -3084.734908 -0
291.617 -3085.533307 -0
291.6336667 -3085.7444 -0
291.6503333 -3085.543047 -0
291.667 -3085.977991 -0
291.6836667 -3085.253811 -0
291.7003333 -3085.325116 -0
291.717 -3084.81687 -0
291.7336667 -3084.35058 -0
291.7503333 -3085.220825 -0
291.767 -3085.229151 -0
291.7836667 -3085.51847 -0
291.8003333 -3085.239824 -0
291.817 -3085.11847 -0
291.8336667 -3084.71687 -0
291.8503333 -3084.459253 -0
291.867 -3085.101818 -0
291.8836667 -3085.21017 -0
291.9003333 -3084.588144 -0
291.917 -3084.36244 -0
291.9336667 -3084.805013 -0
291.9503333 -3084.595524 -0
291.967 -3084.788144 -0
291.9836667 -3085.011769 -0
292.0003333 -3084.154763 -0
292.017 -3084.364033 -0
292.0336667 -3085.114966 -0
292.0503333 -3083.978034 -0
292.067 -3084.388144 -0
292.0836667 -3084.472656 -0
292.1003333 -3083.859253 -0
292.117 -3083.57346 -0
292.1336667 -3082.929413 -0
292.1503333 -3083.436255 -0
292.167 -3084.286548 -0
292.1836667 -3083.545955 -0
292.2003333 -3082.92742 -0
292.217 -3083.534664 -0
292.2336667 -3084.278034 -0
292.2503333 -3083.841853 -0
292.267 -3084.36228 -0
292.2836667 -3084.578034 -0
292.3003333 -3084.909806 -0
292.317 -3083.424889 -0
292.3336667 -3084.381224 -0
292.3503333 -3083.249812 -0
292.367 -3083.364033 -0
292.3836667 -3082.820121 -0
292.4003333 -3084.288144 -0
292.417 -3083.22171 -0
292.4336667 -3084.045037 -0
292.4503333 -3082.967247 -0
292.467 -3082.699479 -0
292.4836667 -3084.602992 -0
292.5003333 -3083.24421 -0
292.517 -3083.577438 -0
292.5336667 -3082.842619 -0
292.5503333 -3082.875844 -0
292.567 -3082.041028 -0
292.5836667 -3082.568902 -0
292.6003333 -3083.175844 -0
292.617 -3082.802992 -0
292.6336667 -3082.437846 -0
292.6503333 -3083.075844 -0
292.667 -3083.161728 -0
292.6836667 -3083.895667 -0
292.7003333 -3082.806945 -0
292.717 -3084.346136 -0
292.7336667 -3082.749667 -0
292.7503333 -3082.987068 -0
292.767 -3082.772 -0
292.7836667 -3082.806186 -0
292.8003333 -3082.2892 -0
292.817 -3082.154587 -0
292.8336667 -3082.24421 -0
292.8503333 -3082.880627 -0
292.867 -3082.551404 -0
292.8836667 -3082.787068 -0
292.9003333 -3082.761728 -0
292.917 -3082.954587 -0
292.9336667 -3082.306945 -0
292.9503333 -3082.290373 -0
292.967 -3082.41912 -0
292.9836667 -3083.298148 -0
293.0003333 -3083.3892 -0
293.017 -3083.186418 -0
293.0336667 -3083.604212 -0
293.0503333 -3084.373596 -0
293.067 -3084.122958 -0
293.0836667 -3084.347716 -0
293.1003333 -3083.113178 -0
293.117 -3084.139516 -0
293.1336667 -3084.321359 -0
293.1503333 -3084.971992 -0
293.167 -3084.94738 -0
293.1836667 -3084.616564 -0
293.2003333 -3084.129665 -0
293.217 -3084.56691 -0
293.2336667 -3083.728065 -0
293.2503333 -3085.303614 -0
293.267 -3085.411386 -0
293.2836667 -3084.463954 -0
293.3003333 -3085.203614 -0
293.317 -3086.15367 -0
293.3336667 -3085.111386 -0
293.3503333 -3085.956895 -0
293.367 -3085.07996 -0
293.3836667 -3085.395789 -0
293.4003333 -3086.103614 -0
293.417 -3085.740328 -0
293.4336667 -3085.834381 -0
293.4503333 -3086.477436 -0
293.467 -3086.549444 -0
293.4836667 -3086.049444 -0
293.5003333 -3086.264293 -0
293.517 -3086.293351 -0
293.5336667 -3086.493351 -0
293.5503333 -3087.962255 -0
293.567 -3087.135334 -0
293.5836667 -3088.373768 -0
293.6003333 -3087.642145 -0
293.617 -3086.814583 -0
293.6336667 -3087.455605 -0
293.6503333 -3086.712963 -0
293.667 -3086.814583 -0
293.6836667 -3087.470479 -0
293.7003333 -3087.45723 -0
293.717 -3086.078929 -0
293.7336667 -3086.507559 -0
293.7503333 -3086.916202 -0
293.767 -3087.363881 -0
293.7836667 -3087.575395 -0
293.8003333 -3087.042145 -0
293.817 -3087.297081 -0
293.8336667 -3087.681885 -0
293.8503333 -3088.313534 -0
293.867 -3087.788322 -0
293.8836667 -3087.788322 -0
293.9003333 -3087.690618 -0
293.917 -3086.742145 -0
293.9336667 -3087.048902 -0
293.9503333 -3087.685064 -0
293.967 -3087.273768 -0
293.9836667 -3086.848902 -0
294.0003333 -3087.688322 -0
294.017 -3087.788185 -0
294.0336667 -3087.473768 -0
294.0503333 -3088.305679 -0
294.067 -3088.225819 -0
294.0836667 -3088.096142 -0
294.1003333 -3087.035911 -0
294.117 -3086.637276 -0
294.1336667 -3087.786693 -0
294.1503333 -3087.34262 -0
294.167 -3086.825228 -0
294.1836667 -3086.718313 -0
294.2003333 -3087.542608 -0
294.217 -3087.975002 -0
294.2336667 -3088.077001 -0
294.2503333 -3087.888086 -0
294.267 -3087.525228 -0
294.2836667 -3088.770489 -0
294.3003333 -3088.668886 -0
294.317 -3087.749107 -0
294.3336667 -3088.594512 -0
294.3503333 -3087.645654 -0
294.367 -3087.611344 -0
294.3836667 -3087.64403 -0
294.4003333 -3087.518012 -0
294.417 -3087.93209 -0
294.4336667 -3088.659094 -0
294.4503333 -3087.845654 -0
294.467 -3087.545654 -0
294.4836667 -3087.216692 -0
294.5003333 -3086.901627 -0
294.517 -3088.672117 -0
294.5336667 -3088.678629 -0
294.5503333 -3086.995628 -0
294.567 -3088.020531 -0
294.5836667 -3087.920531 -0
294.6003333 -3087.452451 -0
294.617 -3087.397246 -0
294.6336667 -3088.241358 -0
294.6503333 -3088.265599 -0
294.667 -3088.345654 -0
294.6836667 -3087.62971 -0
294.7003333 -3087.620531 -0
294.717 -3088.13447 -0
294.7336667 -3088.835653 -0
294.7503333 -3088.557379 -0
294.767 -3088.332407 -0
294.7836667 -3087.899465 -0
294.8003333 -3088.610211 -0
294.817 -3088.195628 -0
294.8336667 -3089.035653 -0
294.8503333 -3088.810211 -0
294.867 -3088.918012 -0
294.8836667 -3089.33209 -0
294.9003333 -3089.518313 -0
294.917 -3088.785266 -0
294.9336667 -3089.038899 -0
294.9503333 -3089.002703 -0
294.967 -3088.804322 -0
294.9836667 -3088.497847 -0
295.0003333 -3087.957839 -0
295.017 -3088.926267 -0
295.0336667 -3088.70467 -0
295.0503333 -3089.463973 -0
295.067 -3088.509724 -0
295.0836667 -3088.623607 -0
295.1003333 -3088.713452 -0
295.117 -3088.301084 -0
295.1336667 -3088.928846 -0
295.1503333 -3089.768886 -0
295.167 -3088.706485 -0
295.1836667 -3088.279727 -0
295.2003333 -3089.673978 -0
295.217 -3088.715493 -0
295.2336667 -3089.006485 -0
295.2503333 -3088.906485 -0
295.267 -3087.842996 -0
295.2836667 -3089.962347 -0
295.3003333 -3088.796228 -0
295.317 -3089.025228 -0
295.3336667 -3089.33447 -0
295.3503333 -3088.911344 -0
295.367 -3089.237276 -0
295.3836667 -3088.316692 -0
295.4003333 -3089.268886 -0
295.417 -3090.202416 -0
295.4336667 -3089.137276 -0
295.4503333 -3089.046932 -0
295.467 -3089.565599 -0
295.4836667 -3090.070514 -0
295.5003333 -3089.637276 -0
295.517 -3090.796142 -0
295.5336667 -3090.055753 -0
295.5503333 -3090.159094 -0
295.567 -3089.744233 -0
295.5836667 -3090.076919 -0
295.6003333 -3088.999465 -0
295.617 -3089.976509 -0
295.6336667 -3089.040783 -0
295.6503333 -3088.806485 -0
295.667 -3089.967259 -0
295.6836667 -3089.940783 -0
295.7003333 -3089.278086 -0
295.717 -3089.720365 -0
295.7336667 -3089.513452 -0
295.7503333 -3089.713452 -0
295.767 -3089.917491 -0
295.7836667 -3089.427911 -0
295.8003333 -3090.364005 -0
295.817 -3088.97647 -0
295.8336667 -3090.053981 -0
295.8503333 -3091.523669 -0
295.867 -3090.570479 -0
295.8836667 -3092.042099 -0
295.9003333 -3090.736957 -0
295.917 -3092.032406 -0
295.9336667 -3091.943371 -0
295.9503333 -3090.917419 -0
295.967 -3090.911116 -0
295.9836667 -3090.908942 -0
296.0003333 -3090.370479 -0
296.017 -3090.789951 -0
296.0336667 -3090.478797 -0
296.0503333 -3090.250526 -0
296.067 -3090.477023 -0
296.0836667 -3090.377023 -0
296.1003333 -3090.816798 -0
296.117 -3090.363881 -0
296.1336667 -3089.098201 -0
296.1503333 -3089.663881 -0
296.167 -3089.765495 -0
296.1836667 -3090.470479 -0
296.2003333 -3090.158765 -0
296.217 -3089.930092 -0
296.2336667 -3091.083513 -0
296.2503333 -3091.121336 -0
296.267 -3090.377023 -0
296.2836667 -3089.963881 -0
296.3003333 -3090.489951 -0
296.317 -3089.436957 -0
296.3336667 -3089.209178 -0
296.3503333 -3090.272105 -0
296.367 -3089.760027 -0
296.3836667 -3090.470479 -0
296.4003333 -3089.930092 -0
296.417 -3090.25723 -0
296.4336667 -3089.236957 -0
296.4503333 -3089.763881 -0
296.467 -3090.163881 -0
296.4836667 -3090.598348 -0
296.5003333 -3089.843768 -0
296.517 -3090.15723 -0
296.5336667 -3089.012671 -0
296.5503333 -3089.843768 -0
296.567 -3090.250526 -0
296.5836667 -3089.617259 -0
296.6003333 -3089.938252 -0
296.617 -3089.736957 -0
296.6336667 -3090.65723 -0
296.6503333 -3090.563881 -0
296.667 -3089.963881 -0
296.6836667 -3089.543768 -0
296.7003333 -3089.570479 -0
296.717 -3089.643768 -0
296.7336667 -3089.830092 -0
296.7503333 -3089.530092 -0
296.767 -3089.238252 -0
296.7836667 -3088.051056 -0
296.8003333 -3088.258508 -0
296.817 -3088.473252 -0
296.8336667 -3088.873252 -0
296.8503333 -3089.202099 -0
296.867 -3088.18852 -0
296.8836667 -3088.051396 -0
296.9003333 -3087.635991 -0
296.917 -3088.580544 -0
296.9336667 -3088.465907 -0
296.9503333 -3088.473252 -0
296.967 -3088.802099 -0
296.9836667 -3089.031308 -0
297.0003333 -3087.614601 -0
297.017 -3087.745161 -0
297.0336667 -3087.882159 -0
297.0503333 -3088.202099 -0
297.067 -3087.652667 -0
297.0836667 -3087.863346 -0
297.1003333 -3087.435991 -0
297.117 -3088.08852 -0
297.1336667 -3087.456895 -0
297.1503333 -3088.080544 -0
297.167 -3087.335991 -0
297.1836667 -3088.151056 -0
297.2003333 -3087.221985 -0
297.217 -3087.328378 -0
297.2336667 -3087.665907 -0
297.2503333 -3087.435991 -0
297.267 -3088.087782 -0
297.2836667 -3086.820713 -0
297.3003333 -3087.235991 -0
297.317 -3087.328378 -0
297.3336667 -3087.505221 -0
297.3503333 -3088.294968 -0
297.367 -3087.335991 -0
297.3836667 -3086.265556 -0
297.4003333 -3087.455282 -0
297.417 -3086.919104 -0
297.4336667 -3086.473596 -0
297.4503333 -3086.997395 -0
297.467 -3086.588811 -0
297.4836667 -3085.507782 -0
297.5003333 -3086.357463 -0
297.517 -3085.848707 -0
297.5336667 -3086.565556 -0
297.5503333 -3086.873596 -0
297.567 -3087.089515 -0
297.5836667 -3086.740345 -0
297.6003333 -3086.565556 -0
297.617 -3086.749316 -0
297.6336667 -3086.137916 -0
297.6503333 -3086.532863 -0
297.667 -3086.414599 -0
297.6836667 -3086.632863 -0
297.7003333 -3086.941116 -0
297.717 -3086.382221 -0
297.7336667 -3086.832012 -0
297.7503333 -3085.990795 -0
297.767 -3087.039101 -0
297.7836667 -3086.199315 -0
297.8003333 -3085.573594 -0
297.817 -3086.849316 -0
297.8336667 -3085.856179 -0
297.8503333 -3086.899315 -0
297.867 -3086.373594 -0
297.8836667 -3086.664913 -0
297.9003333 -3086.805453 -0
297.917 -3087.09772 -0
297.9336667 -3086.996124 -0
297.9503333 -3086.570407 -0
297.967 -3086.154587 -0
297.9836667 -3085.956179 -0
298.0003333 -3086.172189 -0
298.017 -3087.850917 -0
298.0336667 -3087.207782 -0
298.0503333 -3087.641116 -0
298.067 -3086.047392 -0
298.0836667 -3085.864913 -0
298.1003333 -3086.400911 -0
298.117 -3087.857463 -0
298.1336667 -3086.782221 -0
298.1503333 -3087.116196 -0
298.167 -3086.69772 -0
298.1836667 -3086.036829 -0
298.2003333 -3085.702653 -0
298.217 -3085.175169 -0
298.2336667 -3085.793545 -0
298.2503333 -3086.873594 -0
298.267 -3085.793545 -0
298.2836667 -3086.032835 -0
298.3003333 -3085.096717 -0
298.317 -3085.676753 -0
298.3336667 -3086.229656 -0
298.3503333 -3086.102653 -0
298.367 -3086.329656 -0
298.3836667 -3086.547392 -0
298.4003333 -3086.964913 -0
298.417 -3086.102653 -0
298.4336667 -3085.864317 -0
298.4503333 -3085.247204 -0
298.467 -3085.347204 -0
298.4836667 -3085.247204 -0
298.5003333 -3085.244692 -0
298.517 -3085.035185 -0
298.5336667 -3085.037776 -0
298.5503333 -3085.745622 -0
298.567 -3085.956579 -0
298.5836667 -3085.463547 -0
298.6003333 -3085.748786 -0
298.617 -3086.511708 -0
298.6336667 -3085.548786 -0
298.6503333 -3085.128294 -0
298.667 -3085.972894 -0
298.6836667 -3085.429874 -0
298.7003333 -3085.956579 -0
298.717 -3086.701066 -0
298.7336667 -3086.528067 -0
298.7503333 -3085.962734 -0
298.767 -3085.953414 -0
298.7836667 -3085.837776 -0
298.8003333 -3087.420709 -0
298.817 -3086.265901 -0
298.8336667 -3086.164317 -0
298.8503333 -3087.011708 -0
298.867 -3086.711708 -0
298.8836667 -3086.265901 -0
298.9003333 -3086.484384 -0
298.917 -3303.025227 -0
298.9336667 -3035.101625 -0
298.9342227 -3034.513625 -0
298.9345007 -3033.999125 -0
298.9347787 -3033.411125 -0
298.9350557 -3032.829225 -0
298.9356117 -3032.198425 -0
298.9358897 -3031.757425 -0
298.9361667 -3031.212325 -0
298.9364447 -3030.734625 -0
298.9367227 -3030.324225 -0
298.9370007 -3029.956725 -0
298.9372787 -3029.515725 -0
298.9375557 -3029.074725 -0
298.9378337 -3028.633725 -0
298.9381117 -3028.199025 -0
298.9383897 -3027.825325 -0
298.9386667 -3027.421025 -0
298.9389447 -3026.943325 -0
298.9392227 -3026.502325 -0
298.9395007 -3026.067625 -0
298.9397787 -3025.700125 -0
298.9400557 -3025.259125 -0
298.9403337 -3024.854925 -0
298.9406117 -3024.444325 -0
298.9408897 -3024.009725 -0
298.9411667 -3023.642225 -0
298.9414447 -3023.231625 -0
298.9417227 -3022.833825 -0
298.9420007 -3022.423125 -0
298.9422787 -3022.025325 -0
298.9425557 -3021.688225 -0
298.9428337 -3021.253625 -0
298.9431117 -3020.849425 -0
298.9433897 -3020.475425 -0
298.9436667 -3020.077725 -0
298.9442227 -3019.373025 -0
298.9445007 -3018.938525 -0
298.9447787 -3018.644525 -0
298.9450557 -3018.240325 -0
298.9453337 -3017.799325 -0
298.9458897 -3017.101125 -0
298.9461667 -3016.696925 -0
298.9467227 -3015.998725 -0
298.9470007 -3015.631225 -0
298.9472787 -3015.227025 -0
298.9478337 -3014.602225 -0
298.9481117 -3014.161325 -0
298.9486667 -3013.463125 -0
298.9492227 -3012.764925 -0
298.9497787 -3012.066625 -0
298.9503337 -3011.368425 -0
298.9508897 -3010.670225 -0
298.9514447 -3009.972025 -0
298.9520007 -3009.273825 -0
298.9525557 -3008.612325 -0
298.9531117 -3007.914125 -0
298.9536667 -3007.252725 -0
298.9542227 -3006.554525 -0
298.9547787 -3005.893025 -0
298.9553337 -3005.268325 -0
298.9558897 -3004.570125 -0
298.9564447 -3003.982125 -0
298.9570007 -3003.283925 -0
298.9575557 -3002.629525 -0
298.9581117 -3002.034525 -0
298.9586667 -3001.343425 -0
298.9592227 -3000.748325 -0
298.9597787 -3000.160325 -0
298.9603337 -2999.498825 -0
298.9608897 -2998.881325 -0
298.9614447 -2998.212725 -0
298.9620007 -2997.624725 -0
298.9625557 -2997.036725 -0
298.9631117 -2996.412025 -0
298.9636667 -2995.794625 -0
298.9642227 -2995.169925 -0
298.9647787 -2994.611425 -0
298.9653337 -2994.023425 -0
298.9658897 -2993.406125 -0
298.9664447 -2992.781425 -0
298.9670007 -2992.259525 -0
298.9675557 -2991.642225 -0
298.9681117 -2991.091025 -0
298.9686667 -2990.466325 -0
298.9692227 -2989.878425 -0
298.9697787 -2989.363925 -0
298.9703337 -2988.812725 -0
298.9708897 -2988.188125 -0
298.9714447 -2987.666025 -0
298.9720007 -2987.085625 -0
298.9725557 -2986.534425 -0
298.9731117 -2985.983225 -0
298.9736667 -2985.395325 -0
298.9742227 -2984.844125 -0
298.9747787 -2984.329625 -0
298.9753337 -2983.778425 -0
298.9758897 -2983.256225 -0
298.9764447 -2982.676025 -0
298.9770007 -2982.088125 -0
298.9775557 -2981.573625 -0
298.9781117 -2981.022425 -0
298.9786667 -2980.508025 -0
298.9792227 -2979.993525 -0
298.9797787 -2979.479125 -0
298.9803337 -2978.964625 -0
298.9808897 -2978.413425 -0
298.9814447 -2977.899025 -0
298.9820007 -2977.347825 -0
298.9825557 -2976.906825 -0
298.9831117 -2976.355625 -0
298.9836667 -2975.841125 -0
298.9842227 -2975.326725 -0
298.9847787 -2974.812225 -0
298.9853337 -2974.297825 -0
298.9858897 -2973.783325 -0
298.9864447 -2973.305625 -0
298.9870007 -2972.864625 -0
298.9875557 -2972.378825 -0
298.9881117 -2971.799025 -0
298.9886667 -2971.321325 -0
298.9892227 -2970.843625 -0
298.9897787 -2970.329125 -0
298.9903337 -2969.851425 -0
298.9908897 -2969.410425 -0
298.9914447 -2968.932725 -0
298.9920007 -2968.455025 -0
298.9925557 -2967.940625 -0
298.9931117 -2967.426125 -0
298.9936667 -2966.985125 -0
298.9942227 -2966.470725 -0
298.9947787 -2966.029725 -0
298.9953337 -2965.552025 -0
298.9958897 -2965.074325 -0
298.9964447 -2964.596625 -0
298.9970007 -2964.155625 -0
298.9975557 -2963.714725 -0
298.9981117 -2963.237025 -0
298.9986667 -2962.796025 -0
298.9992227 -2962.318325 -0
298.9997787 -2961.840625 -0
299.0003337 -2961.399625 -0
299.0008897 -2960.995425 -0
299.0014447 -2960.481025 -0
299.0020007 -2960.040025 -0
299.0025557 -2959.635825 -0
299.0031117 -2959.194825 -0
299.0036667 -2958.753925 -0
299.0042227 -2958.239425 -0
299.0047787 -2957.835225 -0
299.0053337 -2957.394225 -0
299.0058897 -2956.916525 -0
299.0064447 -2956.512325 -0
299.0070007 -2956.071325 -0
299.0075557 -2955.667125 -0
299.0081117 -2955.189425 -0
299.0086667 -2954.785225 -0
299.0092227 -2954.344225 -0
299.0097787 -2953.940025 -0
299.0103337 -2953.499025 -0
299.0108897 -2953.066925 -0
299.0114447 -2952.617125 -0
299.0122787 -2952.029225 -0
299.0128337 -2951.588225 -0
299.0133897 -2951.184025 -0
299.0139447 -2950.779825 -0
299.0145007 -2950.384525 -0
299.0150557 -2949.971325 -0
299.0156117 -2949.567125 -0
299.0161667 -2949.162925 -0
299.0167227 -2948.758725 -0
299.0172787 -2948.317725 -0
299.0181117 -2947.729825 -0
299.0189447 -2947.141825 -0
299.0195007 -2946.737625 -0
299.0200557 -2946.305725 -0
299.0208897 -2945.745425 -0
299.0217227 -2945.194225 -0
299.0225557 -2944.606325 -0
299.0233897 -2944.091825 -0
299.0242227 -2943.503925 -0
299.0247787 -2943.099725 -0
299.0256117 -2942.658725 -0
299.0261667 -2942.217725 -0
299.0270007 -2941.776825 -0
299.0275557 -2941.372625 -0
299.0289447 -2940.931625 -0
299.0295007 -2940.527425 -0
299.0306117 -2939.902725 -0
299.0314447 -2939.388225 -0
299.0322787 -2938.763525 -0
299.0331117 -2938.285825 -0
299.0339447 -2937.734625 -0
299.0345007 -2937.293625 -0
299.0353337 -2936.779225 -0
299.0358897 -2936.301525 -0
299.0367227 -2935.750325 -0
299.0372787 -2935.346125 -0
299.0381117 -2934.794825 -0
299.0389447 -2934.206925 -0
299.0395007 -2933.802725 -0
299.0403337 -2933.278725 -0
299.0411667 -2932.727525 -0
299.0417227 -2932.332825 -0
299.0425557 -2931.808825 -0
299.0433897 -2931.267125 -0
299.0439447 -2930.853325 -0
299.0447787 -2930.311725 -0
299.0456117 -2929.760525 -0
299.0464447 -2929.209325 -0
299.0472787 -2928.721925 -0
299.0481117 -2928.170725 -0
299.0489447 -2927.656225 -0
299.0495007 -2927.261725 -0
299.0503337 -2926.774325 -0
299.0511667 -2926.259825 -0
299.0520007 -2925.708625 -0
299.0528337 -2925.230825 -0
299.0536667 -2924.726225 -0
299.0545007 -2924.211725 -0
299.0553337 -2923.734025 -0
299.0561667 -2923.283225 -0
299.0570007 -2922.768725 -0
299.0578337 -2922.254225 -0
299.0586667 -2921.739725 -0
299.0595007 -2921.188525 -0
299.0603337 -2920.710825 -0
299.0611667 -2920.196325 -0
299.0620007 -2919.755325 -0
299.0628337 -2919.240925 -0
299.0636667 -2918.763125 -0
299.0645007 -2918.285425 -0
299.0653337 -2917.770925 -0
299.0661667 -2917.293225 -0
299.0670007 -2916.815525 -0
299.0678337 -2916.374525 -0
299.0686667 -2915.933525 -0
299.0695007 -2915.455825 -0
299.0703337 -2915.014825 -0
299.0711667 -2914.573825 -0
299.0722787 -2914.059325 -0
299.0731117 -2913.655125 -0
299.0739447 -2913.250925 -0
299.0747787 -2912.809925 -0
299.0758897 -2912.295425 -0
299.0767227 -2911.891225 -0
299.0775557 -2911.450225 -0
299.0783897 -2911.046025 -0
299.0795007 -2910.494825 -0
299.0806117 -2910.017025 -0
299.0820007 -2909.576025 -0
299.0858897 -2909.051225 -0
299.0861667 -2908.647025 -0
299.0872787 -2908.216425 -0
299.0878337 -2907.765025 -0
299.0886667 -2907.360725 -0
299.0895007 -2906.809525 -0
299.0903337 -2906.405225 -0
299.0911667 -2905.927525 -0
299.0920007 -2905.486525 -0
299.0928337 -2905.008825 -0
299.0936667 -2904.567825 -0
299.0945007 -2904.090025 -0
299.0956117 -2903.575525 -0
299.0964447 -2903.097825 -0
299.0972787 -2902.693525 -0
299.0981117 -2902.289325 -0
299.0989447 -2901.848325 -0
299.0997787 -2901.444025 -0
299.1006117 -2901.039825 -0
299.1014447 -2900.635525 -0
299.1025557 -2900.121025 -0
299.1033897 -2899.716825 -0
299.1045007 -2899.239025 -0
299.1053337 -2898.834825 -0
299.1061667 -2898.430625 -0
299.1072787 -2897.952825 -0
299.1081117 -2897.548625 -0
299.1092227 -2897.070825 -0
299.1100557 -2896.655825 -0
299.1111667 -2896.188825 -0
299.1122787 -2895.737025 -0
299.1131117 -2895.306825 -0
299.1142227 -2894.829125 -0
299.1153337 -2894.377225 -0
299.1161667 -2893.983825 -0
299.1172787 -2893.532025 -0
299.1183897 -2893.028325 -0
299.1195007 -2892.576425 -0
299.1206117 -2892.135425 -0
299.1214447 -2891.731225 -0
299.1225557 -2891.290125 -0
299.1236667 -2890.849125 -0
299.1247787 -2890.371425 -0
299.1258897 -2889.893625 -0
299.1270007 -2889.415825 -0
299.1281117 -2888.974825 -0
299.1292227 -2888.497125 -0
299.1303337 -2888.056025 -0
299.1314447 -2887.578325 -0
299.1325557 -2887.174025 -0
299.1336667 -2886.696325 -0
299.1347787 -2886.218525 -0
299.1358897 -2885.766325 -0
299.1370007 -2885.299725 -0
299.1381117 -2884.895525 -0
299.1392227 -2884.417725 -0
299.1403337 -2883.976725 -0
299.1414447 -2883.561225 -0
299.1425557 -2883.120225 -0
299.1436667 -2882.690425 -0
299.1447787 -2882.274825 -0
299.1461667 -2881.797125 -0
299.1472787 -2881.392825 -0
299.1483897 -2880.926325 -0
299.1497787 -2880.474025 -0
299.1511667 -2880.058325 -0
299.1522787 -2879.628725 -0
299.1536667 -2879.187725 -0
299.1547787 -2878.783425 -0
299.1561667 -2878.305625 -0
299.1575557 -2877.853125 -0
299.1586667 -2877.460325 -0
299.1600557 -2876.982525 -0
299.1614447 -2876.504725 -0
299.1628337 -2876.026925 -0
299.1642227 -2875.549225 -0
299.1656117 -2875.108125 -0
299.1670007 -2874.630425 -0
299.1683897 -2874.152625 -0
299.1697787 -2873.736725 -0
299.1708897 -2873.332425 -0
299.1722787 -2872.854625 -0
299.1736667 -2872.450325 -0
299.1747787 -2872.057725 -0
299.1761667 -2871.579925 -0
299.1775557 -2871.138925 -0
299.1789447 -2870.722925 -0
299.1803337 -2870.281925 -0
299.1817227 -2869.840825 -0
299.1828337 -2869.411525 -0
299.1842227 -2868.995525 -0
299.1856117 -2868.554425 -0
299.1867227 -2868.150225 -0
299.1881117 -2867.709125 -0
299.1895007 -2867.231325 -0
299.1908897 -2866.790325 -0
299.1922787 -2866.312525 -0
299.1936667 -2865.871425 -0
299.1950557 -2865.430425 -0
299.1964447 -2864.989325 -0
299.1978337 -2864.511525 -0
299.1992227 -2864.033725 -0
299.2008897 -2863.555925 -0
299.2020007 -2863.114925 -0
299.2033897 -2862.637125 -0
299.2047787 -2862.220825 -0
299.2061667 -2861.755025 -0
299.2075557 -2861.314025 -0
299.2086667 -2860.909725 -0
299.2100557 -2860.468625 -0
299.2114447 -2859.990825 -0
299.2128337 -2859.513025 -0
299.2142227 -2859.096625 -0
299.2156117 -2858.618825 -0
299.2167227 -2858.226725 -0
299.2181117 -2857.773525 -0
299.2195007 -2857.332425 -0
299.2208897 -2856.854625 -0
299.2222787 -2856.450325 -0
299.2233897 -2856.046025 -0
299.2247787 -2855.641725 -0
299.2258897 -2855.237425 -0
299.2272787 -2854.833125 -0
299.2286667 -2854.392025 -0
299.2300557 -2853.950925 -0
299.2317227 -2853.436425 -0
299.2331117 -2853.019825 -0
299.2345007 -2852.591025 -0
299.2358897 -2852.186725 -0
299.2372787 -2851.745625 -0
299.2386667 -2851.341325 -0
299.2400557 -2850.863525 -0
299.2414447 -2850.459225 -0
299.2428337 -2850.018225 -0
299.2442227 -2849.577125 -0
299.2458897 -2849.099325 -0
299.2472787 -2848.695025 -0
299.2486667 -2848.290725 -0
299.2500557 -2847.910625 -0
299.2514447 -2847.445325 -0
299.2528337 -2847.041025 -0
299.2542227 -2846.599925 -0
299.2556117 -2846.146325 -0
299.2570007 -2845.717825 -0
299.2583897 -2845.337725 -0
299.2597787 -2844.946025 -0
299.2614447 -2844.529125 -0
299.2628337 -2844.124725 -0
299.2642227 -2843.683725 -0
299.2656117 -2843.242625 -0
299.2672787 -2842.801525 -0
299.2686667 -2842.397225 -0
299.2700557 -2841.992925 -0
299.2717227 -2841.515025 -0
299.2733897 -2841.037225 -0
299.2750557 -2840.596125 -0
299.2764447 -2840.191825 -0
299.2781117 -2839.714025 -0
299.2797787 -2839.272925 -0
299.2814447 -2838.831825 -0
299.2831117 -2838.354025 -0
299.2847787 -2837.949725 -0
299.2861667 -2837.545325 -0
299.2875557 -2837.141025 -0
299.2892227 -2836.723825 -0
299.2906117 -2836.295625 -0
299.2922787 -2835.915225 -0
299.2936667 -2835.487025 -0
299.2953337 -2835.033025 -0
299.2970007 -2834.628625 -0
299.2986667 -2834.150825 -0
299.3006117 -2833.672925 -0
299.3020007 -2833.281625 -0
299.3036667 -2832.901025 -0
299.3053337 -2832.459925 -0
299.3067227 -2832.055625 -0
299.3083897 -2831.651325 -0
299.3100557 -2831.246925 -0
299.3117227 -2830.769125 -0
299.3136667 -2830.291225 -0
299.3153337 -2829.886925 -0
299.3170007 -2829.482625 -0
299.3186667 -2829.078225 -0
299.3203337 -2828.673925 -0
299.3220007 -2828.293125 -0
299.3233897 -2827.902025 -0
299.3253337 -2827.484425 -0
299.3270007 -2827.080125 -0
299.3286667 -2826.652225 -0
299.3306117 -2826.197925 -0
299.3322787 -2825.793525 -0
299.3339447 -2825.389225 -0
299.3356117 -2824.984825 -0
299.3372787 -2824.543725 -0
299.3389447 -2824.139425 -0
299.3408897 -2823.661525 -0
299.3425557 -2823.257225 -0
299.3442227 -2822.876225 -0
299.3458897 -2822.448525 -0
299.3475557 -2822.067525 -0
299.3492227 -2821.589625 -0
299.3511667 -2821.125125 -0
299.3528337 -2820.720825 -0
299.3545007 -2820.242925 -0
299.3564447 -2819.825125 -0
299.3581117 -2819.420725 -0
299.3597787 -2818.979625 -0
299.3611667 -2818.588825 -0
299.3631117 -2818.170925 -0
299.3647787 -2817.766525 -0
299.3664447 -2817.325425 -0
299.3681117 -2816.921025 -0
299.3697787 -2816.516725 -0
299.3714447 -2816.112325 -0
299.3733897 -2815.671225 -0
299.3753337 -2815.216425 -0
299.3770007 -2814.825725 -0
299.3786667 -2814.421325 -0
299.3806117 -2813.980225 -0
299.3825557 -2813.539125 -0
299.3845007 -2813.121025 -0
299.3864447 -2812.693625 -0
299.3881117 -2812.275525 -0
299.3900557 -2811.871125 -0
299.3917227 -2811.466725 -0
299.3936667 -2811.062425 -0
299.3958897 -2810.598325 -0
299.3978337 -2810.180125 -0
299.3997787 -2809.775725 -0
299.4017227 -2809.371325 -0
299.4036667 -2808.967025 -0
299.4056117 -2808.562625 -0
299.4072787 -2808.158225 -0
299.4092227 -2807.753825 -0
299.4114447 -2807.312725 -0
299.4133897 -2806.931125 -0
299.4153337 -2806.540725 -0
299.4175557 -2806.159125 -0
299.4200557 -2805.754725 -0
299.4222787 -2805.313625 -0
299.4245007 -2804.909225 -0
299.4267227 -2804.504825 -0
299.4289447 -2804.026925 -0
299.4311667 -2803.599825 -0
299.4333897 -2803.218125 -0
299.4358897 -2802.776925 -0
299.4378337 -2802.372525 -0
299.4403337 -2801.931425 -0
299.4425557 -2801.527025 -0
299.4447787 -2801.085825 -0
299.4470007 -2800.667325 -0
299.4492227 -2800.240325 -0
299.4514447 -2799.835925 -0
299.4536667 -2799.431525 -0
299.4558897 -2799.012925 -0
299.4581117 -2798.586025 -0
299.4606117 -2798.167325 -0
299.4631117 -2797.726225 -0
299.4653337 -2797.285025 -0
299.4678337 -2796.858125 -0
299.4700557 -2796.439425 -0
299.4725557 -2796.035025 -0
299.4747787 -2795.593825 -0
299.4772787 -2795.189425 -0
299.4795007 -2794.785025 -0
299.4822787 -2794.343925 -0
299.4847787 -2793.902725 -0
299.4872787 -2793.520625 -0
299.4897787 -2793.079525 -0
299.4922787 -2792.675025 -0
299.4947787 -2792.270625 -0
299.4970007 -2791.866225 -0
299.4995007 -2791.461825 -0
299.5017227 -2791.057425 -0
299.5042227 -2790.652925 -0
299.5067227 -2790.211725 -0
299.5095007 -2789.770625 -0
299.5122787 -2789.366125 -0
299.5145007 -2788.961725 -0
299.5170007 -2788.520525 -0
299.5195007 -2788.138325 -0
299.5222787 -2787.711725 -0
299.5247787 -2787.329425 -0
299.5270007 -2786.925025 -0
299.5297787 -2786.483825 -0
299.5325557 -2786.042625 -0
299.5353337 -2785.638225 -0
299.5381117 -2785.233725 -0
299.5406117 -2784.829325 -0
299.5433897 -2784.424825 -0
299.5464447 -2784.020425 -0
299.5495007 -2783.616025 -0
299.5522787 -2783.211525 -0
299.5550557 -2782.829125 -0
299.5581117 -2782.402725 -0
299.5614447 -2781.983425 -0
299.5645007 -2781.542225 -0
299.5675557 -2781.137825 -0
299.5706117 -2780.733325 -0
299.5733897 -2780.307025 -0
299.5761667 -2779.924425 -0
299.5792227 -2779.520025 -0
299.5822787 -2779.078825 -0
299.5853337 -2778.637525 -0
299.5883897 -2778.233125 -0
299.5911667 -2777.850525 -0
299.5942227 -2777.461025 -0
299.5970007 -2777.056525 -0
299.6003337 -2776.673825 -0
299.6033897 -2776.284425 -0
299.6067227 -2775.901725 -0
299.6097787 -2775.497225 -0
299.6131117 -2775.092725 -0
299.6161667 -2774.703325 -0
299.6195007 -2774.320625 -0
299.6228337 -2773.916125 -0
299.6258897 -2773.511725 -0
299.6292227 -2773.128925 -0
299.6320007 -2772.739525 -0
299.6353337 -2772.335025 -0
299.6386667 -2771.930625 -0
299.6417227 -2771.547725 -0
299.6445007 -2771.158425 -0
299.6478337 -2770.775525 -0
299.6517227 -2770.371025 -0
299.6550557 -2769.966625 -0
299.6583897 -2769.562125 -0
299.6622787 -2769.157625 -0
299.6664447 -2768.753125 -0
299.6706117 -2768.370125 -0
299.6750557 -2767.981025 -0
299.6803337 -2767.597925 -0
299.6853337 -2767.156725 -0
299.6895007 -2766.752225 -0
299.6939447 -2766.347725 -0
299.6986667 -2765.964625 -0
299.7031117 -2765.538725 -0
299.7106117 -2765.155625 -0
299.7183897 -2764.751125 -0
299.7253337 -2764.346625 -0
299.7322787 -2763.963425 -0
299.7397787 -2763.537625 -0
299.7470007 -2763.154425 -0
299.7539447 -2762.749825 -0
299.7606117 -2762.366625 -0
299.7664447 -2761.977625 -0
299.7728337 -2761.594325 -0
299.7778337 -2761.168525 -0
299.7836667 -2760.785225 -0
299.7892227 -2760.380725 -0
299.7947787 -2759.976225 -0
299.8003337 -2759.592825 -0
299.8056117 -2759.203925 -0
299.8111667 -2758.820525 -0
299.8167227 -2758.415925 -0
299.8228337 -2758.011425 -0
299.8286667 -2757.606825 -0
299.8347787 -2757.186625 -0
299.8400557 -2756.782025 -0
299.8461667 -2756.377525 -0
299.8517227 -2755.936125 -0
299.8578337 -2755.531625 -0
299.8631117 -2755.127025 -0
299.8689447 -2754.706725 -0
299.8747787 -2754.302125 -0
299.8803337 -2753.897525 -0
299.8861667 -2753.492925 -0
299.8920007 -2753.088425 -0
299.8981117 -2752.704725 -0
299.9031117 -2752.316025 -0
299.9095007 -2751.911425 -0
299.9156117 -2751.527725 -0
299.9217227 -2751.123125 -0
299.9275557 -2750.718525 -0
299.9339447 -2750.334825 -0
299.9400557 -2749.946125 -0
299.9461667 -2749.562425 -0
299.9522787 -2749.157825 -0
299.9592227 -2748.716425 -0
299.9658897 -2748.332525 -0
299.9722787 -2747.907225 -0
299.9795007 -2747.523325 -0
299.9850557 -2747.118725 -0
299.9917227 -2746.714125 -0
299.9978337 -2746.330225 -0
300.0033897 -2745.941625 -0
300.0100557 -2745.500225 -0
300.0161667 -2745.116325 -0
300.0225557 -2744.711625 -0
300.0289447 -2744.307025 -0
300.0350557 -2743.902425 -0
300.0414447 -2743.497725 -0
300.0475557 -2743.113725 -0
300.0536667 -2742.725225 -0
300.0600557 -2742.341225 -0
300.0672787 -2741.936525 -0
300.0739447 -2741.531925 -0
300.0803337 -2741.127225 -0
300.0870007 -2740.743125 -0
300.0936667 -2740.338425 -0
300.1006117 -2739.933825 -0
300.1072787 -2739.529125 -0
300.1145007 -2739.124525 -0
300.1214447 -2738.719825 -0
300.1286667 -2738.335625 -0
300.1347787 -2737.947325 -0
300.1425557 -2737.563025 -0
300.1492227 -2737.158325 -0
300.1567227 -2736.753625 -0
300.1650557 -2736.369325 -0
300.1725557 -2735.964625 -0
300.1811667 -2735.559925 -0
300.1908897 -2735.155325 -0
300.2017227 -2734.824125 -0
300.2114447 -2734.419525 -0
300.2220007 -2734.014825 -0
300.2328337 -2733.630325 -0
300.2433897 -2733.225625 -0
300.2528337 -2732.820925 -0
300.2625557 -2732.416225 -0
300.2720007 -2732.011525 -0
300.2811667 -2731.627025 -0
300.2911667 -2731.222325 -0
300.2995007 -2730.817625 -0
300.3103337 -2730.486425 -0
300.3211667 -2730.265725 -0
300.3320007 -2730.008125 -0
300.3428337 -2729.807525 -0
300.3536667 -2729.586725 -0
300.3645007 -2729.329225 -0
300.3753337 -2729.034825 -0
300.3861667 -2728.703725 -0
300.3970007 -2728.409325 -0
300.4078337 -2728.041425 -0
300.4186667 -2727.767125 -0
300.4295007 -2727.509525 -0
300.4403337 -2727.195125 -0
300.4511667 -2726.920825 -0
300.4620007 -2726.589625 -0
300.4728337 -2726.258525 -0
300.4836667 -2725.910525 -0
300.4945007 -2725.505825 -0
300.5053337 -2725.137825 -0
300.5161667 -2724.769825 -0
300.5267227 -2724.385025 -0
300.5364447 -2723.997125 -0
300.5472787 -2723.649125 -0
300.5581117 -2723.244325 -0
300.5689447 -2722.913125 -0
300.5797787 -2722.581925 -0
300.5906117 -2722.250725 -0
300.6014447 -2721.939425 -0
300.6122787 -2721.608225 -0
300.6231117 -2721.240225 -0
300.6339447 -2720.909025 -0
300.6447787 -2720.541125 -0
300.6556117 -2720.209925 -0
300.6658897 -2719.805125 -0
300.6767227 -2719.437125 -0
300.6875557 -2719.088825 -0
300.6983897 -2718.720825 -0
300.7092227 -2718.316025 -0
300.7200557 -2717.948025 -0
300.7308897 -2717.543225 -0
300.7417227 -2717.175225 -0
300.7525557 -2716.770425 -0
300.7633897 -2716.458925 -0
300.7725557 -2716.071225 -0
300.7833897 -2715.722825 -0
300.7942227 -2715.354825 -0
300.8047787 -2714.950025 -0
300.8156117 -2714.582025 -0
300.8264447 -2714.250825 -0
300.8361667 -2713.846025 -0
300.8470007 -2713.514825 -0
300.8570007 -2713.109925 -0
300.8678337 -2712.778725 -0
300.8783897 -2712.373925 -0
300.8892227 -2712.062225 -0
300.8995007 -2711.637925 -0
300.9050557 -2711.473425 -0
300.9053337 -2710.847725 -0
300.9056117 -2711.326125 -0
300.9058897 -2711.878225 -0
300.9061667 -2711.858725 -0
300.9064447 -2710.700525 -0
300.9067227 -2711.343525 -0
300.9070007 -2711.564325 -0
300.9072787 -2711.105325 -0
300.9075557 -2711.858725 -0
300.9078337 -2711.105325 -0
300.9081117 -2710.865125 -0
300.9083897 -2711.711525 -0
300.9092227 -2711.289325 -0
300.9097787 -2711.068525 -0
300.9100557 -2711.564325 -0
300.9103337 -2711.564325 -0
300.9106117 -2710.921325 -0
300.9108897 -2711.326125 -0
300.9192227 -2710.938725 -0
300.9300557 -2710.626925 -0
300.9403337 -2710.239425 -0
300.9511667 -2709.890825 -0
300.9620007 -2709.486025 -0
300.9728337 -2709.118025 -0
300.9836667 -2708.786725 -0
300.9942227 -2708.381925 -0
301.0050557 -2708.013925 -0
301.0156117 -2707.609125 -0
301.0264447 -2707.277825 -0
301.0372787 -2706.929125 -0
301.0472787 -2706.541825 -0
301.0581117 -2706.173825 -0
301.0689447 -2705.825025 -0
301.0797787 -2705.437725 -0
301.0906117 -2705.088925 -0
301.1008897 -2704.684125 -0
301.1117227 -2704.352825 -0
301.1225557 -2703.984825 -0
301.1333897 -2703.616825 -0
301.1442227 -2703.248725 -0
301.1545007 -2702.843925 -0
301.1653337 -2702.512625 -0
301.1761667 -2702.144625 -0
301.1870007 -2701.795725 -0
301.1975557 -2701.408525 -0
301.2083897 -2701.059625 -0
301.2192227 -2700.691525 -0
301.2300557 -2700.323525 -0
301.2408897 -2699.955425 -0
301.2514447 -2699.568325 -0
301.2622787 -2699.237125 -0
301.2731117 -2698.869025 -0
301.2839447 -2698.501025 -0
301.2947787 -2698.133025 -0
301.3056117 -2697.782725 -0
301.3164447 -2697.433725 -0
301.3272787 -2697.083525 -0
301.3381117 -2696.715425 -0
301.3489447 -2696.347425 -0
301.3597787 -2696.016225 -0
301.3706117 -2695.684925 -0
301.3811667 -2695.298025 -0
301.3920007 -2695.003625 -0
301.4025557 -2694.616725 -0
301.4133897 -2694.322325 -0
301.4242227 -2693.972225 -0
301.4350557 -2693.622125 -0
301.4458897 -2693.291025 -0
301.4567227 -2692.940925 -0
301.4675557 -2692.609825 -0
301.4783897 -2692.278625 -0
301.4892227 -2691.928625 -0
301.5000557 -2691.615525 -0
301.5108897 -2691.265525 -0
301.5217227 -2690.934425 -0
301.5325557 -2690.621325 -0
301.5433897 -2690.253425 -0
301.5542227 -2689.922225 -0
301.5650557 -2689.591125 -0
301.5758897 -2689.278725 -0
301.5867227 -2688.984425 -0
301.5975557 -2688.634525 -0
301.6083897 -2688.303425 -0
301.6192227 -2687.972325 -0
301.6300557 -2687.641225 -0
301.6408897 -2687.310025 -0
301.6517227 -2687.015725 -0
301.6625557 -2686.629225 -0
301.6733897 -2686.316725 -0
301.6842227 -2685.966925 -0
301.6950557 -2685.635825 -0
301.7058897 -2685.322925 -0
301.7167227 -2685.010425 -0
301.7275557 -2684.697525 -0
301.7381117 -2684.311125 -0
301.7489447 -2684.053625 -0
301.7597787 -2683.685725 -0
301.7706117 -2683.354625 -0
301.7814447 -2683.023525 -0
301.7922787 -2682.747725 -0
301.8031117 -2682.324525 -0
301.8139447 -2682.048725 -0
301.8247787 -2681.717625 -0
301.8356117 -2681.386525 -0
301.8464447 -2681.092225 -0
301.8572787 -2680.779525 -0
301.8681117 -2680.522025 -0
301.8789447 -2680.227725 -0
301.8897787 -2679.933425 -0
301.9006117 -2679.602225 -0
301.9114447 -2679.307925 -0
301.9222787 -2679.013625 -0
301.9331117 -2678.700925 -0
301.9439447 -2678.425025 -0
301.9547787 -2678.130625 -0
301.9656117 -2677.799525 -0
301.9764447 -2677.505225 -0
301.9872787 -2677.210925 -0
301.9981117 -2676.879825 -0
302.0089447 -2676.640525 -0
302.0192227 -2676.254325 -0
302.0300557 -2675.960025 -0
302.0408897 -2675.720725 -0
302.0517227 -2675.334625 -0
302.0625557 -2675.058525 -0
302.0733897 -2674.764225 -0
302.0842227 -2674.433025 -0
302.0950557 -2674.138725 -0
302.1058897 -2673.807625 -0
302.1167227 -2673.513325 -0
302.1275557 -2673.218925 -0
302.1383897 -2672.906025 -0
302.1492227 -2672.648425 -0
302.1600557 -2672.317325 -0
302.1708897 -2671.986125 -0
302.1817227 -2671.655025 -0
302.1925557 -2671.397525 -0
302.2033897 -2671.066325 -0
302.2142227 -2670.790125 -0
302.2250557 -2670.495725 -0
302.2325557 -2670.532525 -0
302.2328337 -2670.072925 -0
302.2331117 -2670.532525 -0
302.2333897 -2669.870225 -0
302.2339447 -2670.274925 -0
302.2447787 -2669.907025 -0
302.2556117 -2669.649425 -0
302.2664447 -2669.281525 -0
302.2772787 -2669.005225 -0
302.2881117 -2668.710825 -0
302.2989447 -2668.379625 -0
302.3097787 -2668.085325 -0
302.3206117 -2667.790925 -0
302.3314447 -2667.459825 -0
302.3422787 -2667.165425 -0
302.3531117 -2666.853125 -0
302.3639447 -2666.576725 -0
302.3747787 -2666.227625 -0
302.3856117 -2665.933225 -0
302.3964447 -2665.638925 -0
302.4072787 -2665.362425 -0
302.4181117 -2665.031325 -0
302.4289447 -2664.736925 -0
302.4397787 -2664.442525 -0
302.4506117 -2664.129225 -0
302.4614447 -2663.834925 -0
302.4722787 -2663.540525 -0
302.4831117 -2663.246125 -0
302.4939447 -2662.951725 -0
302.5047787 -2662.620625 -0
302.5156117 -2662.344025 -0
302.5264447 -2662.049625 -0
302.5372787 -2661.755225 -0
302.5481117 -2661.460825 -0
302.5589447 -2661.129725 -0
302.5697787 -2660.854325 -0
302.5806117 -2660.540925 -0
302.5914447 -2660.246525 -0
302.6022787 -2659.952125 -0
302.6131117 -2659.694525 -0
302.6239447 -2659.400225 -0
302.6347787 -2659.105825 -0
302.6456117 -2658.865925 -0
302.6564447 -2658.534725 -0
302.6672787 -2658.240325 -0
302.6781117 -2657.982725 -0
302.6889447 -2657.688325 -0
302.6997787 -2657.393925 -0
302.7106117 -2657.136325 -0
302.7214447 -2656.841925 -0
302.7322787 -2656.547525 -0
302.7431117 -2656.253125 -0
302.7539447 -2655.978025 -0
302.7647787 -2655.664325 -0
302.7756117 -2655.406725 -0
302.7864447 -2655.094825 -0
302.7972787 -2654.800425 -0
302.8081117 -2654.542825 -0
302.8189447 -2654.211725 -0
302.8297787 -2653.954125 -0
302.8406117 -2653.659725 -0
302.8514447 -2653.402125 -0
302.8622787 -2653.090225 -0
302.8731117 -2652.795925 -0
302.8839447 -2652.501525 -0
302.8947787 -2652.189725 -0
302.9056117 -2651.949625 -0
302.9164447 -2651.674625 -0
302.9272787 -2651.380225 -0
302.9381117 -2651.103225 -0
302.9489447 -2650.845725 -0
302.9597787 -2650.551325 -0
302.9706117 -2650.239525 -0
302.9814447 -2649.962525 -0
302.9922787 -2649.650825 -0
303.0031117 -2649.393225 -0
303.0139447 -2649.062125 -0
303.0247787 -2648.824025 -0
303.0356117 -2648.529625 -0
303.0464447 -2648.254825 -0
303.0572787 -2647.960425 -0
303.0681117 -2647.702925 -0
303.0789447 -2647.425825 -0
303.0897787 -2647.114225 -0
303.1006117 -2646.839425 -0
303.1114447 -2646.545125 -0
303.1222787 -2646.307125 -0
303.1331117 -2645.993225 -0
303.1439447 -2645.735625 -0
303.1547787 -2645.441325 -0
303.1656117 -2645.166625 -0
303.1764447 -2644.872225 -0
303.1872787 -2644.577925 -0
303.1981117 -2644.337625 -0
303.2089447 -2644.026125 -0
303.2197787 -2643.731725 -0
303.2306117 -2643.457125 -0
303.2414447 -2643.216725 -0
303.2522787 -2642.959225 -0
303.2631117 -2642.664825 -0
303.2739447 -2642.353425 -0
303.2847787 -2642.113025 -0
303.2956117 -2641.818725 -0
303.3064447 -2641.544025 -0
303.3172787 -2641.286525 -0
303.3281117 -2640.992225 -0
303.3389447 -2640.697925 -0
303.3497787 -2640.386525 -0
303.3606117 -2640.146125 -0
303.3714447 -2639.871525 -0
303.3822787 -2639.577225 -0
303.3931117 -2639.302725 -0
303.4039447 -2639.045225 -0
303.4147787 -2638.787725 -0
303.4256117 -2638.493425 -0
303.4364447 -2638.235925 -0
303.4472787 -2637.924625 -0
303.4581117 -2637.667225 -0
303.4689447 -2637.372925 -0
303.4797787 -2637.115425 -0
303.4906117 -2636.857925 -0
303.5014447 -2636.583525 -0
303.5122787 -2636.289225 -0
303.5231117 -2636.068525 -0
303.5333897 -2635.791125 -0
303.5336667 -2635.001825 -0
303.5339447 -2635.737425 -0
303.5345007 -2635.994925 -0
303.5347787 -2635.075325 -0
303.5350557 -2635.737425 -0
303.5356117 -2635.553525 -0
303.5358897 -2636.105325 -0
303.5361667 -2635.443225 -0
303.5364447 -2635.332825 -0
303.5367227 -2635.884625 -0
303.5389447 -2635.443225 -0
303.5497787 -2635.406425 -0
303.5606117 -2635.095325 -0
303.5714447 -2634.837825 -0
303.5822787 -2634.563525 -0
303.5931117 -2634.342825 -0
303.6039447 -2634.031725 -0
303.6147787 -2633.737525 -0
303.6256117 -2633.483225 -0
303.6364447 -2633.225725 -0
303.6472787 -2632.968325 -0
303.6581117 -2632.694025 -0
303.6689447 -2632.399825 -0
303.6797787 -2632.162425 -0
303.6906117 -2631.961825 -0
303.7014447 -2631.630825 -0
303.7122787 -2631.356725 -0
303.7231117 -2631.119325 -0
303.7339447 -2630.845225 -0
303.7447787 -2630.571125 -0
303.7556117 -2630.333825 -0
303.7664447 -2630.043025 -0
303.7772787 -2629.785625 -0
303.7881117 -2629.528325 -0
303.7989447 -2629.254225 -0
303.8097787 -2628.996925 -0
303.8206117 -2628.722925 -0
303.8314447 -2628.465625 -0
303.8422787 -2628.191625 -0
303.8531117 -2627.954425 -0
303.8639447 -2627.680525 -0
303.8747787 -2627.386425 -0
303.8856117 -2627.149225 -0
303.8964447 -2626.912125 -0
303.9072787 -2626.601425 -0
303.9181117 -2626.380925 -0
303.9289447 -2626.123625 -0
303.9397787 -2625.866425 -0
303.9506117 -2625.609125 -0
303.9614447 -2625.335225 -0
303.9722787 -2625.061425 -0
303.9831117 -2624.804225 -0
303.9939447 -2624.583625 -0
304.0047787 -2624.309925 -0
304.0156117 -2624.015925 -0
304.0264447 -2623.778925 -0
304.0372787 -2623.521625 -0
304.0481117 -2623.247925 -0
304.0589447 -2622.994525 -0
304.0697787 -2622.737225 -0
304.0806117 -2622.447125 -0
304.0914447 -2622.189925 -0
304.1022787 -2621.969425 -0
304.1131117 -2621.679425 -0
304.1239447 -2621.405825 -0
304.1347787 -2621.185325 -0
304.1456117 -2620.895325 -0
304.1564447 -2620.638225 -0
304.1672787 -2620.401425 -0
304.1781117 -2620.144225 -0
304.1889447 -2619.870725 -0
304.1997787 -2619.597225 -0
304.2106117 -2619.376825 -0
304.2214447 -2619.119725 -0
304.2322787 -2618.846225 -0
304.2431117 -2618.572725 -0
304.2539447 -2618.315625 -0
304.2647787 -2618.078925 -0
304.2756117 -2617.842225 -0
304.2864447 -2617.532125 -0
304.2972787 -2617.279225 -0
304.3081117 -2617.022125 -0
304.3189447 -2616.785525 -0
304.3297787 -2616.528425 -0
304.3406117 -2616.308125 -0
304.3514447 -2616.034825 -0
304.3622787 -2615.761525 -0
304.3731117 -2615.541125 -0
304.3839447 -2615.267925 -0
304.3947787 -2614.994625 -0
304.4056117 -2614.794825 -0
304.4164447 -2614.521625 -0
304.4272787 -2614.248425 -0
304.4381117 -2614.011925 -0
304.4489447 -2613.771125 -0
304.4597787 -2613.497925 -0
304.4706117 -2613.261525 -0
304.4814447 -2613.004525 -0
304.4922787 -2612.731425 -0
304.5031117 -2612.511125 -0
304.5139447 -2612.254125 -0
304.5247787 -2611.997225 -0
304.5356117 -2611.760825 -0
304.5464447 -2611.519925 -0
304.5572787 -2611.246925 -0
304.5681117 -2611.026625 -0
304.5789447 -2610.733025 -0
304.5897787 -2610.476025 -0
304.6006117 -2610.255725 -0
304.6114447 -2610.035525 -0
304.6222787 -2609.762525 -0
304.6331117 -2609.484925 -0
304.6439447 -2609.264625 -0
304.6547787 -2609.028325 -0
304.6656117 -2608.787425 -0
304.6764447 -2608.530425 -0
304.6872787 -2608.294225 -0
304.6981117 -2608.037225 -0
304.7089447 -2607.780325 -0
304.7197787 -2607.596725 -0
304.7306117 -2607.339825 -0
304.7414447 -2607.066925 -0
304.7522787 -2606.846625 -0
304.7631117 -2606.589725 -0
304.7739447 -2606.316825 -0
304.7847787 -2606.096625 -0
304.7956117 -2605.839625 -0
304.8064447 -2605.619425 -0
304.8172787 -2605.399225 -0
304.8281117 -2605.142225 -0
304.8389447 -2604.885325 -0
304.8497787 -2604.665125 -0
304.8606117 -2604.429025 -0
304.8714447 -2604.187925 -0
304.8822787 -2603.951825 -0
304.8931117 -2603.694925 -0
304.9039447 -2603.474725 -0
304.9147787 -2603.238625 -0
304.9256117 -2602.960825 -0
304.9364447 -2602.724825 -0
304.9472787 -2602.467925 -0
304.9581117 -2602.211025 -0
304.9689447 -2601.990825 -0
304.9797787 -2601.718125 -0
304.9906117 -2601.461225 -0
305.0014447 -2601.241025 -0
305.0122787 -2601.020725 -0
305.0231117 -2600.763825 -0
305.0339447 -2600.527925 -0
305.0447787 -2600.271025 -0
305.0556117 -2600.066525 -0
305.0664447 -2599.809625 -0
305.0772787 -2599.573725 -0
305.0881117 -2599.316825 -0
305.0989447 -2599.096625 -0
305.1097787 -2598.839725 -0
305.1206117 -2598.603825 -0
305.1314447 -2598.346925 -0
305.1422787 -2598.126725 -0
305.1531117 -2597.906625 -0
305.1639447 -2597.686425 -0
305.1747787 -2597.429525 -0
305.1856117 -2597.172625 -0
305.1964447 -2596.936825 -0
305.2072787 -2596.732225 -0
305.2181117 -2596.512025 -0
305.2289447 -2596.202825 -0
305.2397787 -2595.982625 -0
305.2506117 -2595.762525 -0
305.2614447 -2595.542325 -0
305.2722787 -2595.322125 -0
305.2831117 -2595.065225 -0
305.2939447 -2594.845025 -0
305.3047787 -2594.603725 -0
305.3156117 -2594.383525 -0
305.3264447 -2594.163325 -0
305.3372787 -2593.906425 -0
305.3481117 -2593.686225 -0
305.3589447 -2593.429325 -0
305.3697787 -2593.224625 -0
305.3806117 -2592.967725 -0
305.3914447 -2592.768725 -0
305.4022787 -2592.564025 -0
305.4131117 -2592.307125 -0
305.4239447 -2592.071525 -0
305.4347787 -2591.851325 -0
305.4456117 -2591.609825 -0
305.4564447 -2591.389625 -0
305.4672787 -2591.132725 -0
305.4781117 -2590.949225 -0
305.4889447 -2590.692325 -0
305.4997787 -2590.472125 -0
305.5106117 -2590.251925 -0
305.5214447 -2589.995025 -0
305.5322787 -2589.774825 -0
305.5431117 -2589.554625 -0
305.5539447 -2589.334425 -0
305.5647787 -2589.092825 -0
305.5756117 -2588.872625 -0
305.5864447 -2588.637125 -0
305.5972787 -2588.432225 -0
305.6081117 -2588.212025 -0
305.6189447 -2587.955125 -0
305.6297787 -2587.734925 -0
305.6406117 -2587.514725 -0
305.6514447 -2587.294525 -0
305.6622787 -2587.074325 -0
305.6731117 -2586.854125 -0
305.6839447 -2586.612425 -0
305.6947787 -2586.392225 -0
305.7056117 -2586.172025 -0
305.7164447 -2585.951825 -0
305.7272787 -2585.694825 -0
305.7381117 -2585.511325 -0
305.7489447 -2585.291125 -0
305.7597787 -2585.086125 -0
305.7706117 -2584.792525 -0
305.7814447 -2584.572225 -0
305.7922787 -2584.373525 -0
305.8031117 -2584.168525 -0
305.8139447 -2583.948325 -0
305.8247787 -2583.691325 -0
305.8356117 -2583.434425 -0
305.8464447 -2583.266025 -0
305.8572787 -2583.045825 -0
305.8650557 -2582.663625 -0
305.8656117 -2582.605325 -0
305.8658897 -2583.266025 -0
305.8661667 -2581.981325 -0
305.8664447 -2582.899025 -0
305.8670007 -2582.700325 -0
305.8672787 -2583.082525 -0
305.8675557 -2582.531925 -0
305.8683897 -2582.972425 -0
305.8700557 -2582.935725 -0
305.8703337 -2582.480125 -0
305.8811667 -2582.568625 -0
305.8920007 -2582.348425 -0
305.9028337 -2582.128225 -0
305.9136667 -2581.923025 -0
305.9245007 -2581.666125 -0
305.9353337 -2581.445825 -0
305.9461667 -2581.262325 -0
305.9570007 -2581.042125 -0
305.9678337 -2580.800225 -0
305.9786667 -2580.601625 -0
305.9895007 -2580.418025 -0
306.0003337 -2580.161125 -0
306.0111667 -2579.940925 -0
306.0220007 -2579.720625 -0
306.0328337 -2579.515425 -0
306.0436667 -2579.295125 -0
306.0545007 -2579.074925 -0
306.0653337 -2578.854625 -0
306.0761667 -2578.634425 -0
306.0870007 -2578.414225 -0
306.0978337 -2578.230625 -0
306.1086667 -2578.010425 -0
306.1195007 -2577.790125 -0
306.1303337 -2577.569925 -0
306.1411667 -2577.386325 -0
306.1520007 -2577.129425 -0
306.1628337 -2576.909125 -0
306.1736667 -2576.667125 -0
306.1845007 -2576.468625 -0
306.1953337 -2576.248425 -0
306.2061667 -2576.101625 -0
306.2170007 -2575.844625 -0
306.2278337 -2575.661125 -0
306.2386667 -2575.404125 -0
306.2495007 -2575.235425 -0
306.2603337 -2575.000325 -0
306.2711667 -2574.816825 -0
306.2820007 -2574.574725 -0
306.2928337 -2574.376325 -0
306.3036667 -2574.156125 -0
306.3145007 -2573.972525 -0
306.3253337 -2573.730425 -0
306.3361667 -2573.546825 -0
306.3470007 -2573.326625 -0
306.3578337 -2573.106325 -0
306.3686667 -2572.908025 -0
306.3795007 -2572.687725 -0
306.3903337 -2572.504225 -0
306.4011667 -2572.269225 -0
306.4120007 -2572.085725 -0
306.4228337 -2571.850725 -0
306.4336667 -2571.630525 -0
306.4445007 -2571.410325 -0
306.4553337 -2571.248725 -0
306.4661667 -2571.028525 -0
306.4770007 -2570.793625 -0
306.4878337 -2570.595425 -0
306.4986667 -2570.375225 -0
306.5095007 -2570.177025 -0
306.5203337 -2569.942125 -0
306.5311667 -2569.758625 -0
306.5420007 -2569.523825 -0
306.5528337 -2569.340325 -0
306.5636667 -2569.142225 -0
306.5745007 -2568.922025 -0
306.5853337 -2568.709225 -0
306.5961667 -2568.525825 -0
306.6070007 -2568.291025 -0
306.6178337 -2568.070825 -0
306.6286667 -2567.887425 -0
306.6395007 -2567.667225 -0
306.6503337 -2567.469225 -0
306.6611667 -2567.285725 -0
306.6720007 -2567.065625 -0
306.6828337 -2566.830925 -0
306.6936667 -2566.647425 -0
306.7045007 -2566.449425 -0
306.7153337 -2566.266025 -0
306.7261667 -2566.031325 -0
306.7370007 -2565.833325 -0
306.7478337 -2565.649925 -0
306.7586667 -2565.466525 -0
306.7695007 -2565.231825 -0
306.7803337 -2565.033925 -0
306.7911667 -2564.850525 -0
306.8020007 -2564.630425 -0
306.8128337 -2564.432525 -0
306.8236667 -2564.234625 -0
306.8345007 -2564.014525 -0
306.8453337 -2563.831125 -0
306.8561667 -2563.611025 -0
306.8670007 -2563.427625 -0
306.8778337 -2563.229725 -0
306.8886667 -2563.009725 -0
306.8995007 -2562.811825 -0
306.9103337 -2562.614025 -0
306.9211667 -2562.394025 -0
306.9320007 -2562.232825 -0
306.9428337 -2562.012825 -0
306.9536667 -2561.829425 -0
306.9645007 -2561.594925 -0
306.9753337 -2561.411625 -0
306.9861667 -2561.213825 -0
306.9970007 -2560.993825 -0
307.0078337 -2560.796025 -0
307.0186667 -2560.612725 -0
307.0295007 -2560.429325 -0
307.0403337 -2560.194925 -0
307.0511667 -2560.025925 -0
307.0620007 -2559.813925 -0
307.0728337 -2559.630525 -0
307.0836667 -2559.396225 -0
307.0945007 -2559.212925 -0
307.1053337 -2559.029525 -0
307.1161667 -2558.795225 -0
307.1270007 -2558.648525 -0
307.1378337 -2558.414225 -0
307.1486667 -2558.230925 -0
307.1595007 -2558.019025 -0
307.1703337 -2557.835725 -0
307.1811667 -2557.638125 -0
307.1920007 -2557.440625 -0
307.2028337 -2557.220625 -0
307.2136667 -2557.059725 -0
307.2245007 -2556.876425 -0
307.2353337 -2556.678925 -0
307.2461667 -2556.481425 -0
307.2570007 -2556.298125 -0
307.2678337 -2556.063925 -0
307.2786667 -2555.917325 -0
307.2895007 -2555.683225 -0
307.3003337 -2555.536525 -0
307.3111667 -2555.302425 -0
307.3220007 -2555.105025 -0
307.3328337 -2554.921725 -0
307.3436667 -2554.724325 -0
307.3545007 -2554.526925 -0
307.3653337 -2554.343625 -0
307.3761667 -2554.160425 -0
307.3870007 -2553.999625 -0
307.3978337 -2553.779725 -0
307.4086667 -2553.574025 -0
307.4195007 -2553.354125 -0
307.4303337 -2553.207525 -0
307.4411667 -2552.973525 -0
307.4520007 -2552.790225 -0
307.4628337 -2552.607025 -0
307.4736667 -2552.409725 -0
307.4845007 -2552.249025 -0
307.4953337 -2552.043225 -0
307.5061667 -2551.845925 -0
307.5170007 -2551.648625 -0
307.5278337 -2551.428725 -0
307.5386667 -2551.282225 -0
307.5495007 -2551.098925 -0
307.5603337 -2550.915725 -0
307.5711667 -2550.732525 -0
307.5820007 -2550.498625 -0
307.5928337 -2550.315425 -0
307.6036667 -2550.132225 -0
307.6145007 -2549.935025 -0
307.6253337 -2549.751825 -0
307.6361667 -2549.568525 -0
307.6470007 -2549.385325 -0
307.6578337 -2549.202125 -0
307.6686667 -2548.982325 -0
307.6795007 -2548.799125 -0
307.6903337 -2548.615925 -0
307.7011667 -2548.396025 -0
307.7120007 -2548.212825 -0
307.7228337 -2547.993025 -0
307.7336667 -2547.846425 -0
307.7445007 -2547.649325 -0
307.7553337 -2547.466125 -0
307.7661667 -2547.268925 -0
307.7770007 -2547.071825 -0
307.7878337 -2546.925325 -0
307.7986667 -2546.705525 -0
307.8095007 -2546.522325 -0
307.8203337 -2546.339125 -0
307.8311667 -2546.142025 -0
307.8420007 -2545.945025 -0
307.8528337 -2545.775725 -0
307.8636667 -2545.592525 -0
307.8745007 -2545.372725 -0
307.8853337 -2545.189525 -0
307.8961667 -2545.006325 -0
307.9070007 -2544.823125 -0
307.9178337 -2544.626125 -0
307.9286667 -2544.442925 -0
307.9395007 -2544.259725 -0
307.9503337 -2544.076625 -0
307.9611667 -2543.879625 -0
307.9720007 -2543.659825 -0
307.9828337 -2543.513325 -0
307.9936667 -2543.330125 -0
308.0045007 -2543.110325 -0
308.0153337 -2542.927125 -0
308.0261667 -2542.757725 -0
308.0370007 -2542.574525 -0
308.0478337 -2542.354725 -0
308.0586667 -2542.208225 -0
308.0695007 -2542.011325 -0
308.0803337 -2541.851025 -0
308.0911667 -2541.644925 -0
308.1020007 -2541.461825 -0
308.1128337 -2541.301525 -0
308.1236667 -2541.081725 -0
308.1345007 -2540.898625 -0
308.1453337 -2540.729125 -0
308.1561667 -2540.532225 -0
308.1670007 -2540.349125 -0
308.1778337 -2540.202625 -0
308.1886667 -2540.005725 -0
308.1995007 -2539.822625 -0
308.2103337 -2539.639425 -0
308.2211667 -2539.442625 -0
308.2320007 -2539.259425 -0
308.2428337 -2539.112925 -0
308.2536667 -2538.879525 -0
308.2645007 -2538.696425 -0
308.2753337 -2538.513225 -0
308.2861667 -2538.330125 -0
308.2970007 -2538.133325 -0
308.3078337 -2537.950225 -0
308.3186667 -2537.803725 -0
308.3295007 -2537.570325 -0
308.3403337 -2537.423825 -0
308.3511667 -2537.240725 -0
308.3620007 -2537.057625 -0
308.3728337 -2536.860925 -0
308.3836667 -2536.691325 -0
308.3945007 -2536.494625 -0
308.4053337 -2536.348125 -0
308.4161667 -2536.128425 -0
308.4270007 -2535.981925 -0
308.4378337 -2535.798825 -0
308.4486667 -2535.602125 -0
308.4595007 -2535.419025 -0
308.4703337 -2535.235925 -0
308.4811667 -2535.089425 -0
308.4920007 -2534.869625 -0
308.5028337 -2534.723125 -0
308.5136667 -2534.526525 -0
308.5245007 -2534.343425 -0
308.5353337 -2534.173825 -0
308.5461667 -2533.990725 -0
308.5570007 -2533.807625 -0
308.5678337 -2533.647625 -0
308.5786667 -2533.478025 -0
308.5895007 -2533.281425 -0
308.6003337 -2533.111725 -0
308.6111667 -2532.915225 -0
308.6220007 -2532.732125 -0
308.6328337 -2532.549025 -0
308.6436667 -2532.365825 -0
308.6545007 -2532.196125 -0
308.6653337 -2532.013025 -0
308.6761667 -2531.829925 -0
308.6870007 -2531.646825 -0
308.6978337 -2531.477125 -0
308.7086667 -2531.317225 -0
308.7195007 -2531.134125 -0
308.7303337 -2530.950925 -0
308.7411667 -2530.754525 -0
308.7520007 -2530.608025 -0
308.7628337 -2530.424925 -0
308.7736667 -2530.241825 -0
308.7845007 -2530.058725 -0
308.7953337 -2529.898825 -0
308.8061667 -2529.692425 -0
308.8170007 -2529.509325 -0
308.8278337 -2529.362825 -0
308.8386667 -2529.179725 -0
308.8495007 -2528.996625 -0
308.8603337 -2528.800225 -0
308.8711667 -2528.653725 -0
308.8820007 -2528.470625 -0
308.8928337 -2528.287525 -0
308.9036667 -2528.104425 -0
308.9145007 -2527.971225 -0
308.9253337 -2527.788125 -0
308.9361667 -2527.618225 -0
308.9470007 -2527.435125 -0
308.9578337 -2527.252025 -0
308.9686667 -2527.068925 -0
308.9795007 -2526.899025 -0
308.9903337 -2526.715925 -0
309.0011667 -2526.569425 -0
309.0120007 -2526.386225 -0
309.0228337 -2526.226525 -0
309.0336667 -2526.043425 -0
309.0425557 -2525.896925 -0
309.0428337 -2525.018025 -0
309.0431117 -2525.896925 -0
309.0436667 -2526.080025 -0
309.0439447 -2525.603925 -0
309.0447787 -2526.116725 -0
309.0450557 -2526.299825 -0
309.0453337 -2525.750425 -0
309.0456117 -2525.530725 -0
309.0458897 -2526.153325 -0
309.0461667 -2525.664025 -0
309.0464447 -2526.299825 -0
309.0467227 -2525.787125 -0
309.0575557 -2525.677225 -0
309.0683897 -2525.494125 -0
309.0792227 -2525.311025 -0
309.0900557 -2525.127825 -0
309.1008897 -2525.018025 -0
309.1117227 -2524.821725 -0
309.1225557 -2524.638625 -0
309.1333897 -2524.492125 -0
309.1442227 -2524.295925 -0
309.1550557 -2524.149425 -0
309.1658897 -2523.966325 -0
309.1767227 -2523.806725 -0
309.1875557 -2523.623625 -0
309.1983897 -2523.477125 -0
309.2092227 -2523.330625 -0
309.2200557 -2523.134425 -0
309.2308897 -2522.964425 -0
309.2417227 -2522.768225 -0
309.2525557 -2522.621825 -0
309.2633897 -2522.475325 -0
309.2742227 -2522.328825 -0
309.2850557 -2522.132725 -0
309.2958897 -2521.949625 -0
309.3067227 -2521.803125 -0
309.3175557 -2521.669725 -0
309.3283897 -2521.437025 -0
309.3392227 -2521.290525 -0
309.3500557 -2521.107425 -0
309.3608897 -2520.960925 -0
309.3717227 -2520.814525 -0
309.3825557 -2520.594825 -0
309.3933897 -2520.448325 -0
309.4042227 -2520.265225 -0
309.4150557 -2520.118725 -0
309.4258897 -2519.935725 -0
309.4367227 -2519.752625 -0
309.4475557 -2519.606125 -0
309.4583897 -2519.459625 -0
309.4692227 -2519.276625 -0
309.4800557 -2519.130125 -0
309.4908897 -2518.897425 -0
309.5017227 -2518.787625 -0
309.5125557 -2518.580825 -0
309.5233897 -2518.397725 -0
309.5342227 -2518.275025 -0
309.5450557 -2518.091925 -0
309.5558897 -2517.895925 -0
309.5667227 -2517.749425 -0
309.5775557 -2517.603025 -0
309.5883897 -2517.407025 -0
309.5992227 -2517.260625 -0
309.6100557 -2517.127025 -0
309.6208897 -2516.931125 -0
309.6317227 -2516.784625 -0
309.6425557 -2516.588725 -0
309.6533897 -2516.442225 -0
309.6642227 -2516.259225 -0
309.6750557 -2516.112725 -0
309.6858897 -2515.916825 -0
309.6967227 -2515.757525 -0
309.7075557 -2515.587325 -0
309.7183897 -2515.428025 -0
309.7292227 -2515.294425 -0
309.7400557 -2515.098625 -0
309.7508897 -2514.915525 -0
309.7617227 -2514.769125 -0
309.7725557 -2514.609825 -0
309.7833897 -2514.463425 -0
309.7942227 -2514.280425 -0
309.8050557 -2514.121225 -0
309.8158897 -2513.938125 -0
309.8267227 -2513.791725 -0
309.8375557 -2513.608725 -0
309.8483897 -2513.462225 -0
309.8592227 -2513.279225 -0
309.8700557 -2513.132825 -0
309.8808897 -2512.962525 -0
309.8917227 -2512.816025 -0
309.9025557 -2512.669625 -0
309.9133897 -2512.486625 -0
309.9242227 -2512.340125 -0
309.9350557 -2512.169825 -0
309.9458897 -2512.023425 -0
309.9567227 -2511.853025 -0
309.9675557 -2511.670025 -0
309.9783897 -2511.536225 -0
309.9892227 -2511.389825 -0
310.0000557 -2511.219425 -0
310.0108897 -2511.073025 -0
310.0217227 -2510.889925 -0
310.0325557 -2510.756125 -0
310.0433897 -2510.609625 -0
310.0542227 -2510.439225 -0
310.0650557 -2510.280125 -0
310.0758897 -2510.133725 -0
310.0867227 -2509.926625 -0
310.0975557 -2509.816725 -0
310.1083897 -2509.633725 -0
310.1192227 -2509.463225 -0
310.1300557 -2509.316725 -0
310.1408897 -2509.170325 -0
310.1517227 -2509.036425 -0
310.1625557 -2508.853325 -0
310.1733897 -2508.706825 -0
310.1842227 -2508.536325 -0
310.1950557 -2508.389825 -0
310.2058897 -2508.243425 -0
310.2167227 -2508.072825 -0
310.2275557 -2507.926325 -0
310.2383897 -2507.779925 -0
310.2492227 -2507.633425 -0
310.2600557 -2507.450325 -0
310.2708897 -2507.352925 -0
310.2817227 -2507.169825 -0
310.2925557 -2507.035925 -0
310.3033897 -2506.889425 -0
310.3142227 -2506.706325 -0
310.3250557 -2506.559825 -0
310.3358897 -2506.413325 -0
310.3467227 -2506.230225 -0
310.3575557 -2506.096225 -0
310.3683897 -2505.937225 -0
310.3792227 -2505.790725 -0
310.3900557 -2505.644225 -0
310.4008897 -2505.521825 -0
310.4117227 -2505.338725 -0
310.4225557 -2505.179825 -0
310.4333897 -2505.009125 -0
310.4442227 -2504.886825 -0
310.4550557 -2504.703725 -0
310.4658897 -2504.593825 -0
310.4767227 -2504.410725 -0
310.4875557 -2504.264325 -0
310.4983897 -2504.142025 -0
310.5092227 -2503.983125 -0
310.5200557 -2503.800025 -0
310.5308897 -2503.653525 -0
310.5417227 -2503.531225 -0
310.5525557 -2503.348225 -0
310.5633897 -2503.189325 -0
310.5742227 -2503.079525 -0
310.5850557 -2502.896425 -0
310.5958897 -2502.749925 -0
310.6067227 -2502.603425 -0
310.6175557 -2502.457025 -0
310.6283897 -2502.310525 -0
310.6392227 -2502.151725 -0
310.6500557 -2502.017625 -0
310.6608897 -2501.858825 -0
310.6717227 -2501.712325 -0
310.6825557 -2501.565925 -0
310.6933897 -2501.456025 -0
310.7042227 -2501.273025 -0
310.7150557 -2501.126525 -0
310.7258897 -2500.967725 -0
310.7367227 -2500.857925 -0
310.7475557 -2500.711425 -0
310.7583897 -2500.528425 -0
310.7692227 -2500.418525 -0
310.7800557 -2500.235525 -0
310.7908897 -2500.125625 -0
310.8017227 -2499.979225 -0
310.8125557 -2499.796125 -0
310.8233897 -2499.649625 -0
310.8342227 -2499.527525 -0
310.8450557 -2499.381125 -0
310.8558897 -2499.198025 -0
310.8667227 -2499.051625 -0
310.8775557 -2498.941725 -0
310.8883897 -2498.783125 -0
310.8992227 -2498.600025 -0
310.9100557 -2498.453625 -0
310.9208897 -2498.307125 -0
310.9317227 -2498.160725 -0
310.9425557 -2498.002025 -0
310.9533897 -2497.843425 -0
310.9642227 -2497.696925 -0
310.9750557 -2497.550525 -0
310.9858897 -2497.404125 -0
310.9967227 -2497.282125 -0
311.0075557 -2497.099025 -0
311.0183897 -2496.940425 -0
311.0292227 -2496.794025 -0
311.0400557 -2496.647625 -0
311.0508897 -2496.489025 -0
311.0617227 -2496.342625 -0
311.0725557 -2496.220625 -0
311.0833897 -2496.037625 -0
311.0942227 -2495.879025 -0
311.1050557 -2495.769225 -0
311.1158897 -2495.610725 -0
311.1267227 -2495.464325 -0
311.1375557 -2495.269125 -0
311.1483897 -2495.159325 -0
311.1592227 -2495.012925 -0
311.1700557 -2494.854425 -0
311.1808897 -2494.708025 -0
311.1917227 -2494.549525 -0
311.2025557 -2494.403225 -0
311.2133897 -2494.256825 -0
311.2242227 -2494.110425 -0
311.2350557 -2493.988525 -0
311.2458897 -2493.842125 -0
311.2567227 -2493.695825 -0
311.2675557 -2493.537325 -0
311.2783897 -2493.427525 -0
311.2892227 -2493.281125 -0
311.3000557 -2493.086125 -0
311.3108897 -2492.976325 -0
311.3217227 -2492.830025 -0
311.3325557 -2492.683625 -0
311.3433897 -2492.525225 -0
311.3542227 -2492.415425 -0
311.3650557 -2492.269125 -0
311.3758897 -2492.122725 -0
311.3867227 -2492.000925 -0
311.3975557 -2491.854525 -0
311.4083897 -2491.732825 -0
311.4192227 -2491.586425 -0
311.4300557 -2491.464625 -0
311.4408897 -2491.354925 -0
311.4517227 -2491.196525 -0
311.4625557 -2491.074825 -0
311.4733897 -2490.928525 -0
311.4842227 -2490.806725 -0
311.4950557 -2490.648425 -0
311.5058897 -2490.538725 -0
311.5167227 -2490.380425 -0
311.5275557 -2490.258725 -0
311.5383897 -2490.148925 -0
311.5492227 -2489.990625 -0
311.5600557 -2489.844325 -0
311.5708897 -2489.734625 -0
311.5817227 -2489.576325 -0
311.5925557 -2489.454725 -0
311.6033897 -2489.333025 -0
311.6142227 -2489.186725 -0
311.6250557 -2489.028525 -0
311.6358897 -2488.918825 -0
311.6467227 -2488.760625 -0
311.6575557 -2488.638925 -0
311.6683897 -2488.529225 -0
311.6792227 -2488.382925 -0
311.6900557 -2488.224825 -0
311.7008897 -2488.139725 -0
311.7117227 -2487.993525 -0
311.7225557 -2487.883725 -0
311.7333897 -2487.762225 -0
311.7442227 -2487.640625 -0
311.7550557 -2487.494325 -0
311.7658897 -2487.372725 -0
311.7767227 -2487.251225 -0
311.7875557 -2487.141525 -0
311.7983897 -2487.020025 -0
311.8092227 -2486.873725 -0
311.8200557 -2486.752225 -0
311.8308897 -2486.642525 -0
311.8417227 -2486.521025 -0
311.8525557 -2486.411325 -0
311.8633897 -2486.253225 -0
311.8742227 -2486.168325 -0
311.8850557 -2486.022025 -0
311.8958897 -2485.912425 -0
311.9067227 -2485.717825 -0
311.9175557 -2485.644725 -0
311.9283897 -2485.535025 -0
311.9392227 -2485.377025 -0
311.9500557 -2485.267325 -0
311.9608897 -2485.109325 -0
311.9717227 -2484.999625 -0
311.9825557 -2484.890025 -0
311.9933897 -2484.743825 -0
312.0042227 -2484.634125 -0
312.0150557 -2484.439625 -0
312.0258897 -2484.366525 -0
312.0367227 -2484.256825 -0
312.0475557 -2484.110625 -0
312.0583897 -2483.964425 -0
312.0692227 -2483.854725 -0
312.0800557 -2483.733325 -0
312.0908897 -2483.587125 -0
312.1017227 -2483.465725 -0
312.1125557 -2483.367825 -0
312.1233897 -2483.258225 -0
312.1342227 -2483.100225 -0
312.1450557 -2482.954125 -0
312.1558897 -2482.844425 -0
312.1667227 -2482.734825 -0
312.1775557 -2482.613425 -0
312.1883897 -2482.503825 -0
312.1992227 -2482.357625 -0
312.2100557 -2482.247925 -0
312.2208897 -2482.101725 -0
312.2317227 -2481.992125 -0
312.2425557 -2481.845925 -0
312.2533897 -2481.736325 -0
312.2642227 -2481.590125 -0
312.2750557 -2481.492125 -0
312.2858897 -2481.382525 -0
312.2967227 -2481.224625 -0
312.3075557 -2481.090125 -0
312.3183897 -2480.980425 -0
312.3292227 -2480.834225 -0
312.3400557 -2480.724625 -0
312.3508897 -2480.651525 -0
312.3617227 -2480.468725 -0
312.3725557 -2480.359125 -0
312.3833897 -2480.249425 -0
312.3942227 -2480.091625 -0
312.4050557 -2479.982025 -0
312.4158897 -2479.872325 -0
312.4267227 -2479.726125 -0
312.4375557 -2479.616525 -0
312.4483897 -2479.470325 -0
312.4592227 -2479.360725 -0
312.4700557 -2479.214525 -0
312.4808897 -2479.104825 -0
312.4917227 -2478.995225 -0
312.5025557 -2478.849025 -0
312.5133897 -2478.739425 -0
312.5242227 -2478.581625 -0
312.5350557 -2478.483525 -0
312.5458897 -2478.362325 -0
312.5567227 -2478.252725 -0
312.5675557 -2478.106525 -0
312.5783897 -2477.996925 -0
312.5892227 -2477.839125 -0
312.6000557 -2477.766025 -0
312.6108897 -2477.656425 -0
312.6217227 -2477.462125 -0
312.6325557 -2477.364025 -0
312.6433897 -2477.254425 -0
312.6542227 -2477.144825 -0
312.6650557 -2476.998625 -0
312.6758897 -2476.877425 -0
312.6867227 -2476.767825 -0
312.6975557 -2476.621625 -0
312.7083897 -2476.512025 -0
312.7192227 -2476.354325 -0
312.7300557 -2476.233225 -0
312.7408897 -2476.160125 -0
312.7517227 -2476.002525 -0
312.7625557 -2475.892925 -0
312.7733897 -2475.746725 -0
312.7842227 -2475.625625 -0
312.7950557 -2475.516025 -0
312.8058897 -2475.442925 -0
312.8167227 -2475.285325 -0
312.8275557 -2475.212225 -0
312.8383897 -2475.066125 -0
312.8492227 -2474.945025 -0
312.8600557 -2474.810325 -0
312.8708897 -2474.689325 -0
312.8817227 -2474.616225 -0
312.8925557 -2474.470025 -0
312.9033897 -2474.360425 -0
312.9142227 -2474.214325 -0
312.9250557 -2474.093325 -0
312.9358897 -2473.983725 -0
312.9467227 -2473.874125 -0
312.9575557 -2473.716525 -0
312.9683897 -2473.643425 -0
312.9792227 -2473.497325 -0
312.9900557 -2473.387725 -0
313.0008897 -2473.266725 -0
313.0117227 -2473.193725 -0
313.0225557 -2473.047525 -0
313.0333897 -2472.937925 -0
313.0442227 -2472.780425 -0
313.0550557 -2472.670825 -0
313.0658897 -2472.549925 -0
313.0767227 -2472.476825 -0
313.0875557 -2472.330725 -0
313.0983897 -2472.209725 -0
313.1092227 -2472.136725 -0
313.1200557 -2471.979225 -0
313.1308897 -2471.869625 -0
313.1417227 -2471.760125 -0
313.1525557 -2471.602625 -0
313.1633897 -2471.529625 -0
313.1742227 -2471.408725 -0
313.1850557 -2471.262625 -0
313.1958897 -2471.189525 -0
313.2067227 -2471.043425 -0
313.2175557 -2470.922525 -0
313.2283897 -2470.813025 -0
313.2392227 -2470.703425 -0
313.2500557 -2470.582525 -0
313.2608897 -2470.436425 -0
313.2717227 -2470.363425 -0
313.2825557 -2470.253825 -0
313.2933897 -2470.096425 -0
313.3042227 -2469.986925 -0
313.3150557 -2469.866025 -0
313.3258897 -2469.756525 -0
313.3367227 -2469.646925 -0
313.3475557 -2469.537425 -0
313.3583897 -2469.427825 -0
313.3692227 -2469.307025 -0
313.3800557 -2469.160925 -0
313.3908897 -2469.087925 -0
313.4017227 -2468.930625 -0
313.4125557 -2468.821025 -0
313.4233897 -2468.711525 -0
313.4342227 -2468.601925 -0
313.4450557 -2468.481125 -0
313.4558897 -2468.371625 -0
313.4667227 -2468.262025 -0
313.4775557 -2468.152525 -0
313.4883897 -2467.995225 -0
313.4992227 -2467.922225 -0
313.5100557 -2467.812625 -0
313.5208897 -2467.703125 -0
313.5317227 -2467.545825 -0
313.5425557 -2467.436325 -0
313.5533897 -2467.326825 -0
313.5642227 -2467.217225 -0
313.5750557 -2467.133025 -0
313.5858897 -2466.987025 -0
313.5967227 -2466.877425 -0
313.6075557 -2466.804425 -0
313.6183897 -2466.683725 -0
313.6292227 -2466.537725 -0
313.6400557 -2466.428125 -0
313.6508897 -2466.318625 -0
313.6617227 -2466.197925 -0
313.6725557 -2466.124925 -0
313.6833897 -2465.978925 -0
313.6942227 -2465.869325 -0
313.7050557 -2465.785225 -0
313.7158897 -2465.639225 -0
313.7267227 -2465.529625 -0
313.7375557 -2465.445525 -0
313.7483897 -2465.299525 -0
313.7592227 -2465.189925 -0
313.7700557 -2465.116925 -0
313.7808897 -2464.970925 -0
313.7917227 -2464.861425 -0
313.8025557 -2464.740825 -0
313.8133897 -2464.631225 -0
313.8242227 -2464.521725 -0
313.8350557 -2464.412225 -0
313.8458897 -2464.291625 -0
313.8567227 -2464.182125 -0
313.8675557 -2464.109125 -0
313.8783897 -2463.952025 -0
313.8892227 -2463.890125 -0
313.9000557 -2463.769525 -0
313.9108897 -2463.623525 -0
313.9217227 -2463.550525 -0
313.9325557 -2463.429925 -0
313.9433897 -2463.320425 -0
313.9542227 -2463.210925 -0
313.9575557 -2463.247425 -0
313.9578337 -2462.772925 -0
313.9581117 -2463.648925 -0
313.9583897 -2462.006425 -0
313.9586667 -2463.101425 -0
313.9592227 -2462.882425 -0
313.9595007 -2463.466425 -0
313.9597787 -2462.699925 -0
313.9600557 -2462.783925 -0
313.9603337 -2463.174425 -0
313.9711667 -2462.991925 -0
313.9820007 -2462.918925 -0
313.9928337 -2462.798325 -0
314.0036667 -2462.725325 -0
314.0145007 -2462.604825 -0
314.0253337 -2462.495325 -0
314.0361667 -2462.422325 -0
314.0470007 -2462.312825 -0
314.0578337 -2462.192325 -0
314.0686667 -2462.130325 -0
314.0795007 -2461.973325 -0
314.0903337 -2461.863825 -0
314.1011667 -2461.743325 -0
314.1120007 -2461.706825 -0
314.1228337 -2461.560825 -0
314.1336667 -2461.476925 -0
314.1445007 -2461.367425 -0
314.1553337 -2461.246925 -0
314.1661667 -2461.137425 -0
314.1770007 -2461.017025 -0
314.1878337 -2460.907525 -0
314.1986667 -2460.834525 -0
314.2095007 -2460.750525 -0
314.2203337 -2460.593625 -0
314.2311667 -2460.484125 -0
314.2420007 -2460.374725 -0
314.2528337 -2460.290725 -0
314.2636667 -2460.181325 -0
314.2745007 -2460.060825 -0
314.2853337 -2459.940425 -0
314.2961667 -2459.831025 -0
314.3070007 -2459.747125 -0
314.3178337 -2459.626725 -0
314.3286667 -2459.517225 -0
314.3395007 -2459.396925 -0
314.3503337 -2459.313025 -0
314.3611667 -2459.203525 -0
314.3720007 -2459.083225 -0
314.3828337 -2458.973725 -0
314.3936667 -2458.889825 -0
314.4045007 -2458.769525 -0
314.4153337 -2458.660125 -0
314.4261667 -2458.539725 -0
314.4370007 -2458.455925 -0
314.4478337 -2458.299125 -0
314.4586667 -2458.189725 -0
314.4695007 -2458.105825 -0
314.4803337 -2457.985525 -0
314.4911667 -2457.901725 -0
314.5020007 -2457.792325 -0
314.5128337 -2457.672025 -0
314.5236667 -2457.562625 -0
314.5345007 -2457.442325 -0
314.5453337 -2457.332925 -0
314.5561667 -2457.223525 -0
314.5670007 -2457.114125 -0
314.5778337 -2457.004725 -0
314.5886667 -2456.895425 -0
314.5995007 -2456.775125 -0
314.6103337 -2456.702225 -0
314.6211667 -2456.592825 -0
314.6320007 -2456.446925 -0
314.6428337 -2456.337525 -0
314.6536667 -2456.228125 -0
314.6645007 -2456.107925 -0
314.6753337 -2456.035025 -0
314.6861667 -2455.925625 -0
314.6970007 -2455.779725 -0
314.7078337 -2455.670425 -0
314.7186667 -2455.597425 -0
314.7295007 -2455.451625 -0
314.7403337 -2455.378625 -0
314.7511667 -2455.280025 -0
314.7620007 -2455.170725 -0
314.7728337 -2455.014025 -0
314.7836667 -2454.951925 -0
314.7945007 -2454.806025 -0
314.8053337 -2454.733125 -0
314.8161667 -2454.587225 -0
314.8270007 -2454.477825 -0
314.8378337 -2454.379225 -0
314.8486667 -2454.295525 -0
314.8595007 -2454.196925 -0
314.8703337 -2454.087525 -0
314.8811667 -2453.941625 -0
314.8920007 -2453.868725 -0
314.9028337 -2453.733525 -0
314.9136667 -2453.660625 -0
314.9245007 -2453.514725 -0
314.9353337 -2453.416125 -0
314.9461667 -2453.306625 -0
314.9570007 -2453.197225 -0
314.9678337 -2453.135025 -0
314.9786667 -2452.989125 -0
314.9895007 -2452.879725 -0
315.0003337 -2452.770325 -0
315.0111667 -2452.660925 -0
315.0220007 -2452.562225 -0
315.0328337 -2452.489325 -0
315.0436667 -2452.343425 -0
315.0545007 -2452.234025 -0
315.0653337 -2452.124525 -0
315.0761667 -2452.015125 -0
315.0870007 -2451.905725 -0
315.0978337 -2451.807025 -0
315.1086667 -2451.697525 -0
315.1195007 -2451.624625 -0
315.1303337 -2451.515225 -0
315.1411667 -2451.369325 -0
315.1520007 -2451.296325 -0
315.1628337 -2451.150525 -0
315.1736667 -2451.051725 -0
315.1845007 -2450.978725 -0
315.1953337 -2450.869325 -0
315.2061667 -2450.759925 -0
315.2170007 -2450.650525 -0
315.2278337 -2450.577525 -0
315.2386667 -2450.395125 -0
315.2495007 -2450.296325 -0
315.2603337 -2450.223425 -0
315.2711667 -2450.103425 -0
315.2820007 -2450.030425 -0
315.2928337 -2449.884525 -0
315.3036667 -2449.785725 -0
315.3145007 -2449.665725 -0
315.3253337 -2449.592725 -0
315.3361667 -2449.493925 -0
315.3470007 -2449.348025 -0
315.3578337 -2449.275025 -0
315.3686667 -2449.165625 -0
315.3795007 -2449.056225 -0
315.3903337 -2448.946825 -0
315.4011667 -2448.837325 -0
315.4120007 -2448.727925 -0
315.4228337 -2448.618525 -0
315.4336667 -2448.509025 -0
315.4445007 -2448.436125 -0
315.4553337 -2448.326725 -0
315.4661667 -2448.217225 -0
315.4770007 -2448.071325 -0
315.4878337 -2447.998425 -0
315.4986667 -2447.889025 -0
315.5095007 -2447.779525 -0
315.5203337 -2447.706625 -0
315.5311667 -2447.550225 -0
315.5420007 -2447.451325 -0
315.5528337 -2447.341825 -0
315.5636667 -2447.268925 -0
315.5745007 -2447.159525 -0
315.5853337 -2447.050025 -0
315.5961667 -2446.940625 -0
315.6070007 -2446.831225 -0
315.6178337 -2446.721825 -0
315.6286667 -2446.612325 -0
315.6395007 -2446.539425 -0
315.6503337 -2446.430025 -0
315.6611667 -2446.320525 -0
315.6720007 -2446.174625 -0
315.6828337 -2446.101725 -0
315.6936667 -2446.028725 -0
315.7045007 -2445.919325 -0
315.7153337 -2445.846425 -0
315.7261667 -2445.700525 -0
315.7370007 -2445.627525 -0
315.7478337 -2445.471225 -0
315.7586667 -2445.361725 -0
315.7695007 -2445.288825 -0
315.7803337 -2445.189825 -0
315.7911667 -2445.069925 -0
315.8020007 -2444.960525 -0
315.8128337 -2444.851125 -0
315.8236667 -2444.778225 -0
315.8345007 -2444.668725 -0
315.8453337 -2444.522825 -0
315.8561667 -2444.449925 -0
315.8670007 -2444.376925 -0
315.8778337 -2444.257125 -0
315.8886667 -2444.158125 -0
315.8995007 -2444.012225 -0
315.9103337 -2443.928925 -0
315.9211667 -2443.866325 -0
315.9320007 -2443.710025 -0
315.9428337 -2443.637125 -0
315.9536667 -2443.527725 -0
315.9645007 -2443.454725 -0
315.9753337 -2443.334925 -0
315.9861667 -2443.199425 -0
315.9970007 -2443.126525 -0
316.0078337 -2442.980625 -0
316.0186667 -2442.897325 -0
316.0295007 -2442.787925 -0
316.0403337 -2442.714925 -0
316.0511667 -2442.605525 -0
316.0620007 -2442.496125 -0
316.0728337 -2442.412825 -0
316.0836667 -2442.313725 -0
316.0945007 -2442.194025 -0
316.1053337 -2442.121125 -0
316.1161667 -2442.011625 -0
316.1270007 -2441.902225 -0
316.1378337 -2441.829325 -0
316.1486667 -2441.719925 -0
316.1595007 -2441.600225 -0
316.1703337 -2441.490825 -0
316.1811667 -2441.381425 -0
316.1920007 -2441.308425 -0
316.2028337 -2441.199025 -0
316.2136667 -2441.115825 -0
316.2245007 -2441.006425 -0
316.2353337 -2440.923225 -0
316.2461667 -2440.813825 -0
316.2570007 -2440.704425 -0
316.2678337 -2440.621225 -0
316.2786667 -2440.501525 -0
316.2895007 -2440.402425 -0
316.3003337 -2440.319225 -0
316.3111667 -2440.209825 -0
316.3220007 -2440.136925 -0
316.3328337 -2440.017225 -0
316.3436667 -2439.907825 -0
316.3545007 -2439.824725 -0
316.3653337 -2439.678825 -0
316.3761667 -2439.605925 -0
316.3870007 -2439.496525 -0
316.3978337 -2439.413425 -0
316.4086667 -2439.304025 -0
316.4195007 -2439.231125 -0
316.4303337 -2439.111525 -0
316.4411667 -2439.002125 -0
316.4520007 -2438.929225 -0
316.4628337 -2438.856325 -0
316.4736667 -2438.736725 -0
316.4845007 -2438.590825 -0
316.4953337 -2438.481525 -0
316.5061667 -2438.408625 -0
316.5170007 -2438.289025 -0
316.5278337 -2438.226325 -0
316.5386667 -2438.106725 -0
316.5495007 -2437.987225 -0
316.5603337 -2437.914325 -0
316.5711667 -2437.794725 -0
316.5820007 -2437.685325 -0
316.5928337 -2437.602325 -0
316.6036667 -2437.482725 -0
316.6145007 -2437.409825 -0
316.6253337 -2437.300525 -0
316.6361667 -2437.154725 -0
316.6470007 -2437.071625 -0
316.6578337 -2436.998725 -0
316.6686667 -2436.889425 -0
316.6795007 -2436.816525 -0
316.6903337 -2436.707125 -0
316.7011667 -2436.551225 -0
316.7120007 -2436.478325 -0
316.7228337 -2436.369025 -0
316.7336667 -2436.249525 -0
316.7445007 -2436.176625 -0
316.7553337 -2436.103725 -0
316.7661667 -2435.947825 -0
316.7770007 -2435.874925 -0
316.7878337 -2435.802025 -0
316.7986667 -2435.702825 -0
316.8095007 -2435.593525 -0
316.8203337 -2435.437625 -0
316.8311667 -2435.374825 -0
316.8420007 -2435.291825 -0
316.8528337 -2435.192525 -0
316.8636667 -2435.119625 -0
316.8745007 -2434.973925 -0
316.8853337 -2434.864525 -0
316.8961667 -2434.791625 -0
316.9070007 -2434.692425 -0
316.9178337 -2434.572925 -0
316.9286667 -2434.500125 -0
316.9395007 -2434.390725 -0
316.9503337 -2434.327925 -0
316.9611667 -2434.218525 -0
316.9720007 -2434.109225 -0
316.9828337 -2433.989825 -0
316.9936667 -2433.880525 -0
317.0045007 -2433.771125 -0
317.0153337 -2433.708325 -0
317.0261667 -2433.635425 -0
317.0370007 -2433.526025 -0
317.0478337 -2433.416725 -0
317.0586667 -2433.297325 -0
317.0695007 -2433.198025 -0
317.0803337 -2433.115125 -0
317.0911667 -2433.015725 -0
317.1020007 -2432.932825 -0
317.1128337 -2432.787125 -0
317.1236667 -2432.704225 -0
317.1345007 -2432.641325 -0
317.1453337 -2432.521925 -0
317.1561667 -2432.412625 -0
317.1670007 -2432.329725 -0
317.1778337 -2432.220425 -0
317.1886667 -2432.147525 -0
317.1995007 -2432.038225 -0
317.2103337 -2431.918925 -0
317.2211667 -2431.855925 -0
317.2320007 -2431.736625 -0
317.2428337 -2431.653825 -0
317.2536667 -2431.544525 -0
317.2645007 -2431.481525 -0
317.2753337 -2431.325825 -0
317.2861667 -2431.252925 -0
317.2970007 -2431.170125 -0
317.3078337 -2431.070725 -0
317.3186667 -2430.987925 -0
317.3295007 -2430.878625 -0
317.3403337 -2430.805725 -0
317.3511667 -2430.696425 -0
317.3620007 -2430.587125 -0
317.3728337 -2430.514225 -0
317.3836667 -2430.394925 -0
317.3945007 -2430.285625 -0
317.4053337 -2430.176325 -0
317.4161667 -2430.103425 -0
317.4270007 -2430.030625 -0
317.4378337 -2429.921225 -0
317.4486667 -2429.811925 -0
317.4595007 -2429.702625 -0
317.4703337 -2429.629725 -0
317.4811667 -2429.520425 -0
317.4920007 -2429.447525 -0
317.5028337 -2429.338225 -0
317.5136667 -2429.265325 -0
317.5245007 -2429.156025 -0
317.5353337 -2429.046725 -0
317.5461667 -2428.947325 -0
317.5570007 -2428.864525 -0
317.5678337 -2428.755225 -0
317.5786667 -2428.682325 -0
317.5895007 -2428.573025 -0
317.6003337 -2428.463725 -0
317.6111667 -2428.390825 -0
317.6220007 -2428.291325 -0
317.6328337 -2428.208625 -0
317.6436667 -2428.109125 -0
317.6545007 -2427.990025 -0
317.6653337 -2427.917125 -0
317.6761667 -2427.844225 -0
317.6870007 -2427.734925 -0
317.6978337 -2427.625625 -0
317.7086667 -2427.516325 -0
317.7195007 -2427.443425 -0
317.7303337 -2427.370525 -0
317.7411667 -2427.261225 -0
317.7520007 -2427.188325 -0
317.7628337 -2427.079025 -0
317.7736667 -2426.969725 -0
317.7845007 -2426.850625 -0
317.7953337 -2426.787525 -0
317.8061667 -2426.668425 -0
317.8170007 -2426.559125 -0
317.8278337 -2426.522625 -0
317.8386667 -2426.403525 -0
317.8495007 -2426.294225 -0
317.8603337 -2426.221325 -0
317.8711667 -2426.112025 -0
317.8820007 -2426.002725 -0
317.8928337 -2425.929925 -0
317.9036667 -2425.820525 -0
317.9145007 -2425.784125 -0
317.9253337 -2425.628625 -0
317.9361667 -2425.555725 -0
317.9470007 -2425.482925 -0
317.9578337 -2425.400325 -0
317.9686667 -2425.291025 -0
317.9795007 -2425.181725 -0
317.9903337 -2425.108825 -0
318.0011667 -2424.989825 -0
318.0120007 -2424.880525 -0
318.0228337 -2424.844025 -0
318.0336667 -2424.698325 -0
318.0445007 -2424.625425 -0
318.0553337 -2424.516125 -0
318.0661667 -2424.443325 -0
318.0770007 -2424.334025 -0
318.0878337 -2424.251425 -0
318.0986667 -2424.142125 -0
318.1095007 -2424.069225 -0
318.1203337 -2423.950325 -0
318.1311667 -2423.877425 -0
318.1420007 -2423.777825 -0
318.1528337 -2423.695225 -0
318.1636667 -2423.586025 -0
318.1745007 -2423.513125 -0
318.1853337 -2423.403825 -0
318.1961667 -2423.294525 -0
318.2070007 -2423.221725 -0
318.2178337 -2423.112425 -0
318.2286667 -2423.039525 -0
318.2395007 -2422.920625 -0
318.2503337 -2422.847725 -0
318.2611667 -2422.765225 -0
318.2720007 -2422.655925 -0
318.2828337 -2422.546625 -0
318.2936667 -2422.473825 -0
318.3045007 -2422.354825 -0
318.3153337 -2422.282025 -0
318.3261667 -2422.172725 -0
318.3370007 -2422.090225 -0
318.3478337 -2422.017425 -0
318.3586667 -2421.934925 -0
318.3695007 -2421.816025 -0
318.3803337 -2421.743225 -0
318.3911667 -2421.633925 -0
318.4020007 -2421.524625 -0
318.4128337 -2421.478625 -0
318.4236667 -2421.369325 -0
318.4345007 -2421.286925 -0
318.4453337 -2421.168025 -0
318.4561667 -2421.058825 -0
318.4670007 -2420.985925 -0
318.4778337 -2420.913125 -0
318.4886667 -2420.840325 -0
318.4995007 -2420.757825 -0
318.5103337 -2420.648625 -0
318.5211667 -2420.539325 -0
318.5320007 -2420.466525 -0
318.5428337 -2420.357325 -0
318.5536667 -2420.284425 -0
318.5645007 -2420.202025 -0
318.5753337 -2420.102325 -0
318.5861667 -2419.993125 -0
318.5970007 -2419.920325 -0
318.6078337 -2419.811025 -0
318.6186667 -2419.738225 -0
318.6295007 -2419.701825 -0
318.6403337 -2419.556125 -0
318.6511667 -2419.473725 -0
318.6620007 -2419.374025 -0
318.6728337 -2419.291625 -0
318.6836667 -2419.218825 -0
318.6945007 -2419.146025 -0
318.7053337 -2419.000325 -0
318.7161667 -2418.918025 -0
318.7270007 -2418.845125 -0
318.7378337 -2418.735925 -0
318.7486667 -2418.663125 -0
318.7595007 -2418.553825 -0
318.7703337 -2418.471525 -0
318.7811667 -2418.398625 -0
318.7920007 -2418.289425 -0
318.8028337 -2418.207125 -0
318.8136667 -2418.143825 -0
318.8245007 -2418.025025 -0
318.8353337 -2417.952225 -0
318.8461667 -2417.879425 -0
318.8570007 -2417.770125 -0
318.8678337 -2417.697325 -0
318.8786667 -2417.615025 -0
318.8895007 -2417.505825 -0
318.9003337 -2417.396625 -0
318.9111667 -2417.323725 -0
318.9220007 -2417.241425 -0
318.9328337 -2417.168625 -0
318.9436667 -2417.059425 -0
318.9545007 -2416.950225 -0
318.9653337 -2416.913825 -0
318.9761667 -2416.804525 -0
318.9870007 -2416.695325 -0
318.9978337 -2416.613025 -0
319.0086667 -2416.549725 -0
319.0195007 -2416.440425 -0
319.0303337 -2416.358225 -0
319.0411667 -2416.285425 -0
319.0520007 -2416.149225 -0
319.0628337 -2416.112825 -0
319.0736667 -2416.039925 -0
319.0845007 -2415.894325 -0
319.0953337 -2415.821525 -0
319.1061667 -2415.739325 -0
319.1170007 -2415.630025 -0
319.1278337 -2415.557225 -0
319.1386667 -2415.484425 -0
319.1495007 -2415.375225 -0
319.1603337 -2415.293025 -0
319.1711667 -2415.220225 -0
319.1820007 -2415.147325 -0
319.1928337 -2415.001725 -0
319.2036667 -2414.928925 -0
319.2145007 -2414.856125 -0
319.2253337 -2414.783325 -0
319.2361667 -2414.674125 -0
319.2470007 -2414.564825 -0
319.2578337 -2414.528425 -0
319.2686667 -2414.419225 -0
319.2795007 -2414.346425 -0
319.2903337 -2414.237225 -0
319.3011667 -2414.164425 -0
319.3120007 -2414.091625 -0
319.3228337 -2413.982325 -0
319.3336667 -2413.873125 -0
319.3445007 -2413.800325 -0
319.3553337 -2413.727525 -0
319.3661667 -2413.618325 -0
319.3770007 -2413.545525 -0
319.3878337 -2413.472625 -0
319.3986667 -2413.363425 -0
319.4095007 -2413.244925 -0
319.4203337 -2413.172125 -0
319.4311667 -2413.099325 -0
319.4420007 -2413.026425 -0
319.4528337 -2412.880825 -0
319.4636667 -2412.808025 -0
319.4745007 -2412.771625 -0
319.4853337 -2412.662425 -0
319.4961667 -2412.589625 -0
319.5070007 -2412.471125 -0
319.5178337 -2412.398325 -0
319.5286667 -2412.325525 -0
319.5395007 -2412.252625 -0
319.5503337 -2412.179825 -0
319.5611667 -2412.070625 -0
319.5720007 -2411.997825 -0
319.5828337 -2411.888625 -0
319.5936667 -2411.815825 -0
319.6045007 -2411.706625 -0
319.6153337 -2411.643125 -0
319.6261667 -2411.524625 -0
319.6370007 -2411.488225 -0
319.6478337 -2411.342625 -0
319.6586667 -2411.269725 -0
319.6695007 -2411.196925 -0
319.6803337 -2411.087725 -0
319.6911667 -2411.014925 -0
319.7020007 -2410.942125 -0
319.7128337 -2410.832925 -0
319.7236667 -2410.760125 -0
319.7345007 -2410.687325 -0
319.7453337 -2410.614525 -0
319.7561667 -2410.541725 -0
319.7670007 -2410.432525 -0
319.7778337 -2410.359625 -0
319.7886667 -2410.286825 -0
319.7995007 -2410.168425 -0
319.8103337 -2410.104825 -0
319.8211667 -2409.986425 -0
319.8320007 -2409.922825 -0
319.8428337 -2409.813625 -0
319.8536667 -2409.740825 -0
319.8645007 -2409.668025 -0
319.8753337 -2409.558825 -0
319.8861667 -2409.486025 -0
319.8970007 -2409.413125 -0
319.9078337 -2409.340325 -0
319.9186667 -2409.231125 -0
319.9295007 -2409.149125 -0
319.9403337 -2409.067225 -0
319.9511667 -2408.967125 -0
319.9620007 -2408.885125 -0
319.9728337 -2408.812325 -0
319.9836667 -2408.730425 -0
319.9945007 -2408.630325 -0
320.0053337 -2408.548425 -0
320.0161667 -2408.475625 -0
320.0270007 -2408.357225 -0
320.0378337 -2408.293625 -0
320.0486667 -2408.202525 -0
320.0595007 -2408.093325 -0
320.0703337 -2408.020525 -0
320.0811667 -2407.947725 -0
320.0920007 -2407.829425 -0
320.1028337 -2407.793025 -0
320.1136667 -2407.683825 -0
320.1245007 -2407.601925 -0
320.1353337 -2407.529125 -0
320.1461667 -2407.419925 -0
320.1570007 -2407.338025 -0
320.1678337 -2407.265225 -0
320.1786667 -2407.192425 -0
320.1895007 -2407.119625 -0
320.2003337 -2407.010425 -0
320.2111667 -2406.901325 -0
320.2220007 -2406.864925 -0
320.2328337 -2406.783025 -0
320.2436667 -2406.673825 -0
320.2545007 -2406.601025 -0
320.2653337 -2406.491825 -0
320.2761667 -2406.419125 -0
320.2870007 -2406.346325 -0
320.2978337 -2406.237125 -0
320.3086667 -2406.164325 -0
320.3195007 -2406.100625 -0
320.3303337 -2405.982425 -0
320.3411667 -2405.909625 -0
320.3520007 -2405.836825 -0
320.3628337 -2405.764025 -0
320.3736667 -2405.645825 -0
320.3845007 -2405.582025 -0
320.3953337 -2405.509325 -0
320.4061667 -2405.400125 -0
320.4170007 -2405.327325 -0
320.4278337 -2405.254525 -0
320.4386667 -2405.136325 -0
320.4495007 -2405.063525 -0
320.4603337 -2404.990725 -0
320.4711667 -2404.918025 -0
320.4820007 -2404.808825 -0
320.4928337 -2404.745025 -0
320.5036667 -2404.663225 -0
320.5145007 -2404.563125 -0
320.5253337 -2404.490325 -0
320.5361667 -2404.408525 -0
320.5470007 -2404.335725 -0
320.5578337 -2404.271925 -0
320.5686667 -2404.153725 -0
320.5795007 -2404.081025 -0
320.5903337 -2404.008225 -0
320.6011667 -2403.899025 -0
320.6120007 -2403.826225 -0
320.6228337 -2403.717125 -0
320.6336667 -2403.635325 -0
320.6445007 -2403.571525 -0
320.6553337 -2403.489725 -0
320.6661667 -2403.416925 -0
320.6770007 -2403.307825 -0
320.6878337 -2403.235025 -0
320.6986667 -2403.198625 -0
320.7095007 -2403.089425 -0
320.7203337 -2403.016725 -0
320.7311667 -2402.907525 -0
320.7420007 -2402.825825 -0
320.7528337 -2402.753025 -0
320.7636667 -2402.680225 -0
320.7745007 -2402.571025 -0
320.7853337 -2402.498325 -0
320.7961667 -2402.461925 -0
320.8070007 -2402.352725 -0
320.8178337 -2402.279925 -0
320.8286667 -2402.170825 -0
320.8395007 -2402.098025 -0
320.8503337 -2402.016325 -0
320.8611667 -2401.952425 -0
320.8720007 -2401.879725 -0
320.8828337 -2401.770525 -0
320.8936667 -2401.661325 -0
320.9045007 -2401.624925 -0
320.9153337 -2401.515825 -0
320.9261667 -2401.479425 -0
320.9370007 -2401.370225 -0
320.9478337 -2401.297425 -0
320.9586667 -2401.224725 -0
320.9695007 -2401.115525 -0
320.9803337 -2401.042725 -0
320.9911667 -2400.969925 -0
321.0020007 -2400.897225 -0
321.0128337 -2400.788025 -0
321.0236667 -2400.706325 -0
321.0345007 -2400.633625 -0
321.0453337 -2400.560825 -0
321.0561667 -2400.442825 -0
321.0670007 -2400.370025 -0
321.0778337 -2400.297225 -0
321.0886667 -2400.224425 -0
321.0995007 -2400.115325 -0
321.1103337 -2400.087825 -0
321.1211667 -2400.006125 -0
321.1320007 -2399.897025 -0
321.1428337 -2399.824225 -0
321.1536667 -2399.751425 -0
321.1645007 -2399.642325 -0
321.1753337 -2399.605925 -0
321.1861667 -2399.496725 -0
321.1970007 -2399.424025 -0
321.2078337 -2399.351225 -0
321.2186667 -2399.278425 -0
321.2295007 -2399.205625 -0
321.2403337 -2399.105325 -0
321.2511667 -2398.996225 -0
321.2620007 -2398.923425 -0
321.2728337 -2398.850625 -0
321.2836667 -2398.777825 -0
321.2945007 -2398.705125 -0
321.3053337 -2398.632325 -0
321.3161667 -2398.568325 -0
321.3270007 -2398.459225 -0
321.3378337 -2398.350025 -0
321.3486667 -2398.313625 -0
321.3595007 -2398.204425 -0
321.3703337 -2398.131725 -0
321.3811667 -2398.031325 -0
321.3920007 -2397.958525 -0
321.4028337 -2397.885725 -0
321.4136667 -2397.812925 -0
321.4245007 -2397.740225 -0
321.4353337 -2397.631025 -0
321.4461667 -2397.603425 -0
321.4570007 -2397.494225 -0
321.4678337 -2397.412725 -0
321.4786667 -2397.348625 -0
321.4895007 -2397.275925 -0
321.5003337 -2397.166725 -0
321.5111667 -2397.093925 -0
321.5220007 -2397.057525 -0
321.5328337 -2396.948325 -0
321.5436667 -2396.875625 -0
321.5545007 -2396.766425 -0
321.5653337 -2396.693625 -0
321.5761667 -2396.584425 -0
321.5870007 -2396.511625 -0
321.5978337 -2396.438925 -0
321.6086667 -2396.374825 -0
321.6195007 -2396.293325 -0
321.6303337 -2396.229225 -0
321.6411667 -2396.120125 -0
321.6520007 -2396.047325 -0
321.6628337 -2395.983225 -0
321.6736667 -2395.946825 -0
321.6845007 -2395.801225 -0
321.6953337 -2395.728525 -0
321.7061667 -2395.655725 -0
321.7170007 -2395.582925 -0
321.7278337 -2395.501425 -0
321.7386667 -2395.437325 -0
321.7495007 -2395.364525 -0
321.7603337 -2395.264025 -0
321.7711667 -2395.191225 -0
321.7820007 -2395.118425 -0
321.7928337 -2395.009325 -0
321.8036667 -2394.972925 -0
321.8145007 -2394.900125 -0
321.8253337 -2394.763225 -0
321.8361667 -2394.726825 -0
321.8470007 -2394.626225 -0
321.8578337 -2394.553425 -0
321.8686667 -2394.480625 -0
321.8795007 -2394.407925 -0
321.8903337 -2394.335125 -0
321.9011667 -2394.225925 -0
321.9120007 -2394.189525 -0
321.9228337 -2394.080325 -0
321.9336667 -2394.016125 -0
321.9445007 -2393.943325 -0
321.9553337 -2393.834125 -0
321.9661667 -2393.797725 -0
321.9770007 -2393.697225 -0
321.9878337 -2393.624425 -0
321.9986667 -2393.515225 -0
322.0070007 -2393.478825 -0
322.0072787 -2392.678025 -0
322.0075557 -2394.179025 -0
322.0081117 -2393.733625 -0
322.0083897 -2393.660825 -0
322.0086667 -2393.042025 -0
322.0089447 -2393.333225 -0
322.0092227 -2393.770025 -0
322.0100557 -2393.114825 -0
322.0103337 -2393.523825 -0
322.0106117 -2393.114825 -0
322.0108897 -2393.879225 -0
322.0111667 -2393.224025 -0
322.0220007 -2393.305425 -0
322.0328337 -2393.232625 -0
322.0436667 -2393.159825 -0
322.0545007 -2393.087025 -0
322.0653337 -2393.022825 -0
322.0761667 -2392.950025 -0
322.0870007 -2392.840725 -0
322.0978337 -2392.804325 -0
322.1086667 -2392.731525 -0
322.1195007 -2392.658725 -0
322.1303337 -2392.594525 -0
322.1411667 -2392.521725 -0
322.1520007 -2392.421125 -0
322.1628337 -2392.311925 -0
322.1736667 -2392.275425 -0
322.1845007 -2392.202625 -0
322.1953337 -2392.102025 -0
322.2061667 -2392.029225 -0
322.2170007 -2391.956425 -0
322.2278337 -2391.883525 -0
322.2386667 -2391.819325 -0
322.2495007 -2391.710125 -0
322.2603337 -2391.637325 -0
322.2711667 -2391.564425 -0
322.2820007 -2391.491625 -0
322.2928337 -2391.427325 -0
322.3036667 -2391.346025 -0
322.3145007 -2391.245325 -0
322.3253337 -2391.172525 -0
322.3361667 -2391.108225 -0
322.3470007 -2391.035425 -0
322.3578337 -2390.962625 -0
322.3686667 -2390.853325 -0
322.3795007 -2390.816925 -0
322.3903337 -2390.716225 -0
322.4011667 -2390.643425 -0
322.4120007 -2390.570525 -0
322.4228337 -2390.497725 -0
322.4336667 -2390.397025 -0
322.4445007 -2390.324225 -0
322.4553337 -2390.279325 -0
322.4661667 -2390.178525 -0
322.4770007 -2390.105725 -0
322.4878337 -2390.041325 -0
322.4986667 -2389.932125 -0
322.5095007 -2389.859325 -0
322.5203337 -2389.822925 -0
322.5311667 -2389.758525 -0
322.5420007 -2389.649325 -0
322.5528337 -2389.540025 -0
322.5636667 -2389.503625 -0
322.5745007 -2389.402825 -0
322.5853337 -2389.330025 -0
322.5961667 -2389.257225 -0
322.6070007 -2389.184325 -0
322.6178337 -2389.119925 -0
322.6286667 -2389.002225 -0
322.6395007 -2388.937825 -0
322.6503337 -2388.865025 -0
322.6611667 -2388.755825 -0
322.6720007 -2388.691425 -0
322.6828337 -2388.618525 -0
322.6936667 -2388.537225 -0
322.7045007 -2388.436425 -0
322.7153337 -2388.363625 -0
322.7261667 -2388.290725 -0
322.7370007 -2388.181525 -0
322.7478337 -2388.153525 -0
322.7586667 -2388.044225 -0
322.7695007 -2387.971425 -0
322.7803337 -2387.906925 -0
322.7911667 -2387.834125 -0
322.8020007 -2387.733225 -0
322.8128337 -2387.696825 -0
322.8236667 -2387.551125 -0
322.8345007 -2387.478325 -0
322.8453337 -2387.405425 -0
322.8561667 -2387.332625 -0
322.8670007 -2387.259725 -0
322.8778337 -2387.195325 -0
322.8886667 -2387.122425 -0
322.8995007 -2387.021525 -0
322.9103337 -2386.976725 -0
322.9211667 -2386.867425 -0
322.9320007 -2386.803025 -0
322.9428337 -2386.730125 -0
322.9536667 -2386.629225 -0
322.9645007 -2386.592825 -0
322.9753337 -2386.519925 -0
322.9861667 -2386.447125 -0
322.9970007 -2386.337825 -0
323.0078337 -2386.273325 -0
323.0186667 -2386.200425 -0
323.0295007 -2386.091125 -0
323.0403337 -2386.054725 -0
323.0511667 -2385.953825 -0
323.0620007 -2385.880925 -0
323.0728337 -2385.808025 -0
323.0836667 -2385.735225 -0
323.0945007 -2385.670625 -0
323.1053337 -2385.589525 -0
323.1161667 -2385.488525 -0
323.1270007 -2385.452125 -0
323.1378337 -2385.342825 -0
323.1486667 -2385.269925 -0
323.1595007 -2385.241825 -0
323.1703337 -2385.124225 -0
323.1811667 -2385.059625 -0
323.1920007 -2384.995125 -0
323.2028337 -2384.913925 -0
323.2136667 -2384.812925 -0
323.2245007 -2384.776425 -0
323.2353337 -2384.711925 -0
323.2461667 -2384.602625 -0
323.2570007 -2384.529725 -0
323.2678337 -2384.456825 -0
323.2786667 -2384.384025 -0
323.2895007 -2384.319425 -0
323.3003337 -2384.246525 -0
323.3111667 -2384.145425 -0
323.3220007 -2384.100725 -0
323.3328337 -2384.027925 -0
323.3436667 -2383.963325 -0
323.3545007 -2383.853925 -0
323.3653337 -2383.817525 -0
323.3761667 -2383.716425 -0
323.3870007 -2383.643625 -0
323.3978337 -2383.570725 -0
323.4086667 -2383.461425 -0
323.4195007 -2383.424925 -0
323.4303337 -2383.352125 -0
323.4411667 -2383.279225 -0
323.4520007 -2383.214525 -0
323.4628337 -2383.141725 -0
323.4736667 -2383.068825 -0
323.4845007 -2383.004125 -0
323.4953337 -2382.894825 -0
323.5061667 -2382.821925 -0
323.5170007 -2382.785525 -0
323.5278337 -2382.684425 -0
323.5386667 -2382.647925 -0
323.5495007 -2382.538625 -0
323.5603337 -2382.502125 -0
323.5711667 -2382.401025 -0
323.5820007 -2382.319925 -0
323.5928337 -2382.255225 -0
323.6036667 -2382.182425 -0
323.6145007 -2382.117725 -0
323.6253337 -2382.044825 -0
323.6361667 -2381.971925 -0
323.6470007 -2381.899025 -0
323.6578337 -2381.789725 -0
323.6686667 -2381.761425 -0
323.6795007 -2381.652025 -0
323.6903337 -2381.579225 -0
323.7011667 -2381.506325 -0
323.7120007 -2381.441525 -0
323.7228337 -2381.368625 -0
323.7336667 -2381.340425 -0
323.7445007 -2381.267525 -0
323.7553337 -2381.158125 -0
323.7661667 -2381.085225 -0
323.7770007 -2381.020525 -0
323.7878337 -2380.947625 -0
323.7986667 -2380.882825 -0
323.8095007 -2380.801825 -0
323.8203337 -2380.737025 -0
323.8311667 -2380.664125 -0
323.8420007 -2380.591225 -0
323.8528337 -2380.526425 -0
323.8636667 -2380.453525 -0
323.8745007 -2380.380625 -0
323.8853337 -2380.271325 -0
323.8961667 -2380.198325 -0
323.9070007 -2380.133625 -0
323.9178337 -2380.097125 -0
323.9286667 -2379.995925 -0
323.9395007 -2379.951325 -0
323.9503337 -2379.850025 -0
323.9611667 -2379.813625 -0
323.9720007 -2379.704225 -0
323.9828337 -2379.675925 -0
323.9936667 -2379.566525 -0
324.0045007 -2379.530025 -0
324.0153337 -2379.428725 -0
324.0261667 -2379.355825 -0
324.0370007 -2379.282925 -0
324.0478337 -2379.246525 -0
324.0586667 -2379.181625 -0
324.0695007 -2379.072225 -0
324.0803337 -2378.999325 -0
324.0911667 -2378.962925 -0
324.1020007 -2378.889925 -0
324.1128337 -2378.817025 -0
324.1236667 -2378.752225 -0
324.1345007 -2378.679325 -0
324.1453337 -2378.606325 -0
324.1561667 -2378.533425 -0
324.1670007 -2378.460525 -0
324.1778337 -2378.395625 -0
324.1886667 -2378.314625 -0
324.1995007 -2378.249825 -0
324.2103337 -2378.176825 -0
324.2211667 -2378.103925 -0
324.2320007 -2378.031025 -0
324.2428337 -2377.966125 -0
324.2536667 -2377.893225 -0
324.2645007 -2377.864825 -0
324.2753337 -2377.718925 -0
324.2861667 -2377.718925 -0
324.2970007 -2377.609525 -0
324.3078337 -2377.544625 -0
324.3186667 -2377.463625 -0
324.3295007 -2377.398725 -0
324.3403337 -2377.325825 -0
324.3511667 -2377.252925 -0
324.3620007 -2377.187925 -0
324.3728337 -2377.115025 -0
324.3836667 -2377.042125 -0
324.3945007 -2376.977125 -0
324.4053337 -2376.904225 -0
324.4161667 -2376.867725 -0
324.4270007 -2376.758325 -0
324.4378337 -2376.729925 -0
324.4486667 -2376.656925 -0
324.4595007 -2376.547525 -0
324.4703337 -2376.482525 -0
324.4811667 -2376.401625 -0
324.4920007 -2376.336725 -0
324.5028337 -2376.300225 -0
324.5136667 -2376.198725 -0
324.5245007 -2376.125825 -0
324.5353337 -2376.089325 -0
324.5461667 -2375.979925 -0
324.5570007 -2375.914925 -0
324.5678337 -2375.878525 -0
324.5786667 -2375.769025 -0
324.5895007 -2375.704025 -0
324.6003337 -2375.667625 -0
324.6111667 -2375.558125 -0
324.6220007 -2375.521725 -0
324.6328337 -2375.412225 -0
324.6436667 -2375.347225 -0
324.6545007 -2375.310825 -0
324.6653337 -2375.237825 -0
324.6761667 -2375.172825 -0
324.6870007 -2375.099825 -0
324.6978337 -2375.026925 -0
324.7086667 -2374.961825 -0
324.7195007 -2374.888925 -0
324.7303337 -2374.815925 -0
324.7411667 -2374.714425 -0
324.7520007 -2374.641425 -0
324.7628337 -2374.605025 -0
324.7736667 -2374.532025 -0
324.7845007 -2374.467025 -0
324.7953337 -2374.394025 -0
324.8061667 -2374.321025 -0
324.8170007 -2374.248125 -0
324.8278337 -2374.211625 -0
324.8386667 -2374.110025 -0
324.8495007 -2374.073525 -0
324.8603337 -2374.000625 -0
324.8711667 -2373.935525 -0
324.8820007 -2373.826125 -0
324.8928337 -2373.789625 -0
324.9036667 -2373.716625 -0
324.9145007 -2373.651525 -0
324.9253337 -2373.542125 -0
324.9361667 -2373.505625 -0
324.9470007 -2373.477025 -0
324.9578337 -2373.404025 -0
324.9686667 -2373.294525 -0
324.9795007 -2373.229425 -0
324.9903337 -2373.192925 -0
325.0011667 -2373.119925 -0
325.0120007 -2373.010525 -0
325.0228337 -2372.974025 -0
325.0336667 -2372.908925 -0
325.0445007 -2372.799425 -0
325.0553337 -2372.762925 -0
325.0661667 -2372.697825 -0
325.0770007 -2372.624825 -0
325.0878337 -2372.551825 -0
325.0986667 -2372.515325 -0
325.1095007 -2372.369425 -0
325.1203337 -2372.340725 -0
325.1311667 -2372.304225 -0
325.1420007 -2372.194725 -0
325.1528337 -2372.129625 -0
325.1636667 -2372.093125 -0
325.1745007 -2372.020125 -0
325.1853337 -2371.954925 -0
325.1961667 -2371.881925 -0
325.2070007 -2371.808925 -0
325.2178337 -2371.699525 -0
325.2286667 -2371.663025 -0
325.2395007 -2371.597825 -0
325.2503337 -2371.524825 -0
325.2611667 -2371.451825 -0
325.2720007 -2371.386625 -0
325.2828337 -2371.313625 -0
325.2936667 -2371.240625 -0
325.3045007 -2371.204125 -0
325.3153337 -2371.138925 -0
325.3261667 -2371.065925 -0
325.3370007 -2370.956425 -0
325.3478337 -2370.927725 -0
325.3586667 -2370.854725 -0
325.3695007 -2370.781725 -0
325.3803337 -2370.716525 -0
325.3911667 -2370.643525 -0
325.4020007 -2370.570425 -0
325.4128337 -2370.505225 -0
325.4236667 -2370.468725 -0
325.4345007 -2370.395725 -0
325.4453337 -2370.322725 -0
325.4561667 -2370.220925 -0
325.4670007 -2370.184425 -0
325.4778337 -2370.111425 -0
325.4886667 -2370.082725 -0
325.4995007 -2370.009725 -0
325.5103337 -2369.936725 -0
325.5211667 -2369.871425 -0
325.5320007 -2369.798425 -0
325.5428337 -2369.725425 -0
325.5536667 -2369.660125 -0
325.5645007 -2369.587125 -0
325.5753337 -2369.514025 -0
325.5861667 -2369.448825 -0
325.5970007 -2369.412225 -0
325.6078337 -2369.310425 -0
325.6186667 -2369.266225 -0
325.6295007 -2369.200925 -0
325.6403337 -2369.127925 -0
325.6511667 -2369.026125 -0
325.6620007 -2368.989625 -0
325.6728337 -2368.887725 -0
325.6836667 -2368.851225 -0
325.6945007 -2368.778225 -0
325.7053337 -2368.749425 -0
325.7161667 -2368.676325 -0
325.7270007 -2368.603325 -0
325.7378337 -2368.501525 -0
325.7486667 -2368.464925 -0
325.7595007 -2368.391925 -0
325.7703337 -2368.326625 -0
325.7811667 -2368.253525 -0
325.7920007 -2368.188225 -0
325.8028337 -2368.151725 -0
325.8136667 -2368.086325 -0
325.8245007 -2368.013325 -0
325.8353337 -2367.947925 -0
325.8461667 -2367.874825 -0
325.8570007 -2367.846025 -0
325.8678337 -2367.736425 -0
325.8786667 -2367.663425 -0
325.8895007 -2367.598025 -0
325.9003337 -2367.532625 -0
325.9111667 -2367.459625 -0
325.9220007 -2367.394225 -0
325.9328337 -2367.357625 -0
325.9436667 -2367.248025 -0
325.9545007 -2367.182625 -0
325.9653337 -2367.146125 -0
325.9761667 -2367.080725 -0
325.9870007 -2367.051825 -0
325.9978337 -2366.942225 -0
326.0086667 -2366.913325 -0
326.0195007 -2366.840225 -0
326.0303337 -2366.767225 -0
326.0411667 -2366.657625 -0
326.0520007 -2366.636325 -0
326.0628337 -2366.563225 -0
326.0736667 -2366.534325 -0
326.0845007 -2366.461225 -0
326.0953337 -2366.395825 -0
326.1061667 -2366.322725 -0
326.1170007 -2366.286225 -0
326.1278337 -2366.184225 -0
326.1386667 -2366.118725 -0
326.1495007 -2366.082225 -0
326.1603337 -2365.980125 -0
326.1711667 -2365.907125 -0
326.1820007 -2365.841625 -0
326.1928337 -2365.776125 -0
326.2036667 -2365.703025 -0
326.2145007 -2365.674025 -0
326.2253337 -2365.600925 -0
326.2361667 -2365.535425 -0
326.2470007 -2365.462325 -0
326.2578337 -2365.396825 -0
326.2686667 -2365.323725 -0
326.2795007 -2365.294725 -0
326.2903337 -2365.221625 -0
326.3011667 -2365.156125 -0
326.3120007 -2365.090625 -0
326.3228337 -2364.980925 -0
326.3336667 -2364.988525 -0
326.3445007 -2364.878825 -0
326.3553337 -2364.813325 -0
326.3661667 -2364.776725 -0
326.3770007 -2364.674625 -0
326.3878337 -2364.645625 -0
326.3986667 -2364.535925 -0
326.4095007 -2364.499425 -0
326.4203337 -2364.433825 -0
326.4311667 -2364.368225 -0
326.4420007 -2364.302625 -0
326.4528337 -2364.229525 -0
326.4636667 -2364.163925 -0
326.4745007 -2364.098325 -0
326.4853337 -2364.069325 -0
326.4961667 -2363.996225 -0
326.5070007 -2363.894025 -0
326.5178337 -2363.901525 -0
326.5286667 -2363.791825 -0
326.5395007 -2363.726225 -0
326.5503337 -2363.616525 -0
326.5611667 -2363.579925 -0
326.5720007 -2363.514325 -0
326.5828337 -2363.448625 -0
326.5936667 -2363.375525 -0
326.6045007 -2363.309925 -0
326.6153337 -2363.244225 -0
326.6261667 -2363.251725 -0
326.6370007 -2363.178625 -0
326.6478337 -2363.105425 -0
326.6586667 -2363.076325 -0
326.6695007 -2362.974125 -0
326.6803337 -2362.900925 -0
326.6911667 -2362.835225 -0
326.7020007 -2362.733025 -0
326.7128337 -2362.659825 -0
326.7236667 -2362.630725 -0
326.7345007 -2362.557625 -0
326.7453337 -2362.528425 -0
326.7561667 -2362.462725 -0
326.7670007 -2362.316425 -0
326.7778337 -2362.287325 -0
326.7886667 -2362.279825 -0
326.7995007 -2362.177525 -0
326.8103337 -2362.185025 -0
326.8211667 -2362.075225 -0
326.8320007 -2361.936325 -0
326.8428337 -2361.899725 -0
326.8536667 -2361.863225 -0
326.8645007 -2361.760825 -0
326.8753337 -2361.768325 -0
326.8861667 -2361.658525 -0
326.8970007 -2361.629325 -0
326.9078337 -2361.519625 -0
326.9186667 -2361.483025 -0
326.9295007 -2361.388025 -0
326.9403337 -2361.351525 -0
326.9511667 -2361.241725 -0
326.9620007 -2361.212525 -0
326.9728337 -2361.146725 -0
326.9836667 -2361.073525 -0
326.9945007 -2361.044325 -0
327.0053337 -2360.971225 -0
327.0161667 -2360.898025 -0
327.0270007 -2360.832225 -0
327.0378337 -2360.766425 -0
327.0486667 -2360.693225 -0
327.0595007 -2360.664025 -0
327.0703337 -2360.590825 -0
327.0811667 -2360.524925 -0
327.0920007 -2360.459125 -0
327.1028337 -2360.385925 -0
327.1136667 -2360.312725 -0
327.1245007 -2360.276125 -0
327.1353337 -2360.173725 -0
327.1461667 -2360.144525 -0
327.1570007 -2360.071225 -0
327.1678337 -2360.005425 -0
327.1786667 -2359.932225 -0
327.1895007 -2359.902925 -0
327.2003337 -2359.829725 -0
327.2111667 -2359.727325 -0
327.2220007 -2359.661425 -0
327.2328337 -2359.595525 -0
327.2436667 -2359.558925 -0
327.2545007 -2359.529725 -0
327.2653337 -2359.419825 -0
327.2761667 -2359.353925 -0
327.2870007 -2359.317325 -0
327.2978337 -2359.251425 -0
327.3086667 -2359.178225 -0
327.3195007 -2359.112325 -0
327.3303337 -2359.039125 -0
327.3411667 -2358.973225 -0
327.3520007 -2358.899925 -0
327.3628337 -2358.870625 -0
327.3736667 -2358.804725 -0
327.3845007 -2358.731525 -0
327.3953337 -2358.665625 -0
327.4061667 -2358.599625 -0
327.4170007 -2358.526425 -0
327.4278337 -2358.497125 -0
327.4386667 -2358.394525 -0
327.4495007 -2358.394525 -0
327.4603337 -2358.291925 -0
327.4711667 -2358.226025 -0
327.4820007 -2358.152725 -0
327.4928337 -2358.079525 -0
327.5036667 -2358.050125 -0
327.5145007 -2357.940325 -0
327.5253337 -2357.910925 -0
327.5361667 -2357.844925 -0
327.5470007 -2357.771725 -0
327.5578337 -2357.742325 -0
327.5686667 -2357.632425 -0
327.5795007 -2357.603125 -0
327.5903337 -2357.529825 -0
327.6011667 -2357.500425 -0
327.6120007 -2357.390525 -0
327.6228337 -2357.324525 -0
327.6336667 -2357.258525 -0
327.6445007 -2357.221925 -0
327.6553337 -2357.155925 -0
327.6661667 -2357.082625 -0
327.6770007 -2357.016625 -0
327.6878337 -2356.950525 -0
327.6986667 -2356.921225 -0
327.7095007 -2356.847925 -0
327.7203337 -2356.781825 -0
327.7311667 -2356.708525 -0
327.7420007 -2356.642525 -0
327.7528337 -2356.569225 -0
327.7636667 -2356.503125 -0
327.7745007 -2356.503125 -0
327.7853337 -2356.429925 -0
327.7961667 -2356.393225 -0
327.8070007 -2356.319925 -0
327.8178337 -2356.173325 -0
327.8286667 -2356.173325 -0
327.8395007 -2356.136725 -0
327.8503337 -2356.063425 -0
327.8611667 -2355.953425 -0
327.8720007 -2355.916825 -0
327.8828337 -2355.806825 -0
327.8936667 -2355.770225 -0
327.9045007 -2355.733525 -0
327.9153337 -2355.623625 -0
327.9261667 -2355.623625 -0
327.9370007 -2355.550325 -0
327.9478337 -2355.469825 -0
327.9586667 -2355.403725 -0
327.9695007 -2355.293725 -0
327.9803337 -2355.257125 -0
327.9911667 -2355.257125 -0
328.0020007 -2355.183825 -0
328.0128337 -2355.037225 -0
328.0236667 -2355.037225 -0
328.0345007 -2354.963925 -0
328.0453337 -2354.897825 -0
328.0561667 -2354.780725 -0
328.0670007 -2354.824525 -0
328.0778337 -2354.751225 -0
328.0886667 -2354.677925 -0
328.0995007 -2354.634125 -0
328.1103337 -2354.531325 -0
328.1211667 -2354.568025 -0
328.1320007 -2354.494725 -0
328.1428337 -2354.391925 -0
328.1536667 -2354.281925 -0
328.1645007 -2354.318625 -0
328.1753337 -2354.274825 -0
328.1861667 -2354.128225 -0
328.1970007 -2354.062025 -0
328.2078337 -2353.988725 -0
328.2186667 -2353.952125 -0
328.2295007 -2353.878825 -0
328.2403337 -2353.805525 -0
328.2511667 -2353.805525 -0
328.2620007 -2353.732225 -0
328.2728337 -2353.622225 -0
328.2836667 -2353.622225 -0
328.2945007 -2353.548925 -0
328.3053337 -2353.438925 -0
328.3161667 -2353.402325 -0
328.3270007 -2353.365625 -0
328.3378337 -2353.299525 -0
328.3486667 -2353.219025 -0
328.3595007 -2353.145725 -0
328.3703337 -2353.072425 -0
328.3811667 -2353.042925 -0
328.3920007 -2352.962525 -0
328.4028337 -2352.932925 -0
328.4136667 -2352.823025 -0
328.4245007 -2352.786325 -0
328.4353337 -2352.749725 -0
328.4461667 -2352.676425 -0
328.4570007 -2352.603125 -0
328.4678337 -2352.566425 -0
328.4786667 -2352.493125 -0
328.4895007 -2352.456525 -0
328.5003337 -2352.383225 -0
328.5111667 -2352.346525 -0
328.5220007 -2352.273225 -0
328.5328337 -2352.199925 -0
328.5436667 -2352.126625 -0
328.5545007 -2352.053325 -0
328.5653337 -2352.053325 -0
328.5761667 -2351.980025 -0
328.5870007 -2351.943325 -0
328.5978337 -2351.840425 -0
328.6086667 -2351.796725 -0
328.6195007 -2351.730525 -0
328.6303337 -2351.657225 -0
328.6411667 -2351.613525 -0
328.6520007 -2351.503525 -0
328.6628337 -2351.503525 -0
328.6736667 -2351.393525 -0
328.6845007 -2351.364025 -0
328.6953337 -2351.283625 -0
328.7061667 -2351.210325 -0
328.7170007 -2351.210325 -0
328.7278337 -2351.100325 -0
328.7386667 -2351.027025 -0
328.7495007 -2350.990425 -0
328.7603337 -2350.917125 -0
328.7711667 -2350.843825 -0
328.7820007 -2350.800125 -0
328.7928337 -2350.770525 -0
328.8036667 -2350.690125 -0
328.8145007 -2350.616825 -0
328.8253337 -2350.580225 -0
328.8361667 -2350.506925 -0
328.8470007 -2350.463225 -0
328.8578337 -2350.389925 -0
328.8686667 -2350.353225 -0
328.8795007 -2350.279925 -0
328.8903337 -2350.236325 -0
328.9011667 -2350.163025 -0
328.9120007 -2350.096725 -0
328.9228337 -2350.053025 -0
328.9336667 -2350.016425 -0
328.9445007 -2349.943125 -0
328.9553337 -2349.906425 -0
328.9661667 -2349.833125 -0
328.9770007 -2349.752825 -0
328.9878337 -2349.716225 -0
328.9986667 -2349.635925 -0
329.0095007 -2349.599225 -0
329.0203337 -2349.525925 -0
329.0311667 -2349.489325 -0
329.0420007 -2349.409025 -0
329.0528337 -2349.342725 -0
329.0636667 -2349.306125 -0
329.0745007 -2349.269425 -0
329.0853337 -2349.189125 -0
329.0961667 -2349.115825 -0
329.1070007 -2349.035625 -0
329.1178337 -2348.998925 -0
329.1286667 -2348.962325 -0
329.1395007 -2348.882025 -0
329.1503337 -2348.845425 -0
329.1611667 -2348.808725 -0
329.1720007 -2348.728525 -0
329.1828337 -2348.655225 -0
329.1936667 -2348.618625 -0
329.2045007 -2348.581925 -0
329.2153337 -2348.501725 -0
329.2261667 -2348.458125 -0
329.2370007 -2348.384825 -0
329.2478337 -2348.348225 -0
329.2586667 -2348.267925 -0
329.2695007 -2348.231325 -0
329.2803337 -2348.151125 -0
329.2911667 -2348.114425 -0
329.3020007 -2348.034225 -0
329.3128337 -2347.960925 -0
329.3236667 -2347.917425 -0
329.3345007 -2347.844125 -0
329.3453337 -2347.844125 -0
329.3561667 -2347.727325 -0
329.3670007 -2347.683725 -0
329.3778337 -2347.654025 -0
329.3886667 -2347.573825 -0
329.3995007 -2347.530225 -0
329.4103337 -2347.457025 -0
329.4211667 -2347.420425 -0
329.4320007 -2347.347125 -0
329.4428337 -2347.266925 -0
329.4536667 -2347.230325 -0
329.4645007 -2347.186725 -0
329.4753337 -2347.150125 -0
329.4861667 -2347.076925 -0
329.4970007 -2346.996725 -0
329.5078337 -2346.960125 -0
329.5186667 -2346.916525 -0
329.5295007 -2346.843325 -0
329.5403337 -2346.763125 -0
329.5511667 -2346.719625 -0
329.5620007 -2346.646425 -0
329.5728337 -2346.609725 -0
329.5836667 -2346.566225 -0
329.5945007 -2346.493025 -0
329.6053337 -2346.419725 -0
329.6161667 -2346.412825 -0
329.6270007 -2346.339625 -0
329.6378337 -2346.266425 -0
329.6486667 -2346.222925 -0
329.6595007 -2346.149625 -0
329.6703337 -2346.106125 -0
329.6811667 -2346.032925 -0
329.6920007 -2345.996325 -0
329.7028337 -2345.923025 -0
329.7136667 -2345.842925 -0
329.7245007 -2345.799525 -0
329.7353337 -2345.762825 -0
329.7461667 -2345.689625 -0
329.7570007 -2345.609525 -0
329.7678337 -2345.609525 -0
329.7786667 -2345.499725 -0
329.7895007 -2345.463125 -0
329.8003337 -2345.383025 -0
329.8111667 -2345.346425 -0
329.8220007 -2345.302925 -0
329.8328337 -2345.229725 -0
329.8436667 -2345.156525 -0
329.8545007 -2345.113025 -0
329.8653337 -2345.083225 -0
329.8761667 -2345.003225 -0
329.8870007 -2344.923125 -0
329.8978337 -2344.886525 -0
329.9086667 -2344.806525 -0
329.9195007 -2344.769925 -0
329.9303337 -2344.689825 -0
329.9411667 -2344.653225 -0
329.9520007 -2344.616625 -0
329.9628337 -2344.543425 -0
329.9736667 -2344.506825 -0
329.9845007 -2344.426825 -0
329.9953337 -2344.353525 -0
330.0061667 -2344.316925 -0
330.0170007 -2344.243725 -0
330.0278337 -2344.236925 -0
330.0386667 -2344.127125 -0
330.0495007 -2344.090525 -0
330.0603337 -2344.017325 -0
330.0711667 -2343.980725 -0
330.0820007 -2343.937325 -0
330.0928337 -2343.820725 -0
330.1036667 -2343.820725 -0
330.1145007 -2343.747525 -0
330.1253337 -2343.710925 -0
330.1361667 -2343.630925 -0
330.1470007 -2343.594325 -0
330.1578337 -2343.521125 -0
330.1686667 -2343.477725 -0
330.1795007 -2343.404525 -0
330.1903337 -2343.367925 -0
330.2011667 -2343.331325 -0
330.2120007 -2343.221525 -0
330.2228337 -2343.178125 -0
330.2336667 -2343.104925 -0
330.2445007 -2343.068325 -0
330.2553337 -2343.025025 -0
330.2661667 -2342.988425 -0
330.2770007 -2342.915225 -0
330.2878337 -2342.842025 -0
330.2986667 -2342.768825 -0
330.3095007 -2342.732225 -0
330.3203337 -2342.695625 -0
330.3311667 -2342.652325 -0
330.3420007 -2342.579125 -0
330.3528337 -2342.549225 -0
330.3636667 -2342.476125 -0
330.3745007 -2342.439525 -0
330.3853337 -2342.402925 -0
330.3961667 -2342.329725 -0
330.4070007 -2342.256525 -0
330.4178337 -2342.219925 -0
330.4286667 -2342.190025 -0
330.4395007 -2342.110125 -0
330.4503337 -2342.073525 -0
330.4611667 -2342.007125 -0
330.4720007 -2341.933925 -0
330.4828337 -2341.897325 -0
330.4936667 -2341.824125 -0
330.5045007 -2341.787525 -0
330.5153337 -2341.750925 -0
330.5261667 -2341.684425 -0
330.5370007 -2341.611225 -0
330.5478337 -2341.574625 -0
330.5586667 -2341.501425 -0
330.5695007 -2341.464825 -0
330.5803337 -2341.428325 -0
330.5911667 -2341.355125 -0
330.6020007 -2341.318525 -0
330.6128337 -2341.245325 -0
330.6236667 -2341.178825 -0
330.6345007 -2341.142225 -0
330.6453337 -2341.112325 -0
330.6561667 -2341.075725 -0
330.6670007 -2340.995825 -0
330.6778337 -2340.929325 -0
330.6886667 -2340.856125 -0
330.6995007 -2340.819525 -0
330.7103337 -2340.782925 -0
330.7211667 -2340.746325 -0
330.7320007 -2340.679825 -0
330.7428337 -2340.606625 -0
330.7536667 -2340.570025 -0
330.7645007 -2340.540125 -0
330.7753337 -2340.466925 -0
330.7861667 -2340.393725 -0
330.7970007 -2340.327125 -0
330.8078337 -2340.290525 -0
330.8186667 -2340.253925 -0
330.8295007 -2340.187425 -0
330.8403337 -2340.114225 -0
330.8511667 -2340.047725 -0
330.8620007 -2340.011025 -0
330.8728337 -2339.974425 -0
330.8836667 -2339.907925 -0
330.8945007 -2339.834725 -0
330.9053337 -2339.761525 -0
330.9161667 -2339.731525 -0
330.9270007 -2339.694925 -0
330.9378337 -2339.628325 -0
330.9486667 -2339.591725 -0
330.9595007 -2339.555125 -0
330.9703337 -2339.525225 -0
330.9811667 -2339.488625 -0
330.9920007 -2339.451925 -0
331.0028337 -2339.385425 -0
331.0136667 -2339.355425 -0
331.0245007 -2339.318825 -0
331.0353337 -2339.282225 -0
331.0461667 -2339.252225 -0
331.0570007 -2339.215625 -0
331.0678337 -2339.179025 -0
331.0786667 -2339.142425 -0
331.0895007 -2339.105725 -0
331.1003337 -2339.075825 -0
331.1111667 -2339.002525 -0
331.1220007 -2338.965925 -0
331.1328337 -2338.899325 -0
331.1436667 -2338.899325 -0
331.1545007 -2338.789525 -0
331.1653337 -2338.752825 -0
331.1761667 -2338.679625 -0
331.1870007 -2338.613025 -0
331.1978337 -2338.576425 -0
331.2086667 -2338.539725 -0
331.2195007 -2338.473125 -0
331.2303337 -2338.393325 -0
331.2411667 -2338.363325 -0
331.2520007 -2338.326625 -0
331.2628337 -2338.253425 -0
331.2736667 -2338.216825 -0
331.2845007 -2338.150125 -0
331.2953337 -2338.076925 -0
331.3061667 -2338.040325 -0
331.3170007 -2337.967025 -0
331.3278337 -2337.893825 -0
331.3386667 -2337.857225 -0
331.3495007 -2337.827125 -0
331.3603337 -2337.753925 -0
331.3711667 -2337.680625 -0
331.3820007 -2337.644025 -0
331.3928337 -2337.614025 -0
331.4036667 -2337.534225 -0
331.4145007 -2337.460925 -0
331.4253337 -2337.430925 -0
331.4361667 -2337.387725 -0
331.4470007 -2337.284425 -0
331.4578337 -2337.247725 -0
331.4686667 -2337.211125 -0
331.4795007 -2337.137925 -0
331.4903337 -2337.107825 -0
331.5011667 -2337.034625 -0
331.5120007 -2336.997925 -0
331.5228337 -2336.961325 -0
331.5336667 -2336.851425 -0
331.5445007 -2336.814825 -0
331.5553337 -2336.778225 -0
331.5661667 -2336.704925 -0
331.5770007 -2336.674925 -0
331.5878337 -2336.601625 -0
331.5986667 -2336.565025 -0
331.6095007 -2336.491725 -0
331.6203337 -2336.418525 -0
331.6311667 -2336.381825 -0
331.6420007 -2336.315125 -0
331.6528337 -2336.278525 -0
331.6636667 -2336.205225 -0
331.6745007 -2336.132025 -0
331.6853337 -2336.095425 -0
331.6961667 -2336.022125 -0
331.7070007 -2335.992025 -0
331.7178337 -2335.912225 -0
331.7286667 -2335.875625 -0
331.7395007 -2335.808825 -0
331.7503337 -2335.772225 -0
331.7611667 -2335.699025 -0
331.7720007 -2335.625725 -0
331.7828337 -2335.589125 -0
331.7936667 -2335.559025 -0
331.8045007 -2335.479225 -0
331.8153337 -2335.412425 -0
331.8261667 -2335.412425 -0
331.8370007 -2335.302525 -0
331.8478337 -2335.302525 -0
331.8586667 -2335.192625 -0
331.8695007 -2335.162525 -0
331.8803337 -2335.125925 -0
331.8808897 -2335.125925 -0
331.8811667 -2334.606625 -0
331.8814447 -2335.089225 -0
331.8820007 -2335.272425 -0
331.8822787 -2334.832825 -0
331.8833897 -2335.272425 -0
331.8942227 -2335.016025 -0
331.9050557 -2334.942725 -0
331.9158897 -2334.906125 -0
331.9267227 -2334.869525 -0
331.9375557 -2334.796225 -0
331.9483897 -2334.729425 -0
331.9592227 -2334.729425 -0
331.9700557 -2334.656125 -0
331.9808897 -2334.619525 -0
331.9917227 -2334.546225 -0
332.0025557 -2334.479525 -0
332.0133897 -2334.442825 -0
332.0242227 -2334.369525 -0
332.0350557 -2334.332925 -0
332.0458897 -2334.259625 -0
332.0567227 -2334.223025 -0
332.0675557 -2334.149725 -0
332.0783897 -2334.119625 -0
332.0892227 -2334.082925 -0
332.1000557 -2334.009725 -0
332.1108897 -2333.973025 -0
332.1217227 -2333.893325 -0
332.1325557 -2333.820025 -0
332.1433897 -2333.789825 -0
332.1542227 -2333.716625 -0
332.1650557 -2333.679925 -0
332.1758897 -2333.606725 -0
332.1867227 -2333.570025 -0
332.1975557 -2333.533425 -0
332.2083897 -2333.460125 -0
332.2192227 -2333.386925 -0
332.2300557 -2333.350225 -0
332.2408897 -2333.270525 -0
332.2517227 -2333.233925 -0
332.2625557 -2333.197225 -0
332.2733897 -2333.124025 -0
332.2842227 -2333.087325 -0
332.2950557 -2333.050725 -0
332.3058897 -2332.977425 -0
332.3167227 -2332.904225 -0
332.3275557 -2332.867525 -0
332.3383897 -2332.794325 -0
332.3492227 -2332.757625 -0
332.3600557 -2332.684425 -0
332.3708897 -2332.647725 -0
332.3817227 -2332.574525 -0
332.3925557 -2332.537825 -0
332.4033897 -2332.501225 -0
332.4142227 -2332.427925 -0
332.4250557 -2332.391325 -0
332.4358897 -2332.354625 -0
332.4467227 -2332.281425 -0
332.4575557 -2332.208125 -0
332.4683897 -2332.171525 -0
332.4792227 -2332.134825 -0
332.4900557 -2332.061625 -0
332.5008897 -2332.024925 -0
332.5117227 -2331.951725 -0
332.5225557 -2331.915025 -0
332.5333897 -2331.841825 -0
332.5442227 -2331.811525 -0
332.5550557 -2331.738225 -0
332.5658897 -2331.701625 -0
332.5767227 -2331.628325 -0
332.5875557 -2331.555125 -0
332.5983897 -2331.555125 -0
332.6092227 -2331.481825 -0
332.6200557 -2331.414925 -0
332.6308897 -2331.378225 -0
332.6417227 -2331.298625 -0
332.6525557 -2331.268325 -0
332.6633897 -2331.195125 -0
332.6742227 -2331.152125 -0
332.6850557 -2331.078825 -0
332.6958897 -2331.042225 -0
332.7067227 -2330.968925 -0
332.7175557 -2330.932325 -0
332.7283897 -2330.859025 -0
332.7392227 -2330.859025 -0
332.7500557 -2330.792125 -0
332.7608897 -2330.712425 -0
332.7717227 -2330.675825 -0
332.7825557 -2330.602525 -0
332.7933897 -2330.565925 -0
332.8042227 -2330.492625 -0
332.8150557 -2330.419325 -0
332.8258897 -2330.456025 -0
332.8367227 -2330.376425 -0
332.8475557 -2330.266525 -0
332.8583897 -2330.272825 -0
332.8692227 -2330.199525 -0
332.8800557 -2330.119925 -0
332.8908897 -2330.083325 -0
332.9017227 -2330.053025 -0
332.9125557 -2329.979725 -0
332.9233897 -2329.936825 -0
332.9342227 -2329.863525 -0
332.9450557 -2329.826925 -0
332.9558897 -2329.783925 -0
332.9667227 -2329.753625 -0
332.9775557 -2329.674025 -0
332.9883897 -2329.637425 -0
332.9992227 -2329.564125 -0
333.0100557 -2329.521225 -0
333.0208897 -2329.484625 -0
333.0317227 -2329.411325 -0
333.0425557 -2329.368425 -0
333.0533897 -2329.338025 -0
333.0642227 -2329.258525 -0
333.0750557 -2329.221825 -0
333.0858897 -2329.148625 -0
333.0967227 -2329.105725 -0
333.1075557 -2329.069025 -0
333.1183897 -2328.995825 -0
333.1292227 -2328.952925 -0
333.1400557 -2328.916225 -0
333.1508897 -2328.843025 -0
333.1617227 -2328.800125 -0
333.1725557 -2328.763525 -0
333.1833897 -2328.690225 -0
333.1942227 -2328.647325 -0
333.2050557 -2328.574125 -0
333.2158897 -2328.537425 -0
333.2267227 -2328.500825 -0
333.2375557 -2328.464225 -0
333.2483897 -2328.390925 -0
333.2592227 -2328.354325 -0
333.2700557 -2328.274825 -0
333.2808897 -2328.238225 -0
333.2917227 -2328.201525 -0
333.3025557 -2328.158725 -0
333.3133897 -2328.085425 -0
333.3242227 -2328.048825 -0
333.3350557 -2328.005925 -0
333.3458897 -2327.932725 -0
333.3567227 -2327.896125 -0
333.3675557 -2327.859425 -0
333.3783897 -2327.780025 -0
333.3892227 -2327.743325 -0
333.4000557 -2327.706725 -0
333.4108897 -2327.633525 -0
333.4217227 -2327.596925 -0
333.4325557 -2327.523625 -0
333.4433897 -2327.523625 -0
333.4542227 -2327.407525 -0
333.4650557 -2327.364725 -0
333.4758897 -2327.328125 -0
333.4867227 -2327.285225 -0
333.4975557 -2327.248625 -0
333.5083897 -2327.175425 -0
333.5192227 -2327.132525 -0
333.5300557 -2327.095925 -0
333.5408897 -2327.016525 -0
333.5517227 -2326.973725 -0
333.5625557 -2326.943325 -0
333.5733897 -2326.863825 -0
333.5842227 -2326.827225 -0
333.5950557 -2326.754025 -0
333.6058897 -2326.711225 -0
333.6167227 -2326.674625 -0
333.6275557 -2326.631825 -0
333.6383897 -2326.558525 -0
333.6492227 -2326.558525 -0
333.6600557 -2326.479125 -0
333.6708897 -2326.442525 -0
333.6817227 -2326.369325 -0
333.6925557 -2326.332725 -0
333.7033897 -2326.289925 -0
333.7142227 -2326.253325 -0
333.7250557 -2326.216725 -0
333.7358897 -2326.137325 -0
333.7467227 -2326.100725 -0
333.7575557 -2326.064125 -0
333.7683897 -2325.990825 -0
333.7792227 -2325.911525 -0
333.7900557 -2325.874925 -0
333.8008897 -2325.832125 -0
333.8117227 -2325.795525 -0
333.8225557 -2325.758925 -0
333.8333897 -2325.685725 -0
333.8442227 -2325.642925 -0
333.8550557 -2325.642925 -0
333.8658897 -2325.569725 -0
333.8767227 -2325.490325 -0
333.8875557 -2325.453725 -0
333.8983897 -2325.380525 -0
333.9092227 -2325.374425 -0
333.9200557 -2325.301225 -0
333.9308897 -2325.258425 -0
333.9417227 -2325.191425 -0
333.9525557 -2325.148625 -0
333.9633897 -2325.112025 -0
333.9742227 -2325.032725 -0
333.9850557 -2324.996125 -0
333.9958897 -2324.953325 -0
334.0067227 -2324.916725 -0
334.0175557 -2324.880125 -0
334.0283897 -2324.807025 -0
334.0392227 -2324.764225 -0
334.0500557 -2324.727625 -0
334.0608897 -2324.684925 -0
334.0717227 -2324.648325 -0
334.0825557 -2324.575125 -0
334.0933897 -2324.532425 -0
334.1042227 -2324.459225 -0
334.1150557 -2324.416525 -0
334.1258897 -2324.379925 -0
334.1367227 -2324.343325 -0
334.1475557 -2324.264025 -0
334.1583897 -2324.190825 -0
334.1692227 -2324.184725 -0
334.1800557 -2324.148125 -0
334.1908897 -2324.075025 -0
334.2017227 -2324.032325 -0
334.2125557 -2323.989625 -0
334.2233897 -2323.916425 -0
334.2342227 -2323.879825 -0
334.2450557 -2323.843225 -0
334.2558897 -2323.763925 -0
334.2667227 -2323.757825 -0
334.2775557 -2323.690825 -0
334.2883897 -2323.648125 -0
334.2992227 -2323.581025 -0
334.3100557 -2323.568825 -0
334.3208897 -2323.495725 -0
334.3317227 -2323.459125 -0
334.3425557 -2323.422525 -0
334.3533897 -2323.349325 -0
334.3642227 -2323.306725 -0
334.3750557 -2323.270125 -0
334.3858897 -2323.233525 -0
334.3967227 -2323.160425 -0
334.4075557 -2323.123825 -0
334.4183897 -2323.050625 -0
334.4292227 -2323.050625 -0
334.4400557 -2322.977525 -0
334.4508897 -2322.934825 -0
334.4617227 -2322.898225 -0
334.4725557 -2322.819025 -0
334.4833897 -2322.782425 -0
334.4942227 -2322.739825 -0
334.5050557 -2322.697125 -0
334.5158897 -2322.660625 -0
334.5267227 -2322.587425 -0
334.5375557 -2322.544825 -0
334.5483897 -2322.508225 -0
334.5592227 -2322.465625 -0
334.5700557 -2322.429025 -0
334.5808897 -2322.349825 -0
334.5917227 -2322.276725 -0
334.6025557 -2322.234025 -0
334.6133897 -2322.203525 -0
334.6242227 -2322.160925 -0
334.6350557 -2322.124325 -0
334.6458897 -2322.087825 -0
334.6567227 -2322.008625 -0
334.6675557 -2321.978025 -0
334.6783897 -2321.935425 -0
334.6892227 -2321.898925 -0
334.7000557 -2321.825725 -0
334.7108897 -2321.789225 -0
334.7217227 -2321.716025 -0
334.7325557 -2321.673425 -0
334.7433897 -2321.642925 -0
334.7542227 -2321.600325 -0
334.7650557 -2321.563725 -0
334.7758897 -2321.490625 -0
334.7867227 -2321.454025 -0
334.7975557 -2321.411425 -0
334.8083897 -2321.338325 -0
334.8192227 -2321.338325 -0
334.8300557 -2321.301725 -0
334.8408897 -2321.228625 -0
334.8517227 -2321.186025 -0
334.8625557 -2321.155525 -0
334.8733897 -2321.076325 -0
334.8842227 -2321.070325 -0
334.8950557 -2321.003225 -0
334.9058897 -2320.966625 -0
334.9167227 -2320.887525 -0
334.9275557 -2320.850925 -0
334.9383897 -2320.808425 -0
334.9492227 -2320.771825 -0
334.9600557 -2320.735225 -0
334.9708897 -2320.662125 -0
334.9817227 -2320.619625 -0
334.9925557 -2320.583025 -0
335.0033897 -2320.552425 -0
335.0142227 -2320.509925 -0
335.0250557 -2320.436825 -0
335.0358897 -2320.357725 -0
335.0467227 -2320.363625 -0
335.0575557 -2320.290525 -0
335.0683897 -2320.284525 -0
335.0792227 -2320.211425 -0
335.0900557 -2320.174925 -0
335.1008897 -2320.132325 -0
335.1117227 -2320.059225 -0
335.1225557 -2320.059225 -0
335.1333897 -2319.986125 -0
335.1442227 -2319.949525 -0
335.1550557 -2319.913025 -0
335.1658897 -2319.833925 -0
335.1767227 -2319.797325 -0
335.1875557 -2319.760825 -0
335.1983897 -2319.724225 -0
335.2092227 -2319.651125 -0
335.2200557 -2319.614525 -0
335.2308897 -2319.572025 -0
335.2417227 -2319.541425 -0
335.2525557 -2319.498925 -0
335.2633897 -2319.425825 -0
335.2742227 -2319.389325 -0
335.2850557 -2319.352725 -0
335.2958897 -2319.279625 -0
335.3067227 -2319.243025 -0
335.3175557 -2319.243025 -0
335.3283897 -2319.127425 -0
335.3392227 -2319.127425 -0
335.3500557 -2319.054325 -0
335.3608897 -2319.017825 -0
335.3717227 -2318.981225 -0
335.3825557 -2318.938725 -0
335.3933897 -2318.902225 -0
335.4042227 -2318.829125 -0
335.4150557 -2318.792525 -0
335.4258897 -2318.755925 -0
335.4367227 -2318.713525 -0
335.4475557 -2318.640425 -0
335.4583897 -2318.640425 -0
335.4692227 -2318.597925 -0
335.4800557 -2318.524825 -0
335.4908897 -2318.488225 -0
335.5017227 -2318.445825 -0
335.5125557 -2318.409225 -0
335.5233897 -2318.336125 -0
335.5342227 -2318.330225 -0
335.5450557 -2318.257125 -0
335.5558897 -2318.220625 -0
335.5667227 -2318.184025 -0
335.5775557 -2318.105025 -0
335.5883897 -2318.068525 -0
335.5992227 -2318.031925 -0
335.6100557 -2317.995425 -0
335.6208897 -2317.916425 -0
335.6317227 -2317.879825 -0
335.6425557 -2317.873925 -0
335.6533897 -2317.800825 -0
335.6642227 -2317.764325 -0
335.6750557 -2317.727825 -0
335.6858897 -2317.685325 -0
335.6967227 -2317.612225 -0
335.7075557 -2317.569825 -0
335.7183897 -2317.502625 -0
335.7292227 -2317.496725 -0
335.7400557 -2317.460225 -0
335.7508897 -2317.423625 -0
335.7617227 -2317.344725 -0
335.7725557 -2317.308125 -0
335.7833897 -2317.265725 -0
335.7942227 -2317.229225 -0
335.8050557 -2317.192625 -0
335.8158897 -2317.113725 -0
335.8267227 -2317.113725 -0
335.8375557 -2317.040625 -0
335.8483897 -2316.998225 -0
335.8592227 -2316.961725 -0
335.8700557 -2316.888625 -0
335.8808897 -2316.852125 -0
335.8917227 -2316.815525 -0
335.9025557 -2316.736625 -0
335.9133897 -2316.736625 -0
335.9242227 -2316.700125 -0
335.9350557 -2316.621125 -0
335.9458897 -2316.584625 -0
335.9567227 -2316.511525 -0
335.9675557 -2316.511525 -0
335.9783897 -2316.432625 -0
335.9892227 -2316.396125 -0
336.0000557 -2316.359625 -0
336.0108897 -2316.359625 -0
336.0217227 -2316.280725 -0
336.0325557 -2316.207625 -0
336.0433897 -2316.207625 -0
336.0542227 -2316.134525 -0
336.0650557 -2316.092225 -0
336.0758897 -2316.055625 -0
336.0867227 -2316.019125 -0
336.0975557 -2315.946025 -0
336.1083897 -2315.909525 -0
336.1192227 -2315.867225 -0
336.1300557 -2315.836425 -0
336.1408897 -2315.794125 -0
336.1517227 -2315.757625 -0
336.1625557 -2315.684525 -0
336.1733897 -2315.648025 -0
336.1842227 -2315.611425 -0
336.1950557 -2315.569125 -0
336.2058897 -2315.526825 -0
336.2167227 -2315.453725 -0
336.2275557 -2315.423025 -0
336.2383897 -2315.380725 -0
336.2492227 -2315.344125 -0
336.2600557 -2315.307625 -0
336.2708897 -2315.265325 -0
336.2817227 -2315.228725 -0
336.2925557 -2315.119225 -0
336.3033897 -2315.119225 -0
336.3142227 -2315.082625 -0
336.3250557 -2315.009625 -0
336.3358897 -2314.967325 -0
336.3467227 -2314.930825 -0
336.3575557 -2314.894225 -0
336.3683897 -2314.815425 -0
336.3792227 -2314.815425 -0
336.3900557 -2314.778925 -0
336.4008897 -2314.742325 -0
336.4117227 -2314.700025 -0
336.4225557 -2314.627025 -0
336.4333897 -2314.590525 -0
336.4442227 -2314.554025 -0
336.4550557 -2314.517425 -0
336.4658897 -2314.444425 -0
336.4767227 -2314.407925 -0
336.4875557 -2314.365625 -0
336.4983897 -2314.329125 -0
336.5092227 -2314.292525 -0
336.5200557 -2314.219525 -0
336.5308897 -2314.177225 -0
336.5417227 -2314.177225 -0
336.5525557 -2314.109925 -0
336.5633897 -2314.067625 -0
336.5742227 -2314.031125 -0
336.5850557 -2313.988925 -0
336.5958897 -2313.952325 -0
336.6067227 -2313.885125 -0
336.6175557 -2313.842825 -0
336.6283897 -2313.806325 -0
336.6392227 -2313.727525 -0
336.6500557 -2313.727525 -0
336.6608897 -2313.691025 -0
336.6717227 -2313.612225 -0
336.6825557 -2313.575725 -0
336.6933897 -2313.539225 -0
336.7042227 -2313.496925 -0
336.7150557 -2313.466125 -0
336.7258897 -2313.423925 -0
336.7367227 -2313.350825 -0
336.7475557 -2313.308625 -0
336.7583897 -2313.272125 -0
336.7692227 -2313.235625 -0
336.7800557 -2313.193325 -0
336.7908897 -2313.156825 -0
336.8017227 -2313.120325 -0
336.8125557 -2313.041525 -0
336.8233897 -2313.005025 -0
336.8342227 -2312.962825 -0
336.8450557 -2312.926325 -0
336.8558897 -2312.884125 -0
336.8667227 -2312.847625 -0
336.8775557 -2312.805325 -0
336.8883897 -2312.768825 -0
336.8992227 -2312.726625 -0
336.9100557 -2312.653625 -0
336.9208897 -2312.653625 -0
336.9317227 -2312.580625 -0
336.9425557 -2312.544125 -0
336.9533897 -2312.501925 -0
336.9642227 -2312.465425 -0
336.9750557 -2312.428925 -0
336.9858897 -2312.392425 -0
336.9967227 -2312.319425 -0
337.0075557 -2312.319425 -0
337.0183897 -2312.246325 -0
337.0292227 -2312.204125 -0
337.0400557 -2312.167625 -0
337.0508897 -2312.094625 -0
337.0617227 -2312.094625 -0
337.0725557 -2312.052425 -0
337.0833897 -2311.979425 -0
337.0942227 -2311.942925 -0
337.1050557 -2311.906425 -0
337.1158897 -2311.864325 -0
337.1267227 -2311.791325 -0
337.1375557 -2311.754825 -0
337.1483897 -2311.754825 -0
337.1592227 -2311.718325 -0
337.1700557 -2311.645325 -0
337.1808897 -2311.603125 -0
337.1917227 -2311.566625 -0
337.2025557 -2311.530125 -0
337.2133897 -2311.451425 -0
337.2242227 -2311.414925 -0
337.2350557 -2311.372825 -0
337.2458897 -2311.341925 -0
337.2567227 -2311.268925 -0
337.2675557 -2311.263325 -0
337.2783897 -2311.195925 -0
337.2892227 -2311.153825 -0
337.3000557 -2311.117325 -0
337.3108897 -2311.075125 -0
337.3217227 -2311.044325 -0
337.3325557 -2311.002125 -0
337.3433897 -2310.965725 -0
337.3542227 -2310.892725 -0
337.3650557 -2310.856225 -0
337.3758897 -2310.819725 -0
337.3867227 -2310.783225 -0
337.3975557 -2310.746725 -0
337.4083897 -2310.673725 -0
337.4192227 -2310.637225 -0
337.4300557 -2310.595125 -0
337.4408897 -2310.558625 -0
337.4517227 -2310.522125 -0
337.4625557 -2310.480025 -0
337.4733897 -2310.443525 -0
337.4842227 -2310.412625 -0
337.4950557 -2310.334025 -0
337.5058897 -2310.297525 -0
337.5167227 -2310.261025 -0
337.5275557 -2310.224525 -0
337.5383897 -2310.188025 -0
337.5492227 -2310.109425 -0
337.5600557 -2310.072925 -0
337.5708897 -2310.036425 -0
337.5817227 -2310.036425 -0
337.5925557 -2309.957825 -0
337.6033897 -2309.921325 -0
337.6142227 -2309.848425 -0
337.6250557 -2309.811925 -0
337.6358897 -2309.769825 -0
337.6467227 -2309.738925 -0
337.6575557 -2309.696825 -0
337.6683897 -2309.660325 -0
337.6792227 -2309.587325 -0
337.6900557 -2309.581725 -0
337.7008897 -2309.545225 -0
337.7117227 -2309.472325 -0
337.7225557 -2309.430225 -0
337.7333897 -2309.393725 -0
337.7442227 -2309.357225 -0
337.7550557 -2309.320725 -0
337.7658897 -2309.284225 -0
337.7767227 -2309.242225 -0
337.7875557 -2309.174825 -0
337.7983897 -2309.138325 -0
337.8092227 -2309.096225 -0
337.8200557 -2309.101825 -0
337.8308897 -2308.986825 -0
337.8417227 -2308.950325 -0
337.8525557 -2308.950325 -0
337.8633897 -2308.877325 -0
337.8742227 -2308.840825 -0
337.8850557 -2308.798825 -0
337.8958897 -2308.767925 -0
337.9067227 -2308.725825 -0
337.9175557 -2308.658425 -0
337.9283897 -2308.652825 -0
337.9392227 -2308.616425 -0
337.9500557 -2308.543425 -0
337.9608897 -2308.506925 -0
337.9717227 -2308.470425 -0
337.9825557 -2308.428425 -0
337.9933897 -2308.391925 -0
338.0042227 -2308.355425 -0
338.0150557 -2308.313425 -0
338.0258897 -2308.276925 -0
338.0367227 -2308.240425 -0
338.0475557 -2308.203925 -0
338.0583897 -2308.131025 -0
338.0692227 -2308.094525 -0
338.0800557 -2308.088925 -0
338.0908897 -2308.052525 -0
338.1017227 -2307.979525 -0
338.1125557 -2307.937525 -0
338.1233897 -2307.937525 -0
338.1342227 -2307.864525 -0
338.1450557 -2307.791625 -0
338.1558897 -2307.791625 -0
338.1667227 -2307.718625 -0
338.1775557 -2307.645725 -0
338.1883897 -2307.640125 -0
338.1992227 -2307.603725 -0
338.2100557 -2307.530725 -0
338.2208897 -2307.530725 -0
338.2317227 -2307.494225 -0
338.2425557 -2307.457725 -0
338.2533897 -2307.379325 -0
338.2642227 -2307.342825 -0
338.2750557 -2307.306325 -0
338.2858897 -2307.269825 -0
338.2967227 -2307.233425 -0
338.3075557 -2307.196925 -0
338.3183897 -2307.191425 -0
338.3292227 -2307.118425 -0
338.3400557 -2307.082025 -0
338.3508897 -2307.045525 -0
338.3617227 -2307.003525 -0
338.3725557 -2306.967025 -0
338.3833897 -2306.930525 -0
338.3942227 -2306.852125 -0
338.4050557 -2306.852125 -0
338.4158897 -2306.773625 -0
338.4267227 -2306.737225 -0
338.4375557 -2306.700725 -0
338.4483897 -2306.658725 -0
338.4592227 -2306.622325 -0
338.4700557 -2306.585825 -0
338.4808897 -2306.543825 -0
338.4917227 -2306.507425 -0
338.5025557 -2306.470925 -0
338.5133897 -2306.398025 -0
338.5242227 -2306.356025 -0
338.5350557 -2306.325025 -0
338.5458897 -2306.283125 -0
338.5567227 -2306.283125 -0
338.5675557 -2306.210125 -0
338.5783897 -2306.173725 -0
338.5892227 -2306.137225 -0
338.6000557 -2306.100725 -0
338.6108897 -2306.064325 -0
338.6217227 -2306.022325 -0
338.6325557 -2305.985925 -0
338.6433897 -2305.949425 -0
338.6542227 -2305.871025 -0
338.6650557 -2305.840025 -0
338.6758897 -2305.803525 -0
338.6867227 -2305.761625 -0
338.6975557 -2305.694125 -0
338.7083897 -2305.652225 -0
338.7192227 -2305.615825 -0
338.7300557 -2305.615825 -0
338.7408897 -2305.542825 -0
338.7517227 -2305.506425 -0
338.7625557 -2305.469925 -0
338.7733897 -2305.433425 -0
338.7842227 -2305.391525 -0
338.7950557 -2305.360525 -0
338.8058897 -2305.324025 -0
338.8167227 -2305.287625 -0
338.8275557 -2305.209225 -0
338.8383897 -2305.178225 -0
338.8492227 -2305.136325 -0
338.8600557 -2305.105325 -0
338.8708897 -2305.026925 -0
338.8817227 -2305.026925 -0
338.8925557 -2304.990425 -0
338.9033897 -2304.917525 -0
338.9142227 -2304.881125 -0
338.9250557 -2304.839125 -0
338.9358897 -2304.839125 -0
338.9467227 -2304.802725 -0
338.9575557 -2304.729825 -0
338.9683897 -2304.693325 -0
338.9792227 -2304.656825 -0
338.9900557 -2304.615025 -0
339.0008897 -2304.578525 -0
339.0117227 -2304.542025 -0
339.0225557 -2304.463725 -0
339.0333897 -2304.469125 -0
339.0442227 -2304.427225 -0
339.0550557 -2304.390825 -0
339.0658897 -2304.359725 -0
339.0767227 -2304.281425 -0
339.0875557 -2304.281425 -0
339.0983897 -2304.244925 -0
339.1092227 -2304.208525 -0
339.1200557 -2304.172025 -0
339.1308897 -2304.135625 -0
339.1417227 -2304.057225 -0
339.1525557 -2304.057225 -0
339.1633897 -2303.984325 -0
339.1742227 -2303.953325 -0
339.1850557 -2303.911425 -0
339.1958897 -2303.875025 -0
339.2067227 -2303.838525 -0
339.2175557 -2303.802025 -0
339.2283897 -2303.760225 -0
339.2392227 -2303.723725 -0
339.2500557 -2303.687325 -0
339.2608897 -2303.650825 -0
339.2717227 -2303.572525 -0
339.2825557 -2303.572525 -0
339.2933897 -2303.536125 -0
339.3042227 -2303.499625 -0
339.3150557 -2303.426725 -0
339.3258897 -2303.384925 -0
339.3367227 -2303.384925 -0
339.3475557 -2303.353825 -0
339.3583897 -2303.275525 -0
339.3692227 -2303.275525 -0
339.3800557 -2303.202625 -0
339.3908897 -2303.166125 -0
339.4017227 -2303.129725 -0
339.4125557 -2303.093225 -0
339.4233897 -2303.015025 -0
339.4342227 -2302.983925 -0
339.4450557 -2302.978525 -0
339.4558897 -2302.947425 -0
339.4667227 -2302.905625 -0
339.4775557 -2302.838125 -0
339.4883897 -2302.832725 -0
339.4992227 -2302.759825 -0
339.5100557 -2302.759825 -0
339.5208897 -2302.723425 -0
339.5317227 -2302.645125 -0
339.5425557 -2302.608625 -0
339.5533897 -2302.572225 -0
339.5642227 -2302.535725 -0
339.5750557 -2302.499325 -0
339.5858897 -2302.462825 -0
339.5967227 -2302.426425 -0
339.6075557 -2302.384625 -0
339.6183897 -2302.348125 -0
339.6292227 -2302.311725 -0
339.6400557 -2302.275225 -0
339.6508897 -2302.233425 -0
339.6617227 -2302.160525 -0
339.6725557 -2302.160525 -0
339.6833897 -2302.093025 -0
339.6942227 -2302.051225 -0
339.7050557 -2302.014825 -0
339.7158897 -2301.978325 -0
339.7267227 -2301.941925 -0
339.7375557 -2301.936525 -0
339.7483897 -2301.863625 -0
339.7592227 -2301.827225 -0
339.7700557 -2301.754325 -0
339.7808897 -2301.754325 -0
339.7917227 -2301.717825 -0
339.8025557 -2301.645025 -0
339.8133897 -2301.645025 -0
339.8242227 -2301.608525 -0
339.8350557 -2301.572125 -0
339.8458897 -2301.499225 -0
339.8567227 -2301.499225 -0
339.8675557 -2301.426325 -0
339.8783897 -2301.426325 -0
339.8892227 -2301.348125 -0
339.9000557 -2301.353425 -0
339.9108897 -2301.275225 -0
339.9217227 -2301.238725 -0
339.9325557 -2301.202325 -0
339.9433897 -2301.165825 -0
339.9542227 -2301.124125 -0
339.9650557 -2301.124125 -0
339.9758897 -2301.051225 -0
339.9867227 -2301.051225 -0
339.9975557 -2301.014825 -0
340.0083897 -2300.941925 -0
340.0192227 -2300.905425 -0
340.0300557 -2300.869025 -0
340.0408897 -2300.827225 -0
340.0517227 -2300.790825 -0
340.0625557 -2300.759725 -0
340.0733897 -2300.717925 -0
340.0842227 -2300.681525 -0
340.0950557 -2300.639725 -0
340.1058897 -2300.608625 -0
340.1167227 -2300.572225 -0
340.1275557 -2300.494025 -0
340.1383897 -2300.494025 -0
340.1492227 -2300.457525 -0
340.1600557 -2300.384725 -0
340.1708897 -2300.384725 -0
340.1817227 -2300.311825 -0
340.1925557 -2300.306525 -0
340.2033897 -2300.233625 -0
340.2142227 -2300.233625 -0
340.2250557 -2300.197225 -0
340.2358897 -2300.160725 -0
340.2467227 -2300.124325 -0
340.2575557 -2300.087925 -0
340.2683897 -2300.051425 -0
340.2792227 -2300.015025 -0
340.2900557 -2299.978525 -0
340.3008897 -2299.905725 -0
340.3117227 -2299.869225 -0
340.3225557 -2299.864025 -0
340.3333897 -2299.832825 -0
340.3442227 -2299.759925 -0
340.3550557 -2299.687025 -0
340.3658897 -2299.687025 -0
340.3767227 -2299.650625 -0
340.3875557 -2299.614125 -0
340.3983897 -2299.572525 -0
340.4092227 -2299.536025 -0
340.4200557 -2299.536025 -0
340.4308897 -2299.463125 -0
340.4417227 -2299.426725 -0
340.4525557 -2299.390325 -0
340.4633897 -2299.353825 -0
340.4742227 -2299.317425 -0
340.4850557 -2299.280925 -0
340.4958897 -2299.244525 -0
340.5067227 -2299.208125 -0
340.5175557 -2299.171625 -0
340.5283897 -2299.135225 -0
340.5392227 -2299.062325 -0
340.5500557 -2299.057125 -0
340.5608897 -2298.989425 -0
340.5717227 -2298.947825 -0
340.5825557 -2298.947825 -0
340.5933897 -2298.911325 -0
340.6042227 -2298.843725 -0
340.6150557 -2298.838525 -0
340.6258897 -2298.765625 -0
340.6367227 -2298.760425 -0
340.6475557 -2298.692725 -0
340.6583897 -2298.656325 -0
340.6692227 -2298.619825 -0
340.6800557 -2298.578225 -0
340.6908897 -2298.547025 -0
340.7017227 -2298.547025 -0
340.7125557 -2298.468925 -0
340.7233897 -2298.468925 -0
340.7342227 -2298.432425 -0
340.7450557 -2298.396025 -0
340.7558897 -2298.359625 -0
340.7667227 -2298.286725 -0
340.7775557 -2298.250325 -0
340.7883897 -2298.250325 -0
340.7992227 -2298.213825 -0
340.8100557 -2298.172225 -0
340.8208897 -2298.141025 -0
340.8317227 -2298.099325 -0
340.8425557 -2298.062925 -0
340.8533897 -2298.026425 -0
340.8642227 -2297.953625 -0
340.8750557 -2297.917125 -0
340.8858897 -2297.911925 -0
340.8967227 -2297.839125 -0
340.9075557 -2297.839125 -0
340.9183897 -2297.802625 -0
340.9292227 -2297.761025 -0
340.9400557 -2297.693325 -0
340.9508897 -2297.688225 -0
340.9617227 -2297.651725 -0
340.9725557 -2297.615325 -0
340.9833897 -2297.578925 -0
340.9942227 -2297.542425 -0
341.0050557 -2297.506025 -0
341.0158897 -2297.469625 -0
341.0267227 -2297.433125 -0
341.0375557 -2297.396725 -0
341.0483897 -2297.360325 -0
341.0592227 -2297.323825 -0
341.0700557 -2297.251025 -0
341.0808897 -2297.251025 -0
341.0917227 -2297.214525 -0
341.1025557 -2297.214525 -0
341.1133897 -2297.141725 -0
341.1242227 -2297.105325 -0
341.1350557 -2297.068825 -0
341.1458897 -2297.037625 -0
341.1567227 -2296.996025 -0
341.1675557 -2296.959525 -0
341.1783897 -2296.923125 -0
341.1892227 -2296.886725 -0
341.2000557 -2296.850225 -0
341.2108897 -2296.850225 -0
341.2217227 -2296.813825 -0
341.2325557 -2296.740925 -0
341.2433897 -2296.740925 -0
341.2542227 -2296.662925 -0
341.2650557 -2296.626525 -0
341.2758897 -2296.590125 -0
341.2867227 -2296.553625 -0
341.2975557 -2296.517225 -0
341.3083897 -2296.480825 -0
341.3192227 -2296.449525 -0
341.3300557 -2296.407925 -0
341.3408897 -2296.371525 -0
341.3517227 -2296.340225 -0
341.3625557 -2296.298625 -0
341.3733897 -2296.262225 -0
341.3842227 -2296.225825 -0
341.3950557 -2296.225825 -0
341.4058897 -2296.189325 -0
341.4167227 -2296.116525 -0
341.4275557 -2296.080025 -0
341.4383897 -2296.043625 -0
341.4492227 -2296.007225 -0
341.4600557 -2295.970725 -0
341.4708897 -2295.970725 -0
341.4817227 -2295.934325 -0
341.4925557 -2295.861425 -0
341.5033897 -2295.856325 -0
341.5142227 -2295.783525 -0
341.5250557 -2295.747025 -0
341.5358897 -2295.752225 -0
341.5378337 -2295.674225 -0
341.5381117 -2295.200625 -0
341.5383897 -2295.892825 -0
341.5408897 -2295.497125 -0
341.5517227 -2295.642925 -0
341.5625557 -2295.642925 -0
341.5733897 -2295.564925 -0
341.5842227 -2295.570025 -0
341.5950557 -2295.528525 -0
341.6058897 -2295.497125 -0
341.6167227 -2295.419225 -0
341.6275557 -2295.419225 -0
341.6383897 -2295.351425 -0
341.6492227 -2295.346325 -0
341.6600557 -2295.309925 -0
341.6708897 -2295.273525 -0
341.6817227 -2295.273525 -0
341.6925557 -2295.237025 -0
341.7033897 -2295.200625 -0
341.7142227 -2295.127725 -0
341.7250557 -2295.127725 -0
341.7358897 -2295.049825 -0
341.7467227 -2295.013425 -0
341.7575557 -2294.982025 -0
341.7683897 -2294.976925 -0
341.7792227 -2294.904125 -0
341.7900557 -2294.867725 -0
341.8008897 -2294.831225 -0
341.8117227 -2294.794825 -0
341.8225557 -2294.794825 -0
341.8333897 -2294.758425 -0
341.8442227 -2294.721925 -0
341.8550557 -2294.685525 -0
341.8658897 -2294.644025 -0
341.8767227 -2294.612725 -0
341.8875557 -2294.576225 -0
341.8983897 -2294.571225 -0
341.9092227 -2294.534725 -0
341.9200557 -2294.461925 -0
341.9308897 -2294.425425 -0
341.9417227 -2294.389025 -0
341.9525557 -2294.352625 -0
341.9633897 -2294.357725 -0
341.9742227 -2294.279725 -0
341.9850557 -2294.284825 -0
341.9958897 -2294.206925 -0
342.0067227 -2294.170525 -0
342.0175557 -2294.134025 -0
342.0283897 -2294.134025 -0
342.0392227 -2294.061225 -0
342.0500557 -2294.024825 -0
342.0608897 -2294.029825 -0
342.0717227 -2293.988325 -0
342.0825557 -2293.951925 -0
342.0933897 -2293.915525 -0
342.1042227 -2293.879025 -0
342.1150557 -2293.842625 -0
342.1258897 -2293.806225 -0
342.1367227 -2293.806225 -0
342.1475557 -2293.728325 -0
342.1583897 -2293.728325 -0
342.1692227 -2293.696925 -0
342.1800557 -2293.660525 -0
342.1908897 -2293.624125 -0
342.2017227 -2293.551225 -0
342.2125557 -2293.509725 -0
342.2233897 -2293.473325 -0
342.2342227 -2293.473325 -0
342.2450557 -2293.436925 -0
342.2558897 -2293.364025 -0
342.2667227 -2293.364025 -0
342.2775557 -2293.327625 -0
342.2883897 -2293.291225 -0
342.2992227 -2293.254825 -0
342.3100557 -2293.254825 -0
342.3208897 -2293.176925 -0
342.3317227 -2293.145525 -0
342.3425557 -2293.109125 -0
342.3533897 -2293.067625 -0
342.3642227 -2293.067625 -0
342.3750557 -2292.994825 -0
342.3858897 -2292.994825 -0
342.3967227 -2292.958325 -0
342.4075557 -2292.921925 -0
342.4183897 -2292.849125 -0
342.4292227 -2292.849125 -0
342.4400557 -2292.812625 -0
342.4508897 -2292.776225 -0
342.4617227 -2292.734825 -0
342.4725557 -2292.698425 -0
342.4833897 -2292.661925 -0
342.4942227 -2292.625525 -0
342.5050557 -2292.584125 -0
342.5158897 -2292.552725 -0
342.5267227 -2292.516325 -0
342.5375557 -2292.516325 -0
342.5483897 -2292.479825 -0
342.5592227 -2292.438425 -0
342.5700557 -2292.370625 -0
342.5808897 -2292.365625 -0
342.5917227 -2292.329125 -0
342.6025557 -2292.297725 -0
342.6133897 -2292.256325 -0
342.6242227 -2292.219925 -0
342.6350557 -2292.183525 -0
342.6458897 -2292.142025 -0
342.6567227 -2292.110625 -0
342.6675557 -2292.074225 -0
342.6783897 -2292.037825 -0
342.6892227 -2292.037825 -0
342.7000557 -2292.001425 -0
342.7108897 -2291.928525 -0
342.7217227 -2291.887125 -0
342.7325557 -2291.892125 -0
342.7433897 -2291.850725 -0
342.7542227 -2291.814325 -0
342.7650557 -2291.741425 -0
342.7758897 -2291.741425 -0
342.7867227 -2291.705025 -0
342.7975557 -2291.668625 -0
342.8083897 -2291.632225 -0
342.8192227 -2291.595725 -0
342.8300557 -2291.554425 -0
342.8408897 -2291.481525 -0
342.8517227 -2291.481525 -0
342.8625557 -2291.445125 -0
342.8733897 -2291.408725 -0
342.8842227 -2291.372325 -0
342.8950557 -2291.335825 -0
342.9058897 -2291.299425 -0
342.9167227 -2291.263025 -0
342.9275557 -2291.226625 -0
342.9383897 -2291.190225 -0
342.9492227 -2291.185225 -0
342.9600557 -2291.153725 -0
342.9708897 -2291.112425 -0
342.9817227 -2291.076025 -0
342.9925557 -2291.003125 -0
343.0033897 -2291.003125 -0
343.0142227 -2290.966725 -0
343.0250557 -2290.925325 -0
343.0358897 -2290.893925 -0
343.0467227 -2290.857525 -0
343.0575557 -2290.816125 -0
343.0683897 -2290.821025 -0
343.0792227 -2290.743325 -0
343.0900557 -2290.748225 -0
343.1008897 -2290.711825 -0
343.1117227 -2290.670425 -0
343.1225557 -2290.634025 -0
343.1333897 -2290.597625 -0
343.1442227 -2290.561225 -0
343.1550557 -2290.524825 -0
343.1658897 -2290.488425 -0
343.1767227 -2290.415525 -0
343.1875557 -2290.415525 -0
343.1983897 -2290.379125 -0
343.2092227 -2290.374225 -0
343.2200557 -2290.306325 -0
343.2308897 -2290.269925 -0
343.2417227 -2290.269925 -0
343.2525557 -2290.233425 -0
343.2633897 -2290.197025 -0
343.2742227 -2290.124225 -0
343.2850557 -2290.124225 -0
343.2958897 -2290.051425 -0
343.3067227 -2290.046425 -0
343.3175557 -2290.014925 -0
343.3283897 -2289.973625 -0
343.3392227 -2289.942125 -0
343.3500557 -2289.900825 -0
343.3608897 -2289.864425 -0
343.3717227 -2289.828025 -0
343.3825557 -2289.791525 -0
343.3933897 -2289.760025 -0
343.4042227 -2289.755125 -0
343.4150557 -2289.682325 -0
343.4258897 -2289.682325 -0
343.4367227 -2289.645925 -0
343.4475557 -2289.609525 -0
343.4583897 -2289.573025 -0
343.4692227 -2289.536625 -0
343.4800557 -2289.500225 -0
343.4908897 -2289.463825 -0
343.5017227 -2289.427425 -0
343.5125557 -2289.427425 -0
343.5233897 -2289.354625 -0
343.5342227 -2289.313325 -0
343.5450557 -2289.281725 -0
343.5558897 -2289.240425 -0
343.5667227 -2289.245325 -0
343.5775557 -2289.208925 -0
343.5883897 -2289.172525 -0
343.5992227 -2289.136125 -0
343.6100557 -2289.099725 -0
343.6208897 -2289.058425 -0
343.6317227 -2289.021925 -0
343.6425557 -2288.990425 -0
343.6533897 -2288.949125 -0
343.6642227 -2288.912725 -0
343.6750557 -2288.912725 -0
343.6858897 -2288.839925 -0
343.6967227 -2288.808325 -0
343.7075557 -2288.771925 -0
343.7183897 -2288.735525 -0
343.7292227 -2288.694225 -0
343.7400557 -2288.699125 -0
343.7508897 -2288.657825 -0
343.7617227 -2288.621425 -0
343.7725557 -2288.589825 -0
343.7833897 -2288.553425 -0
343.7942227 -2288.553425 -0
343.8050557 -2288.475725 -0
343.8158897 -2288.444225 -0
343.8267227 -2288.444225 -0
343.8375557 -2288.366525 -0
343.8483897 -2288.334925 -0
343.8592227 -2288.334925 -0
343.8700557 -2288.257325 -0
343.8808897 -2288.257325 -0
343.8917227 -2288.189325 -0
343.9025557 -2288.225725 -0
343.9133897 -2288.152925 -0
343.9242227 -2288.075225 -0
343.9350557 -2288.080025 -0
343.9458897 -2288.043625 -0
343.9567227 -2288.043625 -0
343.9675557 -2287.970825 -0
343.9783897 -2287.934425 -0
343.9892227 -2287.934425 -0
344.0000557 -2287.898025 -0
344.0108897 -2287.861525 -0
344.0217227 -2287.825125 -0
344.0325557 -2287.788725 -0
344.0433897 -2287.752325 -0
344.0542227 -2287.679525 -0
344.0650557 -2287.674625 -0
344.0758897 -2287.643125 -0
344.0867227 -2287.638225 -0
344.0975557 -2287.570225 -0
344.1083897 -2287.529025 -0
344.1192227 -2287.529025 -0
344.1300557 -2287.492625 -0
344.1408897 -2287.456225 -0
344.1517227 -2287.419725 -0
344.1625557 -2287.383325 -0
344.1733897 -2287.346925 -0
344.1842227 -2287.310525 -0
344.1950557 -2287.274125 -0
344.2058897 -2287.269325 -0
344.2167227 -2287.201325 -0
344.2275557 -2287.164825 -0
344.2383897 -2287.164825 -0
344.2492227 -2287.128425 -0
344.2600557 -2287.087225 -0
344.2708897 -2287.055625 -0
344.2817227 -2287.019225 -0
344.2925557 -2286.978025 -0
344.3033897 -2286.941625 -0
344.3142227 -2286.941625 -0
344.3250557 -2286.873525 -0
344.3358897 -2286.832325 -0
344.3467227 -2286.837125 -0
344.3575557 -2286.795925 -0
344.3683897 -2286.759525 -0
344.3792227 -2286.723125 -0
344.3900557 -2286.686725 -0
344.4008897 -2286.645525 -0
344.4117227 -2286.613825 -0
344.4225557 -2286.572625 -0
344.4333897 -2286.577425 -0
344.4442227 -2286.541025 -0
344.4550557 -2286.504625 -0
344.4658897 -2286.468225 -0
344.4767227 -2286.431825 -0
344.4875557 -2286.390625 -0
344.4983897 -2286.395425 -0
344.5092227 -2286.317825 -0
344.5200557 -2286.317825 -0
344.5308897 -2286.244925 -0
344.5417227 -2286.244925 -0
344.5525557 -2286.213325 -0
344.5633897 -2286.172125 -0
344.5742227 -2286.172125 -0
344.5850557 -2286.099325 -0
344.5958897 -2286.062925 -0
344.6067227 -2286.062925 -0
344.6175557 -2286.021725 -0
344.6283897 -2285.985325 -0
344.6392227 -2285.912525 -0
344.6500557 -2285.912525 -0
344.6608897 -2285.876125 -0
344.6717227 -2285.839725 -0
344.6825557 -2285.834925 -0
344.6933897 -2285.803325 -0
344.7042227 -2285.762125 -0
344.7150557 -2285.730425 -0
344.7258897 -2285.694025 -0
344.7367227 -2285.657625 -0
344.7475557 -2285.657625 -0
344.7583897 -2285.580025 -0
344.7692227 -2285.543625 -0
344.7800557 -2285.548425 -0
344.7908897 -2285.470825 -0
344.8017227 -2285.470825 -0
344.8125557 -2285.439225 -0
344.8233897 -2285.434425 -0
344.8342227 -2285.366325 -0
344.8450557 -2285.329925 -0
344.8558897 -2285.325225 -0
344.8667227 -2285.257125 -0
344.8775557 -2285.252425 -0
344.8883897 -2285.216025 -0
344.8992227 -2285.179525 -0
344.9100557 -2285.143125 -0
344.9208897 -2285.106725 -0
344.9317227 -2285.070325 -0
344.9425557 -2285.070325 -0
344.9533897 -2285.033925 -0
344.9642227 -2284.961125 -0
344.9750557 -2284.924725 -0
344.9858897 -2284.888325 -0
344.9967227 -2284.888325 -0
345.0075557 -2284.888325 1956.330864
345.0183897 -2284.815525 1956.119212
345.0292227 -2284.779125 1956.13749
345.0400557 -2284.779125 1955.954467
345.0508897 -2284.706225 1956.298075
345.0617227 -2284.706225 1956.086464
345.0725557 -2284.633425 1957.737593
345.0833897 -2284.633425 1957.629545
345.0942227 -2284.601725 1955.997243
345.1050557 -2284.560625 1955.785683
345.1158897 -2284.524225 1957.405112
345.1267227 -2284.487825 1957.219871
345.1375557 -2284.451425 1957.184191
345.1483897 -2284.451425 1956.97253
345.1592227 -2284.415025 1958.056749
345.1700557 -2284.342125 1957.95088
345.1808897 -2284.342125 1956.928096
345.1917227 -2284.305725 1956.795665
345.2025557 -2284.305725 1956.739596
345.2133897 -2284.269325 1956.635981
345.2242227 -2284.196525 1957.377669
345.2350557 -2284.196525 1957.245207
345.2458897 -2284.160125 1957.903977
345.2567227 -2284.123725 1957.261829
345.2675557 -2284.087325 1957.048067
345.2783897 -2284.050925 1956.985608
345.2892227 -2284.046225 1956.877661
345.3000557 -2284.014525 1955.7893
345.3108897 -2283.978125 1955.577884
345.3217227 -2283.900625 1954.772646
345.3325557 -2283.900625 1954.746378
345.3433897 -2283.868825 1955.857283
345.3542227 -2283.868825 1955.645887
345.3650557 -2283.796025 1955.087198
345.3758897 -2283.796025 1955.060937
345.3867227 -2283.759625 1954.447948
345.3975557 -2283.723225 1954.080144
345.4083897 -2283.686825 1954.291813
345.4192227 -2283.650425 1954.265607
345.4300557 -2283.614025 1954.575637
345.4408897 -2283.577625 1954.364435
345.4517227 -2283.541225 1954.208248
345.4625557 -2283.504825 1954.182051
345.4733897 -2283.468325 1951.032701
345.4842227 -2283.468325 1950.903244
345.4950557 -2283.468325 1952.779702
345.5058897 -2283.395525 1952.67639
345.5167227 -2283.395525 1954.602741
345.5275557 -2283.359125 1954.39377
345.5383897 -2283.286325 1953.522885
345.5492227 -2283.249925 1953.417378
345.5600557 -2283.249925 1951.331786
345.5708897 -2283.249925 1951.226408
345.5817227 -2283.177125 1951.58908
345.5925557 -2283.140725 1952.761183
345.6033897 -2283.104325 1952.635956
345.6142227 -2283.067825 1952.243327
345.6250557 -2283.067825 1952.142029
345.6358897 -2283.031425 1951.94151
345.6467227 -2282.999725 1951.657837
345.6575557 -2282.995025 1953.981062
345.6683897 -2282.922225 1953.877723
345.6792227 -2282.922225 1949.959893
345.6900557 -2282.849425 1949.751508
345.7008897 -2282.854125 1951.253201
345.7117227 -2282.813025 1951.147863
345.7225557 -2282.776625 1951.645972
345.7333897 -2282.740225 1951.44178
345.7442227 -2282.708425 1949.292525
345.7550557 -2282.667425 1949.189476
345.7658897 -2282.667425 1952.930228
345.7767227 -2282.630925 1952.798791
345.7875557 -2282.599225 1953.556936
345.7983897 -2282.558125 1953.45366
345.8092227 -2282.521725 1953.739463
345.8200557 -2282.485325 1953.528583
345.8308897 -2282.485325 1952.345505
345.8417227 -2282.448925 1952.242318
345.8525557 -2282.412525 1951.157962
345.8633897 -2282.376125 1951.028733
345.8742227 -2282.339725 1951.281749
345.8850557 -2282.303325 1951.176465
345.8958897 -2282.271525 1952.559204
345.9067227 -2282.230525 1952.453862
345.9175557 -2282.230525 1952.308321
345.9283897 -2282.194025 1952.332769
345.9392227 -2282.121225 1952.124286
345.9500557 -2282.125925 1949.589446
345.9608897 -2282.084825 1949.484272
345.9717227 -2282.053025 1950.109977
345.9825557 -2282.053025 1949.978968
345.9933897 -2281.980225 1952.557611
346.0042227 -2281.980225 1952.452281
346.0150557 -2281.943825 1950.995959
346.0258897 -2281.871025 1950.789618
346.0367227 -2281.871025 1952.425858
346.0475557 -2281.834625 1952.241173
346.0583897 -2281.798225 1948.715396
346.0692227 -2281.761825 1948.505217
346.0800557 -2281.761825 1951.698916
346.0908897 -2281.688925 1951.675007
346.1017227 -2281.688925 1952.958457
346.1125557 -2281.652525 1952.752176
346.1233897 -2281.616125 1953.421696
346.1342227 -2281.579725 1953.31853
346.1450557 -2281.579725 1952.725716
346.1558897 -2281.543325 1952.51515
346.1667227 -2281.506925 1954.985224
346.1775557 -2281.470525 1954.879828
346.1883897 -2281.470525 1953.748475
346.1992227 -2281.397725 1953.643156
346.2100557 -2281.402325 1952.461508
346.2208897 -2281.361225 1952.356262
346.2317227 -2281.288425 1956.299357
346.2425557 -2281.288425 1956.191746
346.2533897 -2281.256625 1956.625695
346.2642227 -2281.183825 1955.246701
346.2750557 -2281.179225 1955.037891
346.2858897 -2281.147425 1955.707169
346.2967227 -2281.106425 1955.680937
346.3075557 -2281.111025 1953.632707
346.3183897 -2281.074625 1953.501305
346.3292227 -2281.038225 1953.907275
346.3400557 -2281.001725 1953.881144
346.3508897 -2281.001725 1956.056829
346.3617227 -2280.928925 1955.848194
346.3725557 -2280.892525 1956.428376
346.3833897 -2280.897125 1956.322963
346.3942227 -2280.824325 1955.734471
346.4050557 -2280.783325 1955.523739
346.4158897 -2280.746925 1955.987314
346.4267227 -2280.751425 1955.881939
346.4375557 -2280.715025 1960.661145
346.4483897 -2280.678625 1960.370734
346.4592227 -2280.642225 1959.824439
346.4700557 -2280.642225 1959.718861
346.4808897 -2280.605825 1956.954438
346.4917227 -2280.569425 1956.849025
346.5025557 -2280.501125 1959.094499
346.5133897 -2280.496625 1958.988983
346.5242227 -2280.423725 1959.06014
346.5350557 -2280.423725 1958.954637
346.5458897 -2280.350925 1959.487072
346.5567227 -2280.350925 1959.302165
346.5675557 -2280.314525 1958.089682
346.5783897 -2280.319125 1957.984245
346.5892227 -2280.278125 1960.403768
346.6000557 -2280.205325 1962.168702
346.6108897 -2280.205325 1961.957398
346.6217227 -2280.173425 1961.165301
346.6325557 -2280.137025 1961.059707
346.6433897 -2280.132425 1961.976896
346.6542227 -2280.059625 1961.7678
346.6650557 -2280.064225 1961.48568
346.6758897 -2279.986825 1961.382242
346.6867227 -2279.986825 1962.420532
346.6975557 -2279.950425 1962.211198
346.7083897 -2279.914025 1960.855851
346.7192227 -2279.845725 1960.671132
346.7300557 -2279.841125 1964.331798
346.7408897 -2279.809325 1964.120344
346.7517227 -2279.809325 1961.94585
346.7625557 -2279.768325 1961.840255
346.7733897 -2279.731925 1960.816513
346.7842227 -2279.695525 1960.71099
346.7950557 -2279.659125 1960.933854
346.8058897 -2279.622725 1960.828318
346.8167227 -2279.590825 1963.946524
346.8275557 -2279.554425 1963.759502
346.8383897 -2279.518025 1963.179795
346.8492227 -2279.481525 1963.07633
346.8600557 -2279.481525 1964.282932
346.8708897 -2279.404225 1964.17725
346.8817227 -2279.404225 1965.351934
346.8925557 -2279.335925 1965.327533
346.9033897 -2279.335925 1963.042154
346.9142227 -2279.299525 1962.857388
346.9250557 -2279.263125 1962.404382
346.9358897 -2279.263125 1962.131848
346.9467227 -2279.226625 1961.922704
346.9575557 -2279.190225 1960.706888
346.9683897 -2279.153825 1960.60359
346.9792227 -2279.117425 1960.557972
346.9900557 -2279.081025 1960.349232
347.0008897 -2279.076525 1962.590948
347.0117227 -2279.008225 1962.566506
347.0225557 -2279.008225 1962.398668
347.0333897 -2278.971725 1962.268708
347.0442227 -2278.971725 1962.187737
347.0550557 -2278.898925 1962.084386
347.0658897 -2278.898925 1960.06711
347.0767227 -2278.862525 1959.961716
347.0875557 -2278.826125 1960.453271
347.0983897 -2278.753325 1960.347859
347.1092227 -2278.789725 1959.091855
347.1200557 -2278.753325 1958.988479
347.1308897 -2278.716825 1959.775935
347.1417227 -2278.680425 1959.670563
347.1525557 -2278.607625 1960.939607
347.1633897 -2278.607625 1960.834184
347.1742227 -2278.571225 1960.524592
347.1850557 -2278.539325 1960.419203
347.1958897 -2278.498425 1958.292987
347.2067227 -2278.498425 1958.18773
347.2175557 -2278.466525 1958.385634
347.2283897 -2278.430025 1958.280375
347.2392227 -2278.393625 1957.132292
347.2500557 -2278.393625 1957.104107
347.2608897 -2278.357225 1957.187895
347.2717227 -2278.320825 1957.001586
347.2825557 -2278.284425 1956.793414
347.2933897 -2278.248025 1957.642622
347.3042227 -2278.252525 1957.537421
347.3150557 -2278.179625 1956.311797
347.3258897 -2278.179625 1956.180716
347.3367227 -2278.143225 1959.303198
347.3475557 -2278.106825 1959.197912
347.3583897 -2278.070425 1957.557745
347.3692227 -2278.034025 1957.347389
347.3800557 -2278.002025 1955.947174
347.3908897 -2278.002025 1955.842091
347.4017227 -2277.965625 1955.427098
347.4125557 -2277.929225 1955.401221
347.4233897 -2277.929225 1957.714068
347.4342227 -2277.897225 1957.529736
347.4450557 -2277.824425 1955.780719
347.4558897 -2277.824425 1955.596504
347.4667227 -2277.788025 1953.829905
347.4775557 -2277.751625 1953.645786
347.4883897 -2277.715125 1954.387424
347.4992227 -2277.719625 1954.36162
347.5100557 -2277.683225 1955.129719
347.5208897 -2277.646825 1955.02277
347.5317227 -2277.610425 1953.989849
347.5425557 -2277.573925 1953.882972
347.5533897 -2277.505625 1954.841989
347.5642227 -2277.537525 1954.737021
347.5750557 -2277.542025 1956.381706
347.5858897 -2277.469125 1956.197501
347.5967227 -2277.432725 1955.047762
347.6075557 -2277.396325 1955.232575
347.6183897 -2277.359925 1954.941506
347.6292227 -2277.364325 1955.63034
347.6400557 -2277.327925 1955.525348
347.6508897 -2277.291525 1955.656131
347.6617227 -2277.255125 1955.525324
347.6725557 -2277.218625 1956.141213
347.6833897 -2277.223125 1956.115368
347.6942227 -2277.186725 1954.962515
347.7050557 -2277.113825 1954.857575
347.7158897 -2277.113825 1954.579007
347.7267227 -2277.077425 1954.553052
347.7375557 -2277.081825 1958.406557
347.7483897 -2277.009025 1958.301455
347.7592227 -2277.004625 1956.671755
347.7700557 -2277.004625 1956.566749
347.7808897 -2276.936125 1954.120113
347.7917227 -2276.940625 1954.015254
347.8025557 -2276.867725 1954.5055
347.8133897 -2276.831325 1954.321445
347.8242227 -2276.831325 1954.797321
347.8350557 -2276.758525 1954.694382
347.8458897 -2276.762925 1953.227774
347.8567227 -2276.722025 1953.12298
347.8675557 -2276.685625 1953.670486
347.8783897 -2276.690025 1953.646797
347.8892227 -2276.653625 1954.420474
347.9000557 -2276.658025 1954.31563
347.9108897 -2276.621625 1954.690562
347.9217227 -2276.544325 1954.585714
347.9325557 -2276.512325 1954.971033
347.9433897 -2276.512325 1952.83257
347.9542227 -2276.480325 1952.623082
347.9650557 -2276.439525 1955.60433
347.9758897 -2276.439525 1955.499441
347.9867227 -2276.407525 1955.796794
347.9975557 -2276.371025 1955.693857
348.0083897 -2276.334625 1955.331868
348.0192227 -2276.298225 1955.226998
348.0300557 -2276.266225 1957.629721
348.0408897 -2276.266225 1957.526691
348.0517227 -2276.229725 1957.506496
348.0625557 -2276.193325 1957.39958
348.0733897 -2276.161325 1956.869188
348.0842227 -2276.124825 1956.76427
348.0950557 -2276.124825 1958.279793
348.1058897 -2276.088425 1958.253971
348.1167227 -2276.015525 1957.190599
348.1275557 -2276.015525 1957.087629
348.1383897 -2275.983525 1956.337974
348.1492227 -2275.947125 1956.235043
348.1600557 -2275.910725 1957.127353
348.1708897 -2275.910725 1957.02439
348.1817227 -2275.842225 1955.841516
348.1925557 -2275.842225 1955.815851
348.2033897 -2275.805825 1958.373272
348.2142227 -2275.769325 1958.268314
348.2250557 -2275.737325 1958.661819
348.2358897 -2275.737325 1958.556848
348.2467227 -2275.664425 1959.307974
348.2575557 -2275.700925 1959.282145
348.2683897 -2275.664425 1959.793114
348.2792227 -2275.591525 1957.278079
348.2900557 -2275.628025 1957.252368
348.3008897 -2275.559525 1960.853549
348.3117227 -2275.518725 1960.74848
348.3225557 -2275.486625 1960.550479
348.3333897 -2275.450225 1960.447389
348.3442227 -2275.450225 1961.091629
348.3550557 -2275.413725 1960.907381
348.3658897 -2275.381725 1960.974385
348.3767227 -2275.345325 1960.950444
348.3875557 -2275.345325 1959.21941
348.3983897 -2275.272425 1959.191457
348.4092227 -2275.272425 1960.408482
348.4200557 -2275.235925 1960.384378
348.4308897 -2275.235925 1959.253409
348.4417227 -2275.167425 1959.227418
348.4525557 -2275.167425 1960.001739
348.4633897 -2275.098925 1959.973982
348.4742227 -2275.094625 1960.006481
348.4850557 -2275.094625 1959.901502
348.4958897 -2275.062525 1962.265216
348.5067227 -2274.989625 1962.160127
348.5175557 -2274.957525 1960.989425
348.5283897 -2274.953225 1960.884417
348.5392227 -2274.916725 1961.81839
348.5500557 -2274.880325 1961.713348
348.5608897 -2274.884625 1961.451154
348.5717227 -2274.811825 1961.241129
348.5825557 -2274.816125 1960.013052
348.5933897 -2274.775325 1959.989238
348.6042227 -2274.738925 1960.732279
348.6150557 -2274.706825 1959.76528
348.6258897 -2274.706825 1959.660367
348.6367227 -2274.633925 1959.558472
348.6475557 -2274.638325 1959.532744
348.6583897 -2274.601825 1959.086443
348.6692227 -2274.565425 1959.060749
348.6800557 -2274.569725 1960.066592
348.6908897 -2274.496825 1959.961669
348.7017227 -2274.496825 1961.710119
348.7125557 -2274.460425 1961.684287
348.7233897 -2274.423925 1963.13212
348.7342227 -2274.423925 1963.027057
348.7450557 -2274.423925 1961.589912
348.7558897 -2274.355425 1961.484943
348.7667227 -2274.319025 1963.711867
348.7775557 -2274.282525 1963.685739
348.7883897 -2274.282525 1961.15696
348.7992227 -2274.250425 1961.052027
348.8100557 -2274.177525 1961.702312
348.8208897 -2274.177525 1961.597343
348.8317227 -2274.181925 1962.136372
348.8425557 -2274.141125 1962.189724
348.8533897 -2274.108925 1962.167561
348.8642227 -2274.036025 1961.957624
348.8750557 -2274.036025 1961.716823
348.8858897 -2273.999625 1961.611888
348.8967227 -2273.999625 1961.707876
348.9075557 -2273.963125 1961.577189
348.9183897 -2273.931025 1960.843435
348.9292227 -2273.931025 1960.661347
348.9400557 -2273.894625 1961.011933
348.9508897 -2273.858125 1959.741199
348.9617227 -2273.821725 1959.636388
348.9725557 -2273.785225 1960.735952
348.9833897 -2273.753125 1960.629139
348.9942227 -2273.716625 1962.36383
349.0050557 -2273.716625 1962.179723
349.0158897 -2273.680225 1962.430065
349.0267227 -2273.643725 1962.325117
349.0375557 -2273.607325 1961.932737
349.0483897 -2273.570825 1961.985946
349.0592227 -2273.575225 1961.988565
349.0700557 -2273.538725 1961.881711
349.0808897 -2273.502225 1963.306979
349.0917227 -2273.465825 1963.282921
349.1025557 -2273.470125 1964.889198
349.1133897 -2273.429325 1964.784156
349.1242227 -2273.360725 1962.21511
349.1350557 -2273.360725 1962.189389
349.1458897 -2273.324325 1964.10468
349.1567227 -2273.287825 1964.078853
349.1675557 -2273.255725 1961.875889
349.1783897 -2273.255725 1961.850189
349.1892227 -2273.255725 1962.945539
349.2000557 -2273.223525 1962.733768
349.2108897 -2273.182825 1963.615027
349.2217227 -2273.150625 1963.512043
349.2325557 -2273.114225 1961.430531
349.2433897 -2273.077725 1961.220911
349.2542227 -2273.041225 1962.962595
349.2650557 -2273.041225 1962.857707
349.2758897 -2273.009125 1961.934141
349.2867227 -2272.972625 1961.722749
349.2975557 -2272.972625 1962.123104
349.3083897 -2272.899725 1962.598522
349.3192227 -2272.867525 1962.414707
349.3300557 -2272.831125 1962.726748
349.3408897 -2272.794625 1962.542723
349.3517227 -2272.794625 1960.641384
349.3625557 -2272.758225 1960.536632
349.3733897 -2272.726025 1963.147893
349.3842227 -2272.726025 1962.962114
349.3950557 -2272.693825 1962.467716
349.4058897 -2272.657425 1962.364842
349.4167227 -2272.620925 1963.128007
349.4275557 -2272.584425 1963.102324
349.4383897 -2272.588725 1962.130144
349.4492227 -2272.552325 1962.023398
349.4600557 -2272.515825 1961.153635
349.4708897 -2272.479325 1961.207238
349.4817227 -2272.483625 1959.64071
349.4925557 -2272.447125 1959.510583
349.5033897 -2272.415025 1963.090127
349.5142227 -2272.378525 1962.985296
349.5250557 -2272.382825 1960.618792
349.5358897 -2272.309825 1960.409423
349.5467227 -2272.273425 1960.639287
349.5575557 -2272.273425 1960.53461
349.5683897 -2272.277625 1960.792568
349.5792227 -2272.204725 1960.662381
349.5900557 -2272.168225 1961.271186
349.6008897 -2272.172525 1961.166489
349.6117227 -2272.140325 1963.559584
349.6225557 -2272.103825 1963.349955
349.6333897 -2272.067425 1964.033366
349.6442227 -2272.067425 1963.114057
349.6550557 -2271.998725 1963.00927
349.6658897 -2271.998725 1962.454691
349.6767227 -2271.966525 1962.34995
349.6875557 -2271.966525 1963.590149
349.6983897 -2271.930025 1963.483605
349.7092227 -2271.930025 1962.385336
349.7200557 -2271.861325 1962.280602
349.7308897 -2271.824825 1962.920154
349.7417227 -2271.788425 1962.815404
349.7525557 -2271.788425 1961.362941
349.7633897 -2271.719725 1961.258285
349.7742227 -2271.719725 1962.102437
349.7850557 -2271.719725 1961.972014
349.7958897 -2271.646725 1963.878773
349.8067227 -2271.610225 1963.775732
349.8175557 -2271.614525 1963.625333
349.8283897 -2271.578025 1963.413864
349.8392227 -2271.541525 1961.878438
349.8500557 -2271.509325 1961.852939
349.8608897 -2271.505125 1961.523
349.8717227 -2271.468625 1961.315687
349.8825557 -2271.436325 1963.080264
349.8933897 -2271.399925 1962.975557
349.9042227 -2271.399925 1963.502649
349.9150557 -2271.367625 1963.29321
349.9258897 -2271.367625 1963.411495
349.9367227 -2271.335425 1963.227618
349.9475557 -2271.262425 1962.750036
349.9583897 -2271.266725 1962.538742
349.9692227 -2271.230225 1963.759454
349.9800557 -2271.193725 1964.994812
349.9908897 -2271.157225 1964.890025
350.0017227 -2271.120725 1965.157762
350.0125557 -2271.157225 1965.052977
350.0233897 -2271.088525 1962.51768
350.0342227 -2271.052025 1962.4922
350.0450557 -2271.052025 1964.610116
350.0558897 -2271.015525 1964.505364
350.0667227 -2270.983325 1964.799459
350.0775557 -2270.942525 1964.668913
350.0883897 -2270.910325 1966.494748
350.0992227 -2270.910325 1966.389918
350.1100557 -2270.878025 1965.849063
350.1208897 -2270.841525 1965.639492
350.1317227 -2270.805125 1965.300206
350.1425557 -2270.809325 1965.195454
350.1533897 -2270.772825 1963.871158
350.1642227 -2270.736325 1963.582867
350.1750557 -2270.699825 1965.19804
350.1858897 -2270.699825 1965.093298
350.1967227 -2270.667525 1965.6779
350.2075557 -2270.663325 1965.545822
350.2183897 -2270.631125 1965.648171
350.2292227 -2270.594625 1965.541693
350.2400557 -2270.594625 1964.219242
350.2508897 -2270.521625 1963.930762
350.2617227 -2270.489325 1962.537739
350.2725557 -2270.489325 1962.512124
350.2833897 -2270.457025 1963.767613
350.2942227 -2270.384025 1963.556411
350.3050557 -2270.420525 1964.226652
350.3158897 -2270.347525 1962.727612
350.3267227 -2270.347525 1962.700265
350.3375557 -2270.315325 1962.202688
350.3483897 -2270.315325 1962.018991
350.3592227 -2270.278825 1963.295242
350.3700557 -2270.246525 1963.08608
350.3808897 -2270.210025 1962.170067
350.3917227 -2270.173525 1962.146666
350.4025557 -2270.177725 1960.711938
350.4133897 -2270.141225 1960.503078
350.4242227 -2270.104725 1961.311338
350.4350557 -2270.068225 1961.206885
350.4458897 -2270.031725 1962.696395
350.4567227 -2269.999425 1962.566526
350.4675557 -2270.035925 1962.685565
350.4783897 -2269.962925 1962.583004
350.4892227 -2269.962925 1961.390266
350.5000557 -2269.930625 1961.181388
350.5108897 -2269.894125 1962.647252
350.5217227 -2269.857625 1962.463578
350.5325557 -2269.821125 1961.950614
350.5433897 -2269.825325 1961.662539
350.5542227 -2269.825325 1962.945066
350.5650557 -2269.752325 1962.840566
350.5758897 -2269.752325 1963.765388
350.5867227 -2269.715825 1963.556321
350.5975557 -2269.679325 1964.385298
350.6083897 -2269.642825 1964.278783
350.6192227 -2269.647025 1964.646226
350.6300557 -2269.610525 1964.437082
350.6408897 -2269.614725 1964.625908
350.6517227 -2269.537525 1965.197078
350.6625557 -2269.505225 1965.092481
350.6733897 -2269.501025 1964.953297
350.6842227 -2269.505225 1964.848723
350.6950557 -2269.432125 1963.454352
350.7058897 -2269.395625 1963.164253
350.7167227 -2269.395625 1963.874783
350.7275557 -2269.359125 1963.849439
350.7383897 -2269.363325 1963.900693
350.7492227 -2269.326825 1963.689958
350.7600557 -2269.290325 1962.101549
350.7708897 -2269.253825 1961.997154
350.7817227 -2269.253825 1965.862291
350.7925557 -2269.221525 1965.730333
350.8033897 -2269.185025 1960.624341
350.8142227 -2269.185025 1960.520038
350.8250557 -2269.152625 1960.181408
350.8358897 -2269.116125 1960.050071
350.8467227 -2269.079625 1961.477415
350.8575557 -2269.043125 1961.452238
350.8683897 -2269.043125 1959.803677
350.8792227 -2269.006625 1959.593458
350.8900557 -2268.974225 1961.610728
350.9008897 -2268.937725 1961.585566
350.9117227 -2268.937725 1963.953237
350.9225557 -2268.901225 1963.665185
350.9333897 -2268.868925 1960.225487
350.9442227 -2268.868925 1960.119293
350.9550557 -2268.832425 1959.454272
350.9658897 -2268.795925 1959.325044
350.9767227 -2268.763525 1959.158286
350.9875557 -2268.727025 1961.610396
350.9983897 -2268.727025 1961.322627
351.0092227 -2268.690525 1959.734026
351.0200557 -2268.690525 1959.62983
351.0308897 -2268.617525 1960.778808
351.0417227 -2268.617525 1960.489194
351.0525557 -2268.548625 1961.203323
351.0633897 -2268.548625 1961.099052
351.0742227 -2268.548625 1960.916399
351.0850557 -2268.516225 1960.78513
351.0958897 -2268.479725 1960.04935
351.1067227 -2268.475625 1959.945164
351.1175557 -2268.443225 1962.714378
351.1283897 -2268.406725 1962.424839
351.1392227 -2268.370225 1960.68951
351.1500557 -2268.333625 1960.583351
351.1608897 -2268.337825 1961.187479
351.1717227 -2268.301325 1961.058187
351.1825557 -2268.301325 1960.715335
351.1933897 -2268.264825 1960.609178
351.2042227 -2268.232425 1958.653102
351.2150557 -2268.159325 1958.522371
351.2258897 -2268.159325 1959.534458
351.2367227 -2268.163525 1959.351172
351.2475557 -2268.127025 1961.005875
351.2583897 -2268.090425 1960.795547
351.2692227 -2268.053925 1961.136545
351.2800557 -2268.021525 1961.032355
351.2908897 -2268.021525 1959.823027
351.3017227 -2267.985025 1959.639752
351.3125557 -2267.985025 1958.956919
351.3233897 -2267.912025 1959.266631
351.3342227 -2267.916125 1959.056525
351.3450557 -2267.879625 1959.427533
351.3558897 -2267.843125 1959.402839
351.3667227 -2267.806525 1960.646308
351.3775557 -2267.810725 1960.356906
351.3883897 -2267.774125 1959.195538
351.3992227 -2267.774125 1959.091473
351.4100557 -2267.737625 1961.619561
351.4208897 -2267.701125 1961.411202
351.4317227 -2267.668725 1962.427079
351.4425557 -2267.632225 1962.243697
351.4533897 -2267.636325 1961.799493
351.4642227 -2267.599825 1961.589199
351.4750557 -2267.599825 1960.001908
351.4858897 -2267.526725 1959.977222
351.4967227 -2267.530825 1960.307198
351.5075557 -2267.490225 1960.099032
351.5183897 -2267.457825 1962.11317
351.5292227 -2267.421325 1962.00899
351.5400557 -2267.384725 1958.389774
351.5508897 -2267.352325 1958.180103
351.5617227 -2267.348225 1959.108911
351.5725557 -2267.315825 1959.004913
351.5833897 -2267.315825 1960.288206
351.5942227 -2267.279325 1960.104775
351.6050557 -2267.246825 1959.126069
351.6158897 -2267.242725 1959.022084
351.6267227 -2267.210325 1956.812562
351.6375557 -2267.177925 1956.788092
351.6483897 -2267.137225 1955.619899
351.6592227 -2267.141325 1957.237337
351.6700557 -2267.104825 1957.027645
351.6808897 -2267.068325 1959.210661
351.6917227 -2267.068325 1959.10669
351.7025557 -2266.995225 1957.795002
351.7133897 -2266.999325 1957.587221
351.7242227 -2266.962825 1958.227222
351.7350557 -2266.966925 1958.200741
351.7458897 -2266.930425 1957.230236
351.7567227 -2266.893825 1956.941422
351.7675557 -2266.861425 1957.718556
351.7783897 -2266.857325 1957.691909
351.7892227 -2266.788325 1959.458397
351.8000557 -2266.788325 1959.248766
351.8108897 -2266.751825 1958.701872
351.8217227 -2266.715225 1958.677354
351.8325557 -2266.719325 1957.827273
351.8433897 -2266.682825 1957.617616
351.8542227 -2266.682825 1957.831977
351.8650557 -2266.646325 1957.726171
351.8758897 -2266.609725 1958.654285
351.8867227 -2266.613825 1958.550398
351.8975557 -2266.540725 1959.956088
351.9083897 -2266.540725 1959.85041
351.9192227 -2266.504225 1957.662812
351.9300557 -2266.471725 1957.559002
351.9408897 -2266.435225 1957.672218
351.9517227 -2266.435225 1957.645841
351.9625557 -2266.398725 1957.428348
351.9733897 -2266.366225 1957.243447
351.9842227 -2266.329725 1955.053531
351.9950557 -2266.329725 1958.225799
352.0058897 -2266.293125 1958.016201
352.0167227 -2266.256625 1958.277676
352.0275557 -2266.256625 1958.251288
352.0383897 -2266.187625 1956.47166
352.0492227 -2266.151025 1956.339697
352.0600557 -2266.151025 1956.215248
352.0708897 -2266.118625 1956.109587
352.0817227 -2266.082025 1959.048955
352.0925557 -2266.082025 1958.918697
352.1033897 -2266.082025 1957.745332
352.1142227 -2266.008925 1957.639613
352.1250557 -2266.013025 1957.559851
352.1358897 -2265.976525 1957.348451
352.1467227 -2265.939925 1958.350772
352.1575557 -2265.903425 1958.246986
352.1683897 -2265.870925 1957.837966
352.1792227 -2265.870925 1957.707888
352.1900557 -2265.834325 1958.263123
352.2008897 -2265.797825 1958.155441
352.2117227 -2265.765325 1958.91694
352.2225557 -2265.765325 1958.811404
352.2333897 -2265.728825 1959.579128
352.2442227 -2265.732825 1959.473351
352.2550557 -2265.696325 1958.060551
352.2658897 -2265.623225 1957.954866
352.2767227 -2265.623225 1958.782034
352.2875557 -2265.623225 1958.676313
352.2983897 -2265.550125 1961.048034
352.3092227 -2265.554125 1960.942204
352.3200557 -2265.517625 1957.043876
352.3308897 -2265.517625 1956.400315
352.3417227 -2265.485125 1956.189155
352.3525557 -2265.448525 1956.107337
352.3633897 -2265.448525 1956.003728
352.3742227 -2265.452625 1958.470384
352.3850557 -2265.485125 1958.340575
352.3958897 -2265.416025 1958.452028
352.4067227 -2265.379525 1958.346347
352.4175557 -2265.342925 1957.106756
352.4283897 -2265.310425 1956.974949
352.4392227 -2265.273925 1959.676423
352.4500557 -2265.273925 1959.5707
352.4608897 -2265.200825 1958.432775
352.4717227 -2265.168225 1958.22148
352.4825557 -2265.168225 1960.064393
352.4933897 -2265.095125 1960.038048
352.5042227 -2265.062625 1959.18258
352.5150557 -2265.026125 1959.158459
352.5258897 -2264.989525 1958.379228
352.5367227 -2264.993525 1958.275543
352.5475557 -2264.920425 1959.348608
352.5583897 -2264.920425 1959.163547
352.5692227 -2264.847325 1958.328127
352.5800557 -2264.851325 1958.3019
352.5908897 -2264.814825 1958.460006
352.6017227 -2264.778225 1958.433997
352.6125557 -2264.741725 1959.221546
352.6233897 -2264.745725 1959.034564
352.6342227 -2264.672625 1958.302434
352.6450557 -2264.636025 1958.302434
352.6558897 -2264.603525 1960.538562
352.6667227 -2264.603525 1957.904026
352.6775557 -2264.570925 1957.904026
352.6883897 -2264.534425 1959.27085
352.6992227 -2264.534425 1959.27085
352.7100557 -2264.465225 1959.459483
352.7208897 -2264.428725 1959.459483
352.7317227 -2264.392125 1961.361117
352.7425557 -2264.355625 1961.361117
352.7533897 -2264.359625 1963.372795
352.7642227 -2264.323025 1963.372795
352.7750557 -2264.323025 1964.069378
352.7858897 -2264.253925 1964.069378
352.7967227 -2264.217325 1963.88885
352.8075557 -2264.217325 1963.88885
352.8183897 -2264.180725 1965.935749
352.8292227 -2264.184725 1965.935749
352.8400557 -2264.152225 1968.895052
352.8508897 -2264.115625 1968.895052
352.8617227 -2264.079025 1970.648011
352.8725557 -2264.009925 1970.648011
352.8833897 -2264.009925 1972.305198
352.8942227 -2263.973325 1972.305198
352.9050557 -2263.977325 1974.101665
352.9158897 -2263.940825 1974.101665
352.9267227 -2263.904225 1977.442624
352.9375557 -2263.871625 1977.442624
352.9483897 -2263.871625 1978.584193
352.9592227 -2263.835025 1978.584193
352.9700557 -2263.761925 1978.626051
352.9808897 -2263.729325 1978.626051
352.9917227 -2263.729325 1981.269807
353.0025557 -2263.692725 1980.59628
353.0133897 -2263.696725 1980.59628
353.0242227 -2263.623625 1981.208058
353.0350557 -2263.587025 1981.208058
353.0458897 -2263.587025 1982.886483
353.0567227 -2263.554425 1982.886483
353.0675557 -2263.517825 1983.577722
353.0783897 -2263.485225 1983.577722
353.0892227 -2263.485225 1984.842838
353.1000557 -2263.448725 1984.842838
353.1108897 -2263.412125 1985.776107
353.1217227 -2263.379525 1985.776107
353.1325557 -2263.342925 1986.247394
353.1433897 -2263.306325 1986.247394
353.1542227 -2263.306325 1985.985639
353.1650557 -2263.310325 1985.985639
353.1758897 -2263.273725 1989.021912
353.1867227 -2263.200625 1989.021912
353.1975557 -2263.164025 1989.73224
353.2083897 -2263.127425 1989.73224
353.2192227 -2263.131425 1989.891121
353.2300557 -2263.094825 1989.891121
353.2408897 -2263.094825 1993.413746
353.2517227 -2263.062225 1993.413746
353.2625557 -2263.025625 1993.908768
353.2733897 -2262.993025 1993.908768
353.2842227 -2262.956425 1993.238969
353.2950557 -2262.919825 1993.238969
353.3058897 -2262.919825 1992.823986
353.3167227 -2262.887225 1992.823986
353.3275557 -2262.850625 1993.081916
353.3383897 -2262.814025 1993.339899
353.3492227 -2262.777425 1993.339899
353.3600557 -2262.781425 1993.597932
353.3708897 -2262.708225 1993.597932
353.3817227 -2262.744825 1993.856017
353.3925557 -2262.712225 1993.856017
353.4033897 -2262.639025 1994.114154
353.4142227 -2262.639025 1994.114154
353.4250557 -2262.602425 1994.372342
353.4358897 -2262.569825 1994.372342
353.4467227 -2262.533225 1994.630582
353.4575557 -2262.537125 1994.630582
353.4683897 -2262.463925 1994.888873
353.4792227 -2262.463925 1994.888873
353.4900557 -2262.463925 1995.147216
353.5008897 -2262.431325 1995.147216
353.5117227 -2262.431325 1995.40561
353.5225557 -2262.358125 1995.40561
353.5333897 -2262.362125 1995.664056
353.5442227 -2262.288925 1995.664056
353.5550557 -2262.292825 1995.922554
353.5658897 -2262.256225 1995.922554
353.5767227 -2262.219625 1996.181103
353.5875557 -2262.219625 1996.181103
353.5983897 -2262.187025 1996.439704
353.6092227 -2262.146425 1996.439704
353.6200557 -2262.113825 1996.698356
353.6308897 -2262.077225 1996.698356
353.6417227 -2262.081125 1996.95706
353.6525557 -2262.007925 1996.95706
353.6633897 -2262.011925 2000.965886
353.6742227 -2262.011925 2007.215473
353.6850557 -2261.975325 2007.215473
353.6958897 -2261.942625 2007.036155
353.7067227 -2261.906025 2007.036155
353.7175557 -2261.906025 2006.310577
353.7283897 -2261.832825 2006.310577
353.7392227 -2261.836725 2008.167393
353.7500557 -2261.800125 2008.167393
353.7608897 -2261.763525 2005.902178
353.7717227 -2261.726925 2005.902178
353.7825557 -2261.694225 2007.326839
353.7933897 -2261.657625 2007.326839
353.8042227 -2261.657625 2007.42245
353.8150557 -2261.661625 2007.42245
353.8258897 -2261.592325 2007.215284
353.8367227 -2261.592325 2007.215284
353.8475557 -2261.555725 2007.021509
353.8583897 -2261.519125 2007.021509
353.8692227 -2261.523025 2009.249017
353.8800557 -2261.486425 2009.249017
353.8908897 -2261.449825 2010.253531
353.9017227 -2261.417125 2010.253531
353.9125557 -2261.380525 2009.403391
353.9233897 -2261.343825 2009.403391
353.9342227 -2261.347825 2012.223848
353.9450557 -2261.311225 2012.223848
353.9558897 -2261.278425 2011.473179
353.9667227 -2261.241825 2011.473179
353.9775557 -2261.245725 2009.889488
353.9883897 -2261.205225 2009.889488
353.9992227 -2261.209125 2009.737603
354.0100557 -2261.135925 2010.687232
354.0208897 -2261.103225 2010.687232
354.0317227 -2261.103225 2011.42308
354.0425557 -2261.066625 2011.42308
354.0533897 -2261.030025 2012.980833
354.0642227 -2261.030025 2012.980833
354.0750557 -2260.997325 2012.51229
354.0858897 -2260.960725 2012.51229
354.0967227 -2260.927925 2013.496264
354.1075557 -2260.927925 2013.496264
354.1183897 -2260.891325 2013.544284
354.1292227 -2260.822025 2013.544284
354.1400557 -2260.858625 2013.128252
354.1508897 -2260.825925 2013.128252
354.1617227 -2260.789325 2015.541084
354.1725557 -2260.752625 2015.541084
354.1833897 -2260.716025 2014.336747
354.1942227 -2260.679425 2014.336747
354.2050557 -2260.646725 2014.279552
354.2158897 -2260.650625 2014.279552
354.2267227 -2260.613925 2014.043286
354.2375557 -2260.581225 2014.043286
354.2483897 -2260.548525 2015.47095
354.2592227 -2260.548525 2015.47095
354.2700557 -2260.511825 2018.454264
354.2808897 -2260.479125 2018.454264
354.2917227 -2260.442525 2017.353488
354.3025557 -2260.442525 2017.353488
354.3133897 -2260.373125 2019.588916
354.3242227 -2260.373125 2019.588916
354.3350557 -2260.377025 2017.674636
354.3458897 -2260.303725 2018.412593
354.3567227 -2260.307625 2018.412593
354.3675557 -2260.271025 2020.189808
354.3783897 -2260.274925 2020.189808
354.3892227 -2260.201625 2020.977171
354.4000557 -2260.205525 2020.977171
354.4108897 -2260.168825 2018.284498
354.4217227 -2260.132225 2018.284498
354.4325557 -2260.095625 2019.692473
354.4433897 -2260.062825 2019.692473
354.4542227 -2260.026225 2020.832935
354.4650557 -2260.030125 2020.832935
354.4758897 -2259.993425 2019.182414
354.4867227 -2259.997325 2019.182414
354.4975557 -2259.924025 2021.594311
354.5083897 -2259.924025 2021.594311
354.5192227 -2259.887425 2019.592528
354.5300557 -2259.887425 2019.592528
354.5408897 -2259.854625 2020.004795
354.5517227 -2259.818025 2020.004795
354.5625557 -2259.781325 2023.260681
354.5733897 -2259.781325 2023.260681
354.5842227 -2259.748625 2024.918981
354.5950557 -2259.711925 2024.918981
354.6058897 -2259.715825 2022.528071
354.6167227 -2259.679125 2022.528071
354.6275557 -2259.646425 2023.778117
354.6383897 -2259.609725 2023.778117
354.6492227 -2259.573125 2025.393803
354.6600557 -2259.573125 2025.393803
354.6708897 -2259.540325 2026.535798
354.6817227 -2259.503725 2027.087492
354.6925557 -2259.467025 2027.087492
354.7033897 -2259.470925 2025.982245
354.7142227 -2259.434225 2025.982245
354.7250557 -2259.397625 2025.04064
354.7358897 -2259.397625 2025.04064
354.7467227 -2259.364825 2026.988892
354.7575557 -2259.328125 2026.988892
354.7683897 -2259.328125 2027.857343
354.7792227 -2259.295325 2027.857343
354.7900557 -2259.258725 2028.625799
354.8008897 -2259.225925 2028.625799
354.8117227 -2259.222025 2027.927331
354.8225557 -2259.152625 2027.927331
354.8333897 -2259.152625 2029.123201
354.8442227 -2259.119825 2029.123201
354.8550557 -2259.119825 2027.443341
354.8658897 -2259.083125 2027.443341
354.8767227 -2259.050325 2027.985025
354.8875557 -2259.058025 2027.985025
354.8983897 -2258.984725 2028.120583
354.9092227 -2258.984725 2028.120583
354.9200557 -2258.951925 2027.061692
354.9308897 -2258.915225 2027.061692
354.9417227 -2258.882425 2026.980315
354.9525557 -2258.886225 2026.980315
354.9633897 -2258.849625 2028.011472
354.9742227 -2258.820625 2028.011472
354.9850557 -2258.820625 2029.458437
354.9958897 -2258.787825 2029.458437
355.0067227 -2258.718325 2030.840077
355.0175557 -2258.725925 2029.477864
355.0283897 -2258.689225 2029.477864
355.0392227 -2258.696925 2027.927894
355.0500557 -2258.623625 2027.927894
355.0608897 -2258.627425 2029.78257
355.0717227 -2258.590725 2029.78257
355.0825557 -2258.557925 2031.442505
355.0933897 -2258.521225 2031.442505
355.1042227 -2258.521225 2031.925253
355.1150557 -2258.484525 2031.925253
355.1258897 -2258.451725 2032.596331
355.1367227 -2258.415025 2032.596331
355.1475557 -2258.418825 2035.029347
355.1583897 -2258.382225 2035.029347
355.1692227 -2258.386025 2031.53479
355.1800557 -2258.349325 2031.53479
355.1908897 -2258.312625 2032.359993
355.2017227 -2258.276025 2032.359993
355.2125557 -2258.276025 2031.36397
355.2233897 -2258.243125 2031.36397
355.2342227 -2258.243125 2032.105918
355.2450557 -2258.177425 2032.105918
355.2558897 -2258.140725 2034.429912
355.2667227 -2258.140725 2034.429912
355.2775557 -2258.104025 2032.235136
355.2883897 -2258.071225 2032.235136
355.2992227 -2258.034525 2034.225804
355.3100557 -2258.001625 2034.225804
355.3208897 -2258.001625 2034.339553
355.3317227 -2258.005425 2034.339553
355.3425557 -2257.928325 2034.366929
355.3533897 -2257.891625 2032.80036
355.3642227 -2257.895425 2032.80036
355.3750557 -2257.858725 2033.941379
355.3858897 -2257.858725 2033.941379
355.3967227 -2257.825825 2033.96808
355.4075557 -2257.789125 2033.96808
355.4183897 -2257.752525 2035.629116
355.4292227 -2257.976325 2035.629116
355.4295007 -2257.389425 2035.629116
355.4403337 -2257.682925 2036.502653
355.4511667 -2257.650025 2036.502653
355.4620007 -2257.650025 2038.407552
355.4728337 -2257.580425 2038.407552
355.4836667 -2257.580425 2039.593318
355.4945007 -2257.580425 2039.593318
355.5053337 -2257.584225 2040.188632
355.5161667 -2257.547525 2040.188632
355.5270007 -2257.510825 2040.283573
355.5378337 -2257.474225 2040.283573
355.5486667 -2257.481725 2038.451424
355.5595007 -2257.441325 2038.451424
355.5703337 -2257.367925 2039.711249
355.5811667 -2257.367925 2039.711249
355.5920007 -2257.335025 2039.756343
355.6028337 -2257.335025 2039.756343
355.6136667 -2257.298325 2039.767453
355.6245007 -2257.298325 2039.767453
355.6353337 -2257.228725 2041.838922
355.6461667 -2257.192025 2041.838922
355.6570007 -2257.192025 2044.407158
355.6678337 -2257.195825 2044.407158
355.6786667 -2257.159125 2045.395151
355.6895007 -2257.122425 2045.384016
355.7003337 -2257.085725 2045.384016
355.7111667 -2257.089525 2046.722442
355.7220007 -2257.049025 2046.722442
355.7328337 -2257.052825 2048.109769
355.7436667 -2257.016125 2048.109769
355.7545007 -2256.942725 2048.170462
355.7653337 -2256.946525 2048.170462
355.7761667 -2256.909825 2049.37617
355.7870007 -2256.873125 2049.37617
355.7978337 -2256.873125 2051.040844
355.8086667 -2256.836425 2051.040844
355.8195007 -2256.803525 2052.400574
355.8303337 -2256.803525 2052.400574
355.8411667 -2256.766825 2050.62662
355.8520007 -2256.730125 2050.62662
355.8628337 -2256.733925 2051.574118
355.8736667 -2256.697225 2051.574118
355.8845007 -2256.660525 2055.060939
355.8953337 -2256.623825 2055.060939
355.9061667 -2256.587125 2052.791478
355.9170007 -2256.590825 2052.791478
355.9278337 -2256.554125 2055.421927
355.9386667 -2256.554125 2055.421927
355.9495007 -2256.521225 2055.82058
355.9603337 -2256.484525 2055.82058
355.9711667 -2256.447825 2054.722723
355.9820007 -2256.414825 2054.722723
355.9928337 -2256.378125 2055.614648
356.0036667 -2256.378125 2055.614648
356.0145007 -2256.378125 2057.077259
356.0253337 -2256.345225 2058.272662
356.0361667 -2256.308525 2058.272662
356.0470007 -2256.308525 2054.207358
356.0578337 -2256.235125 2054.207358
356.0686667 -2256.235125 2055.639312
356.0795007 -2256.235125 2055.639312
356.0903337 -2256.165425 2056.540367
356.1011667 -2256.128725 2056.540367
356.1120007 -2256.128725 2059.553067
356.1228337 -2256.128725 2059.553067
356.1336667 -2256.095825 2056.369068
356.1445007 -2256.055325 2056.369068
356.1553337 -2256.055325 2056.240741
356.1661667 -2255.981925 2056.240741
356.1770007 -2255.985725 2055.305387
356.1878337 -2255.949025 2055.305387
356.1986667 -2255.949025 2057.671639
356.2095007 -2255.912325 2057.671639
356.2203337 -2255.912325 2057.635264
356.2311667 -2255.838925 2057.635264
356.2420007 -2255.838925 2056.662676
356.2528337 -2255.805925 2056.662676
356.2636667 -2255.769225 2056.837141
356.2745007 -2255.732525 2056.837141
356.2853337 -2255.732525 2059.252374
356.2961667 -2255.732525 2059.252374
356.3070007 -2255.659125 2060.212025
356.3178337 -2255.695825 2060.212025
356.3286667 -2255.662825 2059.781696
356.3395007 -2255.622425 2059.781696
356.3503337 -2255.585725 2061.927011
356.3611667 -2255.589425 2059.590919
356.3720007 -2255.516025 2059.590919
356.3828337 -2255.519725 2060.090514
356.3936667 -2255.483025 2060.090514
356.4045007 -2255.486725 2061.06429
356.4153337 -2255.446325 2061.06429
356.4261667 -2255.413325 2059.966744
356.4370007 -2255.413325 2059.966744
356.4478337 -2255.339925 2060.908418
356.4586667 -2255.339925 2060.908418
356.4695007 -2255.343625 2060.949995
356.4803337 -2255.306925 2060.949995
356.4911667 -2255.270225 2061.722141
356.5020007 -2255.270225 2061.722141
356.5128337 -2255.237225 2062.138406
356.5236667 -2255.200525 2062.138406
356.5345007 -2255.200525 2065.366493
356.5453337 -2255.130825 2065.366493
356.5561667 -2255.094025 2065.465205
356.5670007 -2255.130825 2065.465205
356.5778337 -2255.094025 2064.631011
356.5886667 -2255.061025 2064.631011
356.5995007 -2255.024325 2064.462703
356.6103337 -2254.991325 2064.462703
356.6211667 -2254.991325 2063.177045
356.6320007 -2254.958325 2063.177045
356.6428337 -2254.921625 2062.869824
356.6536667 -2254.884925 2062.869824
356.6645007 -2254.888625 2061.708849
356.6753337 -2254.851925 2061.708849
356.6861667 -2254.815125 2059.524409
356.6970007 -2254.818825 2065.454531
356.7078337 -2254.818825 2065.454531
356.7186667 -2254.785825 2063.620615
356.7295007 -2254.749125 2063.620615
356.7403337 -2254.716125 2062.080501
356.7511667 -2254.716125 2062.080501
356.7620007 -2254.679425 2060.302139
356.7728337 -2254.642625 2060.302139
356.7836667 -2254.646325 2062.342945
356.7945007 -2254.605925 2062.342945
356.8053337 -2254.572925 2059.411867
356.8161667 -2254.569225 2059.411867
356.8270007 -2254.499425 2059.018853
356.8378337 -2254.503125 2059.018853
356.8486667 -2254.462725 2060.699757
356.8595007 -2254.466425 2060.699757
356.8703337 -2254.466425 2061.373124
356.8811667 -2254.393025 2061.373124
356.8920007 -2254.396625 2061.962825
356.9028337 -2254.359925 2061.962825
356.9136667 -2254.359925 2059.705265
356.9245007 -2254.290125 2059.705265
356.9353337 -2254.290125 2058.885889
356.9461667 -2254.253425 2058.885889
356.9570007 -2254.253425 2056.628558
356.9678337 -2254.220425 2056.628558
356.9786667 -2254.183625 2055.771066
356.9895007 -2254.146925 2055.771066
357.0003337 -2254.150625 2053.342197
357.0111667 -2254.113925 2053.342197
357.0220007 -2254.113925 2052.706259
357.0328337 -2254.077125 2051.67602
357.0436667 -2254.040425 2051.67602
357.0545007 -2254.044125 2051.313835
357.0653337 -2254.007425 2051.313835
357.0761667 -2253.974325 2048.99597
357.0870007 -2253.974325 2048.99597
357.0978337 -2253.937625 2048.527852
357.1086667 -2253.941225 2048.527852
357.1195007 -2253.904525 2049.09
357.1303337 -2253.904525 2049.09
357.1411667 -2253.834725 2047.99199
357.1520007 -2253.798025 2047.99199
357.1628337 -2253.798025 2049.101372
357.1736667 -2253.761225 2049.101372
357.1845007 -2253.761225 2048.600963
357.1953337 -2253.724525 2048.600963
357.2061667 -2253.728225 2049.406408
357.2170007 -2253.691425 2049.406408
357.2278337 -2253.691425 2048.998288
357.2386667 -2253.654725 2048.998288
357.2495007 -2253.581225 2046.970893
357.2603337 -2253.581225 2046.970893
357.2711667 -2253.581225 2045.845322
357.2820007 -2253.548225 2045.845322
357.2928337 -2253.507825 2044.545508
357.3036667 -2253.471025 2044.545508
357.3145007 -2253.471025 2044.786089
357.3253337 -2253.434325 2044.786089
357.3361667 -2253.430625 2044.370345
357.3470007 -2253.397625 2044.370345
357.3578337 -2253.360825 2045.650602
357.3686667 -2253.360825 2044.099218
357.3795007 -2253.324125 2044.099218
357.3903337 -2253.283725 2043.628909
357.4011667 -2253.287425 2043.628909
357.4120007 -2253.283725 2045.800928
357.4228337 -2253.247025 2045.800928
357.4336667 -2253.210225 2044.172273
357.4445007 -2253.173525 2044.172273
357.4553337 -2253.173525 2043.078581
357.4661667 -2253.136825 2043.078581
357.4770007 -2253.100025 2044.747649
357.4878337 -2253.136825 2044.747649
357.4986667 -2253.096425 2044.285746
357.5095007 -2253.063325 2044.285746
357.5203337 -2253.026625 2044.362112
357.5311667 -2253.022925 2044.362112
357.5420007 -2252.986225 2044.664227
357.5528337 -2252.949525 2044.664227
357.5636667 -2252.912725 2043.356445
357.5745007 -2252.912725 2043.356445
357.5853337 -2252.876025 2045.024808
357.5961667 -2252.839325 2045.024808
357.6070007 -2252.835625 2043.655458
357.6178337 -2252.802525 2043.655458
357.6286667 -2252.762225 2041.597153
357.6395007 -2252.762225 2041.597153
357.6503337 -2252.765825 2042.574703
357.6611667 -2252.725525 2042.574703
357.6720007 -2252.688725 2044.636629
357.6828337 -2252.688725 2044.636629
357.6936667 -2252.615325 2042.471239
357.7045007 -2252.615325 2042.448266
357.7153337 -2252.615325 2042.448266
357.7261667 -2252.578525 2044.221651
357.7370007 -2252.574925 2044.221651
357.7478337 -2252.538225 2042.789765
357.7586667 -2252.501525 2042.789765
357.7695007 -2252.501525 2042.870927
357.7803337 -2252.464725 2042.870927
357.7911667 -2252.428025 2043.168663
357.8020007 -2252.428025 2043.168663
357.8128337 -2252.350925 2042.919517
357.8236667 -2252.387625 2042.919517
357.8345007 -2252.350925 2041.815057
357.8453337 -2252.350925 2041.815057
357.8561667 -2252.314225 2044.663837
357.8670007 -2252.273825 2044.663837
357.8778337 -2252.273825 2043.574411
357.8886667 -2252.237125 2043.574411
357.8995007 -2252.200425 2042.388985
357.9103337 -2252.200425 2042.388985
357.9211667 -2252.163725 2043.391315
357.9320007 -2252.163725 2043.391315
357.9428337 -2252.123325 2046.97682
357.9536667 -2252.126925 2046.97682
357.9645007 -2252.049925 2046.860369
357.9753337 -2252.016825 2046.860369
357.9861667 -2252.013225 2045.716769
357.9970007 -2251.976425 2045.716769
358.0078337 -2251.976425 2045.662739
358.0186667 -2251.939725 2045.662739
358.0295007 -2251.939725 2043.04061
358.0403337 -2251.936125 2045.22846
358.0511667 -2251.866325 2045.22846
358.0620007 -2251.866325 2045.528712
358.0728337 -2251.829525 2045.528712
358.0836667 -2251.792825 2043.876864
358.0945007 -2251.825925 2043.876864
358.1053337 -2251.789225 2045.134082
358.1161667 -2251.756125 2045.134082
358.1270007 -2251.679025 2046.356573
358.1378337 -2251.715825 2046.356573
358.1486667 -2251.679025 2047.254103
358.1595007 -2251.642325 2047.254103
358.1703337 -2251.642325 2045.962463
358.1811667 -2251.605625 2045.962463
358.1920007 -2251.568925 2047.590273
358.2028337 -2251.568925 2047.590273
358.2136667 -2251.532125 2048.750122
358.2245007 -2251.528625 2048.750122
358.2353337 -2251.491825 2047.461154
358.2461667 -2251.455125 2047.461154
358.2570007 -2251.455125 2046.76555
358.2678337 -2251.414825 2046.76555
358.2786667 -2251.378125 2048.893153
358.2895007 -2251.378125 2048.893153
358.3003337 -2251.341425 2046.137327
358.3111667 -2251.341425 2046.137327
358.3220007 -2251.304625 2049.244867
358.3328337 -2251.267925 2049.244867
358.3436667 -2251.267925 2049.431177
358.3545007 -2251.227625 2049.431177
358.3653337 -2251.227625 2050.424187
358.3761667 -2251.190925 2049.995587
358.3870007 -2251.157825 2049.995587
358.3978337 -2251.121025 2048.29185
358.4086667 -2251.117525 2048.29185
358.4195007 -2251.084325 2047.341039
358.4303337 -2251.084325 2047.341039
358.4411667 -2251.047625 2048.720739
358.4520007 -2251.010925 2048.720739
358.4628337 -2251.010925 2047.402806
358.4736667 -2250.974125 2047.402806
358.4845007 -2250.937425 2047.941785
358.4953337 -2250.937425 2047.941785
358.5061667 -2250.900725 2047.690085
358.5170007 -2250.900725 2047.690085
358.5278337 -2250.864025 2047.491216
358.5386667 -2250.827325 2047.491216
358.5495007 -2250.827325 2048.251208
358.5603337 -2250.827325 2048.251208
358.5711667 -2250.790525 2047.820694
358.5820007 -2250.750325 2047.820694
358.5928337 -2250.753825 2050.004185
358.6036667 -2250.717125 2050.004185
358.6145007 -2250.680425 2050.463366
358.6253337 -2250.643625 2050.463366
358.6361667 -2250.643625 2051.208634
358.6470007 -2250.606925 2051.208634
358.6578337 -2250.570225 2050.026441
358.6686667 -2250.570225 2050.026441
358.6795007 -2250.533525 2050.584217
358.6903337 -2250.533525 2050.584217
358.7011667 -2250.496825 2050.404022
358.7120007 -2250.460025 2049.5586
358.7228337 -2250.460025 2049.5586
358.7336667 -2250.423325 2049.109407
358.7445007 -2250.423325 2049.109407
358.7553337 -2250.386625 2048.846015
358.7661667 -2250.349925 2048.846015
358.7770007 -2250.349925 2050.276103
358.7878337 -2250.349925 2050.276103
358.7986667 -2250.313125 2049.818105
358.8095007 -2250.276425 2049.818105
358.8203337 -2250.276425 2050.874121
358.8311667 -2250.203025 2050.874121
358.8420007 -2250.203025 2049.262317
358.8528337 -2250.166325 2049.262317
358.8636667 -2250.166325 2050.449825
358.8745007 -2250.126025 2050.449825
358.8853337 -2250.092825 2051.667363
358.8961667 -2250.092825 2051.667363
358.9070007 -2250.056125 2050.073395
358.9178337 -2250.052625 2050.073395
358.9286667 -2250.015825 2052.531651
358.9395007 -2249.979125 2052.531651
358.9503337 -2249.979125 2051.358781
358.9611667 -2249.942425 2051.358781
358.9720007 -2249.942425 2050.704672
358.9828337 -2249.905725 2050.704672
358.9936667 -2249.869025 2052.133283
359.0045007 -2249.865425 2052.133283
359.0153337 -2249.828725 2051.576949
359.0261667 -2249.795525 2051.576949
359.0370007 -2249.795525 2050.204504
359.0478337 -2249.758825 2051.453944
359.0586667 -2249.755325 2051.453944
359.0695007 -2249.718625 2051.640029
359.0803337 -2249.718625 2051.640029
359.0911667 -2249.645125 2053.532936
359.1020007 -2249.645125 2053.532936
359.1128337 -2249.608425 2051.926247
359.1236667 -2249.608425 2051.926247
359.1345007 -2249.608425 2054.411579
359.1453337 -2249.571725 2054.411579
359.1561667 -2249.531425 2052.268208
359.1670007 -2249.535025 2052.268208
359.1778337 -2249.461525 2052.72047
359.1886667 -2249.498225 2052.72047
359.1995007 -2249.461525 2053.013084
359.2103337 -2249.421325 2053.013084
359.2211667 -2249.384625 2053.274027
359.2320007 -2249.424825 2053.274027
359.2428337 -2249.384625 2053.192025
359.2536667 -2249.347925 2053.192025
359.2645007 -2249.311125 2052.714297
359.2753337 -2249.274425 2052.714297
359.2861667 -2249.274425 2054.795723
359.2970007 -2249.197525 2054.795723
359.3078337 -2249.201025 2052.734518
359.3186667 -2249.201025 2052.734518
359.3295007 -2249.164325 2053.919153
359.3403337 -2249.127525 2053.919153
359.3511667 -2249.127525 2055.41235
359.3620007 -2249.124025 2055.41235
359.3728337 -2249.087325 2056.826864
359.3836667 -2249.050625 2057.310173
359.3945007 -2249.013925 2057.310173
359.4053337 -2249.013925 2057.611406
359.4161667 -2249.013925 2057.611406
359.4270007 -2248.977225 2058.155644
359.4378337 -2248.940525 2058.155644
359.4486667 -2248.903725 2056.081948
359.4595007 -2248.903725 2056.081948
359.4703337 -2248.900325 2059.169418
359.4811667 -2248.863525 2059.169418
359.4920007 -2248.830325 2058.305979
359.5028337 -2248.790125 2058.305979
359.5136667 -2248.793625 2061.631588
359.5245007 -2248.753425 2061.631588
359.5353337 -2248.753425 2058.793884
359.5461667 -2248.716725 2058.793884
359.5570007 -2248.716725 2057.240261
359.5678337 -2248.676525 2057.240261
359.5786667 -2248.639825 2057.735115
359.5895007 -2248.639825 2057.735115
359.6003337 -2248.566325 2059.464198
359.6111667 -2248.566325 2059.464198
359.6220007 -2248.566325 2058.977144
359.6328337 -2248.529625 2058.977144
359.6436667 -2248.492925 2059.418027
359.6545007 -2248.492925 2059.418027
359.6653337 -2248.452725 2058.370881
359.6761667 -2248.452725 2058.370881
359.6870007 -2248.416025 2060.729233
359.6978337 -2248.416025 2060.729233
359.7086667 -2248.379325 2060.545896
359.7195007 -2248.342625 2060.522683
359.7303337 -2248.342625 2060.522683
359.7411667 -2248.305925 2059.214291
359.7520007 -2248.305925 2059.214291
359.7628337 -2248.269125 2061.153682
359.7736667 -2248.265725 2061.153682
359.7845007 -2248.229025 2060.689366
359.7953337 -2248.192325 2060.689366
359.8061667 -2248.155525 2061.200074
359.8170007 -2248.155525 2061.200074
359.8278337 -2248.118825 2057.429414
359.8386667 -2248.082125 2057.429414
359.8495007 -2248.078725 2059.588648
359.8603337 -2248.041925 2059.588648
359.8711667 -2248.041925 2060.840082
359.8820007 -2248.005225 2060.840082
359.8928337 -2248.005225 2060.387513
359.9036667 -2247.968525 2060.387513
359.9145007 -2247.931825 2061.839748
359.9253337 -2247.928425 2061.839748
359.9361667 -2247.891725 2062.834854
359.9470007 -2247.891725 2062.834854
359.9578337 -2247.854925 2063.103016
359.9686667 -2247.854925 2063.103016
359.9795007 -2247.814825 2061.358546
359.9903337 -2247.778125 2061.358546
360.0011667 -2247.741425 2065.246579
360.0120007 -2247.704725 2065.246579
360.0228337 -2247.704725 2062.872483
360.0336667 -2247.704725 2062.872483
360.0445007 -2247.667925 2063.903283
360.0553337 -2247.667925 2063.226273
360.0661667 -2247.631225 2063.226273
360.0770007 -2247.631225 2061.871914
360.0878337 -2247.591125 2061.871914
360.0986667 -2247.554425 2063.06988
360.1095007 -2247.554425 2063.06988
360.1203337 -2247.554425 2064.061604
360.1311667 -2247.517725 2064.061604
360.1420007 -2247.477525 2065.941437
360.1528337 -2247.477525 2065.941437
360.1636667 -2247.407625 2065.318915
360.1745007 -2247.404125 2065.318915
360.1853337 -2247.367425 2063.459983
360.1961667 -2247.367425 2063.459983
360.2070007 -2247.330725 2063.937771
360.2178337 -2247.294025 2063.937771
360.2286667 -2247.294025 2063.532681
360.2395007 -2247.290625 2063.532681
360.2503337 -2247.253925 2065.896547
360.2611667 -2247.257325 2065.896547
360.2720007 -2247.217225 2064.297531
360.2828337 -2247.180525 2064.297531
360.2936667 -2247.143725 2067.441464
360.3045007 -2247.143725 2067.441464
360.3153337 -2247.107025 2064.265656
360.3261667 -2247.107025 2064.265656
360.3370007 -2247.070325 2067.720784
360.3478337 -2247.066925 2067.720784
360.3586667 -2247.033625 2066.562564
360.3695007 -2246.993525 2066.562564
360.3803337 -2246.996925 2065.22712
360.3911667 -2246.956825 2067.830052
360.4020007 -2246.956825 2067.830052
360.4128337 -2246.920125 2069.569203
360.4236667 -2246.883425 2069.569203
360.4345007 -2246.846725 2070.503332
360.4453337 -2246.846725 2070.503332
360.4561667 -2246.846725 2068.223587
360.4670007 -2246.773325 2068.223587
360.4778337 -2246.769925 2066.808855
360.4886667 -2246.736625 2066.808855
360.4995007 -2246.736625 2072.082961
360.5103337 -2246.699925 2072.082961
360.5211667 -2246.696525 2069.48425
360.5320007 -2246.663225 2069.48425
360.5428337 -2246.623125 2069.994139
360.5536667 -2246.623125 2069.994139
360.5645007 -2246.586425 2071.674936
360.5753337 -2246.586425 2071.674936
360.5861667 -2246.549725 2070.020093
360.5970007 -2246.513025 2070.020093
360.6078337 -2246.476325 2071.04633
360.6186667 -2246.476325 2071.04633
360.6295007 -2246.436225 2070.845072
360.6403337 -2246.439625 2070.845072
360.6511667 -2246.399525 2070.388342
360.6620007 -2246.399525 2070.388342
360.6728337 -2246.362825 2071.761667
360.6836667 -2246.362825 2071.761667
360.6945007 -2246.326125 2073.006967
360.7053337 -2246.286025 2073.006967
360.7161667 -2246.289425 2073.333843
360.7270007 -2246.249325 2074.338735
360.7378337 -2246.249325 2074.338735
360.7486667 -2246.212625 2074.584222
360.7595007 -2246.212625 2074.584222
360.7703337 -2246.175925 2077.296985
360.7811667 -2246.175925 2077.296985
360.7920007 -2246.139225 2073.491606
360.8028337 -2246.102525 2073.491606
360.8136667 -2246.102525 2072.318391
360.8245007 -2246.065825 2072.318391
360.8353337 -2246.029125 2072.619489
360.8461667 -2246.025725 2072.619489
360.8570007 -2245.989025 2075.044635
360.8678337 -2245.989025 2075.044635
360.8786667 -2245.952325 2075.013294
360.8895007 -2245.952325 2075.013294
360.9003337 -2245.915625 2075.306695
360.9111667 -2245.915625 2075.306695
360.9220007 -2245.878925 2076.130818
360.9328337 -2245.838825 2076.130818
360.9436667 -2245.838825 2073.726145
360.9545007 -2245.838825 2073.726145
360.9653337 -2245.802125 2073.491817
360.9761667 -2245.765425 2073.491817
360.9870007 -2245.765425 2076.149981
360.9978337 -2245.765425 2076.149981
361.0086667 -2245.692025 2077.90216
361.0195007 -2245.692025 2077.90216
361.0303337 -2245.655325 2077.693181
361.0411667 -2245.615325 2077.693181
361.0520007 -2245.615325 2077.482201
361.0628337 -2245.615325 2075.11534
361.0736667 -2245.578625 2075.11534
361.0845007 -2245.541925 2075.855969
361.0953337 -2245.541925 2075.855969
361.1061667 -2245.505225 2076.644225
361.1170007 -2245.505225 2076.644225
361.1278337 -2245.468525 2076.535947
361.1386667 -2245.468525 2076.535947
361.1495007 -2245.431825 2074.857623
361.1603337 -2245.428425 2074.857623
361.1711667 -2245.428425 2075.68044
361.1820007 -2245.391725 2075.68044
361.1928337 -2245.355025 2073.969579
361.2036667 -2245.315025 2073.969579
361.2145007 -2245.318325 2075.954987
361.2253337 -2245.315025 2075.954987
361.2361667 -2245.278325 2076.992675
361.2470007 -2245.278325 2076.992675
361.2578337 -2245.241625 2078.224334
361.2686667 -2245.238225 2078.224334
361.2795007 -2245.201525 2078.729762
361.2903337 -2245.164825 2078.729762
361.3011667 -2245.164825 2079.26189
361.3120007 -2245.128225 2079.26189
361.3228337 -2245.091525 2080.164492
361.3336667 -2245.091525 2080.164492
361.3445007 -2245.091525 2078.810375
361.3553337 -2245.051425 2078.810375
361.3661667 -2245.014725 2080.486775
361.3770007 -2245.014725 2080.486775
361.3878337 -2244.978025 2080.99876
361.3986667 -2244.978025 2080.622846
361.4095007 -2244.941325 2080.622846
361.4203337 -2244.941325 2080.403788
361.4311667 -2244.868025 2080.403788
361.4420007 -2244.864625 2079.502782
361.4528337 -2244.868025 2079.502782
361.4636667 -2244.864625 2080.725581
361.4745007 -2244.791225 2080.725581
361.4853337 -2244.791225 2083.421598
361.4961667 -2244.791225 2083.421598
361.5070007 -2244.754625 2081.32666
361.5178337 -2244.754625 2081.32666
361.5286667 -2244.751225 2080.55583
361.5395007 -2244.714525 2080.55583
361.5503337 -2244.714525 2082.314172
361.5611667 -2244.641225 2082.314172
361.5720007 -2244.641225 2081.607551
361.5828337 -2244.604525 2081.607551
361.5936667 -2244.604525 2081.157746
361.6045007 -2244.564425 2081.157746
361.6153337 -2244.564425 2082.881998
361.6261667 -2244.564425 2082.881998
361.6370007 -2244.491125 2079.308017
361.6478337 -2244.491125 2079.308017
361.6586667 -2244.491125 2080.848701
361.6695007 -2244.454425 2080.848701
361.6803337 -2244.454425 2080.35864
361.6911667 -2244.417725 2080.35864
361.7020007 -2244.377725 2084.018369
361.7128337 -2244.381025 2084.018369
361.7236667 -2244.381025 2085.160303
361.7345007 -2244.304325 2082.872582
361.7453337 -2244.304325 2082.872582
361.7561667 -2244.301025 2080.964804
361.7670007 -2244.267625 2080.964804
361.7778337 -2244.264325 2081.460749
361.7886667 -2244.227625 2081.460749
361.7995007 -2244.227625 2080.798302
361.8103337 -2244.190925 2080.798302
361.8211667 -2244.190925 2082.019356
361.8320007 -2244.150925 2082.019356
361.8428337 -2244.150925 2082.735524
361.8536667 -2244.114225 2082.735524
361.8645007 -2244.077625 2082.587896
361.8753337 -2244.077625 2082.587896
361.8861667 -2244.077625 2082.664162
361.8970007 -2244.037625 2082.664162
361.9078337 -2244.037625 2082.861687
361.9186667 -2244.000925 2082.861687
361.9295007 -2243.964225 2081.982946
361.9403337 -2243.924225 2081.982946
361.9511667 -2243.924225 2083.685459
361.9620007 -2243.924225 2083.685459
361.9728337 -2243.887525 2083.482466
361.9836667 -2243.887525 2083.482466
361.9945007 -2243.847525 2083.282988
362.0053337 -2243.810925 2083.282988
362.0161667 -2243.810925 2083.348206
362.0270007 -2243.810925 2083.348206
362.0378337 -2243.774225 2083.458909
362.0486667 -2243.770925 2083.458909
362.0595007 -2243.734225 2085.639315
362.0703337 -2243.734225 2083.727007
362.0811667 -2243.694225 2083.727007
362.0920007 -2243.694225 2081.818717
362.1028337 -2243.657525 2081.818717
362.1136667 -2243.657525 2083.644526
362.1245007 -2243.620925 2083.644526
362.1353337 -2243.580925 2081.524752
362.1461667 -2243.580925 2081.524752
362.1570007 -2243.544225 2083.166356
362.1678337 -2243.544225 2083.166356
362.1786667 -2243.540925 2083.801306
362.1895007 -2243.507525 2083.801306
362.2003337 -2243.504325 2084.237357
362.2111667 -2243.467625 2084.237357
362.2220007 -2243.430925 2084.482622
362.2328337 -2243.427625 2084.482622
362.2436667 -2243.427625 2086.114957
362.2545007 -2243.354325 2086.114957
362.2653337 -2243.390925 2087.890325
362.2761667 -2243.354325 2087.890325
362.2870007 -2243.317625 2086.053644
362.2978337 -2243.314325 2086.053644
362.3086667 -2243.280925 2087.609352
362.3195007 -2243.277625 2087.609352
362.3303337 -2243.241025 2084.899261
362.3411667 -2243.204325 2084.899261
362.3520007 -2243.204325 2086.154993
362.3628337 -2243.167625 2086.154993
362.3736667 -2243.167625 2085.491854
362.3845007 -2243.164325 2085.491854
362.3953337 -2243.091025 2087.903382
362.4061667 -2243.091025 2088.355111
362.4170007 -2243.091025 2088.355111
362.4278337 -2243.051125 2087.689778
362.4386667 -2243.051125 2087.689778
362.4495007 -2243.014425 2086.959159
362.4603337 -2242.977725 2086.959159
362.4711667 -2242.974425 2087.59124
362.4820007 -2242.937825 2087.59124
362.4928337 -2242.937825 2089.855633
362.5036667 -2242.937825 2089.855633
362.5145007 -2242.901125 2089.750557
362.5253337 -2242.864425 2089.750557
362.5361667 -2242.861225 2089.423607
362.5470007 -2242.824525 2089.423607
362.5578337 -2242.821225 2088.675562
362.5686667 -2242.787825 2088.675562
362.5795007 -2242.784625 2088.679345
362.5903337 -2242.747925 2088.679345
362.6011667 -2242.744625 2087.776166
362.6120007 -2242.708025 2087.776166
362.6228337 -2242.704725 2090.567586
362.6336667 -2242.668025 2090.567586
362.6445007 -2242.668025 2090.111332
362.6553337 -2242.631425 2090.111332
362.6661667 -2242.631425 2089.624099
362.6770007 -2242.591525 2089.624099
362.6878337 -2242.594725 2089.51149
362.6986667 -2242.554825 2089.51149
362.7095007 -2242.518125 2088.031568
362.7203337 -2242.514925 2088.031568
362.7311667 -2242.514925 2088.105674
362.7420007 -2242.478225 2091.757425
362.7528337 -2242.438325 2091.757425
362.7636667 -2242.438325 2092.447469
362.7745007 -2242.401625 2092.447469
362.7853337 -2242.361725 2090.748662
362.7961667 -2242.361725 2090.748662
362.8070007 -2242.361725 2093.76624
362.8178337 -2242.325125 2093.76624
362.8286667 -2242.288425 2092.55087
362.8395007 -2242.321825 2092.55087
362.8503337 -2242.248525 2094.022409
362.8611667 -2242.211925 2094.022409
362.8720007 -2242.245325 2091.974516
362.8828337 -2242.208625 2091.974516
362.8936667 -2242.175225 2092.184155
362.9045007 -2242.172025 2092.184155
362.9153337 -2242.135325 2093.179985
362.9261667 -2242.132125 2093.179985
362.9370007 -2242.132125 2093.151914
362.9478337 -2242.092225 2093.151914
362.9586667 -2242.058825 2095.254616
362.9695007 -2242.092225 2095.254616
362.9803337 -2242.055525 2094.778565
362.9911667 -2242.018925 2094.778565
363.0020007 -2242.015625 2094.799618
363.0128337 -2241.979025 2094.799618
363.0236667 -2241.979025 2096.321254
363.0345007 -2241.942325 2096.321254
363.0453337 -2241.939125 2096.802581
363.0561667 -2241.902425 2096.802581
363.0670007 -2241.902425 2094.304734
363.0778337 -2241.862625 2097.809828
363.0886667 -2241.862625 2097.809828
363.0995007 -2241.825925 2096.647747
363.1103337 -2241.825925 2096.647747
363.1211667 -2241.789325 2095.764185
363.1320007 -2241.749425 2095.764185
363.1428337 -2241.749425 2095.956
363.1536667 -2241.746225 2095.956
363.1645007 -2241.709525 2096.449846
363.1753337 -2241.709525 2096.449846
363.1861667 -2241.672925 2097.616376
363.1970007 -2241.633025 2097.616376
363.2078337 -2241.633025 2097.183032
363.2186667 -2241.596425 2097.183032
363.2295007 -2241.596425 2099.025049
363.2403337 -2241.596425 2099.025049
363.2511667 -2241.559725 2095.33343
363.2620007 -2241.556525 2095.33343
363.2728337 -2241.519825 2097.607625
363.2836667 -2241.483225 2097.607625
363.2945007 -2241.483225 2095.31088
363.3053337 -2241.446625 2095.31088
363.3161667 -2241.443325 2097.776516
363.3270007 -2241.406725 2097.776516
363.3378337 -2241.406725 2096.066899
363.3486667 -2241.370125 2096.066899
363.3595007 -2241.366825 2096.080917
363.3703337 -2241.370125 2096.080917
363.3811667 -2241.333425 2097.305687
363.3920007 -2241.293625 2097.305687
363.4028337 -2241.293625 2098.54147
363.4136667 -2241.296825 2097.835708
363.4245007 -2241.256925 2097.835708
363.4353337 -2241.220325 2100.105115
363.4461667 -2241.217125 2100.105115
363.4570007 -2241.217125 2099.823589
363.4678337 -2241.183625 2099.823589
363.4786667 -2241.180425 2099.402416
363.4895007 -2241.107225 2099.402416
363.5003337 -2241.143825 2099.186779
363.5111667 -2241.107225 2099.186779
363.5220007 -2241.070525 2100.672196
363.5328337 -2241.070525 2100.672196
363.5436667 -2240.997225 2100.659384
363.5545007 -2240.994025 2100.659384
363.5653337 -2240.994025 2103.882642
363.5761667 -2240.994025 2103.882642
363.5870007 -2240.957425 2102.237354
363.5978337 -2240.957425 2102.237354
363.6086667 -2240.920825 2103.154841
363.6195007 -2240.884125 2103.154841
363.6303337 -2240.917625 2107.086039
363.6411667 -2240.880925 2107.086039
363.6520007 -2240.844325 2105.381582
363.6628337 -2240.844325 2105.381582
363.6736667 -2240.807725 2102.988577
363.6845007 -2240.807725 2102.988577
363.6953337 -2240.771025 2104.758055
363.7061667 -2240.767825 2104.758055
363.7170007 -2240.731225 2103.977674
363.7278337 -2240.731225 2103.977674
363.7386667 -2240.694625 2105.775328
363.7495007 -2240.657925 2104.518391
363.7603337 -2240.657925 2104.518391
363.7711667 -2240.657925 2106.848638
363.7820007 -2240.654725 2106.848638
363.7928337 -2240.618125 2105.1644
363.8036667 -2240.581525 2105.1644
363.8145007 -2240.581525 2105.868478
363.8253337 -2240.544825 2105.868478
363.8361667 -2240.541725 2105.925921
363.8470007 -2240.505025 2105.925921
363.8578337 -2240.468425 2107.052575
363.8686667 -2240.468425 2107.052575
363.8795007 -2240.431825 2105.616882
363.8903337 -2240.395125 2105.616882
363.9011667 -2240.431825 2106.132477
363.9120007 -2240.391925 2106.132477
363.9228337 -2240.355325 2106.081558
363.9336667 -2240.355325 2106.081558
363.9445007 -2240.318725 2106.911215
363.9553337 -2240.318725 2106.911215
363.9661667 -2240.318725 2107.63998
363.9770007 -2240.282125 2107.63998
363.9878337 -2240.278925 2107.673556
363.9986667 -2240.242325 2107.673556
364.0095007 -2240.205625 2106.9147
364.0203337 -2240.205625 2106.9147
364.0311667 -2240.205625 2110.915017
364.0420007 -2240.169025 2110.915017
364.0528337 -2240.169025 2108.310595
364.0636667 -2240.132425 2108.310595
364.0745007 -2240.092625 2109.992247
364.0853337 -2240.092625 2110.747826
364.0961667 -2240.095725 2110.747826
364.1070007 -2240.055925 2109.815789
364.1178337 -2240.055925 2109.815789
364.1286667 -2240.019325 2115.020988
364.1395007 -2240.019325 2115.020988
364.1503337 -2240.019325 2112.454538
364.1611667 -2239.942925 2112.454538
364.1720007 -2239.942925 2112.822656
364.1828337 -2239.906325 2112.822656
364.1936667 -2239.906325 2114.876672
364.2045007 -2239.903125 2114.876672
364.2153337 -2239.869625 2114.441945
364.2261667 -2239.869625 2114.441945
364.2370007 -2239.833025 2116.949573
364.2478337 -2239.829825 2116.949573
364.2586667 -2239.793225 2116.20561
364.2695007 -2239.793225 2116.20561
364.2803337 -2239.756625 2118.455402
364.2911667 -2239.716825 2118.455402
364.3020007 -2239.716825 2116.321884
364.3128337 -2239.683325 2116.321884
364.3236667 -2239.680225 2116.116805
364.3345007 -2239.643625 2116.116805
364.3453337 -2239.643625 2116.034379
364.3561667 -2239.643625 2116.034379
364.3670007 -2239.606925 2115.557791
364.3778337 -2239.603825 2115.557791
364.3886667 -2239.570325 2117.579213
364.3995007 -2239.567225 2117.579213
364.4103337 -2239.567225 2119.633296
364.4211667 -2239.530525 2118.147658
364.4320007 -2239.493925 2118.147658
364.4428337 -2239.457325 2120.76421
364.4536667 -2239.457325 2120.76421
364.4645007 -2239.457325 2118.918917
364.4753337 -2239.417525 2118.918917
364.4861667 -2239.380925 2118.190351
364.4970007 -2239.344325 2118.190351
364.5078337 -2239.380925 2118.631107
364.5186667 -2239.344325 2118.631107
364.5295007 -2239.307725 2117.433685
364.5403337 -2239.267925 2117.433685
364.5511667 -2239.307725 2119.465785
364.5620007 -2239.267925 2119.465785
364.5728337 -2239.231325 2120.004217
364.5836667 -2239.231325 2120.004217
364.5945007 -2239.231325 2120.254716
364.6053337 -2239.191525 2120.254716
364.6161667 -2239.191525 2121.054851
364.6270007 -2239.154925 2121.054851
364.6378337 -2239.154925 2122.368695
364.6486667 -2239.118325 2122.368695
364.6595007 -2239.118325 2121.266429
364.6703337 -2239.081725 2121.266429
364.6811667 -2239.081725 2120.668109
364.6920007 -2239.078525 2120.668109
364.7028337 -2239.041925 2121.632367
364.7136667 -2239.041925 2121.632367
364.7245007 -2239.005325 2120.441488
364.7353337 -2238.968725 2120.441488
364.7461667 -2238.968725 2122.500435
364.7570007 -2238.929025 2120.754721
364.7678337 -2238.932125 2120.754721
364.7786667 -2238.892325 2120.612661
364.7895007 -2238.892325 2120.612661
364.8003337 -2238.892325 2120.8984
364.8111667 -2238.855725 2120.8984
364.8220007 -2238.852625 2121.61211
364.8328337 -2238.816025 2121.61211
364.8436667 -2238.812925 2122.60444
364.8545007 -2238.779425 2122.60444
364.8653337 -2238.776225 2123.681868
364.8761667 -2238.742725 2123.681868
364.8870007 -2238.706125 2125.213716
364.8978337 -2238.739625 2125.213716
364.9086667 -2238.703025 2125.401727
364.9195007 -2238.666425 2125.401727
364.9303337 -2238.666425 2125.548613
364.9411667 -2238.626725 2125.548613
364.9520007 -2238.626725 2127.815415
364.9628337 -2238.626725 2127.815415
364.9736667 -2238.590125 2125.597984
364.9845007 -2238.553425 2125.597984
364.9953337 -2238.553425 2126.35349
365.0061667 -2238.550325 2126.35349
365.0170007 -2238.510625 2126.87096
365.0278337 -2238.513725 2126.87096
365.0386667 -2238.477125 2126.731797
365.0495007 -2238.477125 2126.731797
365.0603337 -2238.437425 2130.432055
365.0711667 -2238.437425 2130.432055
365.0820007 -2238.400825 2127.202585
365.0928337 -2238.400825 2127.871182
365.1036667 -2238.400825 2127.871182
365.1145007 -2238.364225 2126.81775
365.1253337 -2238.361125 2126.81775
365.1361667 -2238.327625 2127.399634
365.1470007 -2238.287925 2127.399634
365.1578337 -2238.287925 2128.175914
365.1686667 -2238.287925 2128.175914
365.1795007 -2238.248125 2127.317618
365.1903337 -2238.211525 2127.317618
365.2011667 -2238.211525 2126.244044
365.2120007 -2238.248125 2126.244044
365.2228337 -2238.174925 2127.568848
365.2336667 -2238.171825 2127.568848
365.2445007 -2238.135225 2130.307314
365.2553337 -2238.135225 2130.307314
365.2661667 -2238.135225 2129.082633
365.2770007 -2238.132125 2129.082633
365.2878337 -2238.058925 2128.641367
365.2986667 -2238.095525 2128.641367
365.3095007 -2238.058925 2128.932463
365.3203337 -2238.019225 2128.932463
365.3311667 -2238.019225 2128.984924
365.3420007 -2238.016125 2128.984924
365.3528337 -2237.979525 2130.527539
365.3636667 -2237.942925 2130.527539
365.3745007 -2237.942925 2132.138486
365.3853337 -2237.939925 2132.138486
365.3961667 -2237.903225 2131.914868
365.4070007 -2237.866625 2131.914868
365.4178337 -2237.863625 2130.353513
365.4286667 -2237.827025 2132.485237
365.4395007 -2237.827025 2132.485237
365.4503337 -2237.827025 2133.274159
365.4611667 -2237.790425 2133.274159
365.4720007 -2237.790425 2132.579983
365.4828337 -2237.750725 2132.579983
365.4936667 -2237.787325 2133.804425
365.5045007 -2237.711025 2133.804425
365.5153337 -2237.677525 2133.394383
365.5261667 -2237.674425 2133.394383
365.5370007 -2237.677525 2132.104891
365.5478337 -2237.637825 2132.104891
365.5586667 -2237.637825 2133.44117
365.5695007 -2237.634725 2133.44117
365.5803337 -2237.598125 2133.709492
365.5911667 -2237.598125 2133.709492
365.6020007 -2237.561525 2135.426948
365.6128337 -2237.558525 2135.426948
365.6236667 -2237.521925 2133.716607
365.6345007 -2237.485325 2133.716607
365.6453337 -2237.485325 2136.047185
365.6561667 -2237.448725 2136.047185
365.6670007 -2237.448725 2135.319926
365.6778337 -2237.445625 2135.319926
365.6886667 -2237.445625 2136.898922
365.6995007 -2237.409025 2136.898922
365.7103337 -2237.406025 2134.869456
365.7211667 -2237.372425 2134.869456
365.7320007 -2237.372425 2134.68698
365.7428337 -2237.369425 2134.68698
365.7536667 -2237.296225 2137.201821
365.7645007 -2237.296225 2135.715005
365.7753337 -2237.296225 2135.715005
365.7861667 -2237.259625 2137.223105
365.7970007 -2237.256525 2137.223105
365.8078337 -2237.259625 2137.117527
365.8186667 -2237.256525 2137.117527
365.8295007 -2237.219925 2137.727382
365.8403337 -2237.183425 2137.727382
365.8511667 -2237.146825 2136.798411
365.8620007 -2237.146825 2136.798411
365.8728337 -2237.110225 2138.495963
365.8836667 -2237.110225 2138.495963
365.8945007 -2237.110225 2137.766246
365.9053337 -2237.070525 2137.766246
365.9161667 -2237.070525 2137.331501
365.9270007 -2237.033925 2137.331501
365.9378337 -2237.033925 2137.295226
365.9486667 -2236.997325 2137.295226
365.9595007 -2236.994325 2139.126043
365.9703337 -2236.997325 2139.126043
365.9811667 -2236.957725 2139.064693
365.9920007 -2236.957725 2139.064693
366.0028337 -2236.918125 2139.228102
366.0136667 -2236.921125 2139.228102
366.0245007 -2236.884525 2139.253893
366.0353337 -2236.884525 2139.253893
366.0461667 -2236.884525 2141.203255
366.0570007 -2236.847925 2141.203255
366.0678337 -2236.811425 2143.34223
366.0786667 -2236.811425 2143.34223
366.0895007 -2236.811425 2143.654518
366.1003337 -2236.771725 2143.654518
366.1111667 -2236.738225 2143.420494
366.1220007 -2236.735125 2144.608092
366.1328337 -2236.698525 2144.608092
366.1436667 -2236.701625 2142.225504
366.1545007 -2236.698525 2142.225504
366.1653337 -2236.662025 2143.302921
366.1761667 -2236.662025 2143.302921
366.1870007 -2236.625425 2143.982724
366.1978337 -2236.625425 2143.982724
366.2086667 -2236.625425 2141.304088
366.2195007 -2236.591825 2141.304088
366.2303337 -2236.552225 2140.91145
366.2411667 -2236.552225 2140.91145
366.2520007 -2236.515625 2140.942191
366.2628337 -2236.515625 2140.942191
366.2736667 -2236.515625 2142.736624
366.2845007 -2236.515625 2142.736624
366.2953337 -2236.442425 2144.305299
366.3061667 -2236.442425 2144.305299
366.3170007 -2236.442425 2143.101128
366.3278337 -2236.405825 2143.101128
366.3386667 -2236.369325 2144.121133
366.3495007 -2236.405825 2144.121133
366.3603337 -2236.369325 2142.373959
366.3711667 -2236.366225 2142.373959
366.3820007 -2236.332725 2145.01242
366.3928337 -2236.329625 2145.01242
366.4036667 -2236.296125 2144.544668
366.4145007 -2236.259525 2144.544668
366.4253337 -2236.296125 2146.67578
366.4361667 -2236.259525 2146.67578
366.4470007 -2236.222925 2146.882091
366.4578337 -2236.222925 2147.486989
366.4686667 -2236.222925 2147.486989
366.4795007 -2236.183325 2147.943551
366.4903337 -2236.183325 2147.943551
366.5011667 -2236.183325 2150.269109
366.5120007 -2236.113125 2150.269109
366.5228337 -2236.113125 2149.960638
366.5336667 -2236.146725 2149.960638
366.5445007 -2236.073525 2151.023863
366.5553337 -2236.073525 2151.023863
366.5661667 -2236.073525 2151.017516
366.5770007 -2236.037025 2151.017516
366.5878337 -2236.037025 2151.889474
366.5986667 -2236.003425 2151.889474
366.6095007 -2236.000425 2150.200226
366.6203337 -2236.000425 2150.200226
366.6311667 -2235.963825 2148.516955
366.6420007 -2235.927225 2148.516955
366.6528337 -2235.930225 2151.59544
366.6636667 -2235.890625 2151.59544
366.6745007 -2235.890625 2150.618145
366.6853337 -2235.890625 2150.618145
366.6961667 -2235.854025 2151.34304
366.7070007 -2235.854025 2151.34304
366.7178337 -2235.817425 2153.122438
366.7286667 -2235.817425 2153.122438
366.7395007 -2235.780925 2153.823746
366.7503337 -2235.817425 2153.823746
366.7611667 -2235.817425 2156.143565
366.7720007 -2235.741325 2156.143565
366.7828337 -2235.704725 2155.16094
366.7936667 -2235.707725 2154.4923
366.8045007 -2235.707725 2154.4923
366.8153337 -2235.671125 2155.663556
366.8261667 -2235.631525 2155.663556
366.8370007 -2235.634525 2157.608535
366.8478337 -2235.634525 2157.608535
366.8586667 -2235.597925 2156.866687
366.8695007 -2235.631525 2156.866687
366.8803337 -2235.558325 2157.0617
366.8911667 -2235.558325 2157.0617
366.9020007 -2235.558325 2159.391095
366.9128337 -2235.521825 2159.391095
366.9236667 -2235.485225 2156.0971
366.9345007 -2235.448625 2156.0971
366.9453337 -2235.485225 2158.971933
366.9561667 -2235.485225 2158.971933
366.9670007 -2235.415025 2157.422458
366.9778337 -2235.412025 2157.422458
366.9886667 -2235.415025 2157.918188
366.9995007 -2235.378425 2157.918188
367.0103337 -2235.375425 2161.05954
367.0211667 -2235.375425 2161.05954
367.0320007 -2235.338825 2160.943169
367.0428337 -2235.341825 2160.943169
367.0536667 -2235.341825 2158.927899
367.0645007 -2235.305225 2158.927899
367.0753337 -2235.265725 2161.679036
367.0861667 -2235.268625 2161.679036
367.0970007 -2235.265725 2161.751457
367.1078337 -2235.232125 2161.751457
367.1186667 -2235.192525 2159.140029
367.1295007 -2235.192525 2161.673405
367.1403337 -2235.192525 2161.673405
367.1511667 -2235.155925 2164.200469
367.1620007 -2235.122325 2164.200469
367.1728337 -2235.119325 2161.164552
367.1836667 -2235.122325 2161.164552
367.1945007 -2235.119325 2162.273617
367.2053337 -2235.085725 2162.273617
367.2161667 -2235.046125 2163.330171
367.2270007 -2235.046125 2163.330171
367.2378337 -2235.009625 2163.591437
367.2486667 -2235.009625 2163.591437
367.2595007 -2234.973025 2163.734062
367.2703337 -2234.973025 2163.734062
367.2811667 -2234.936425 2165.927973
367.2920007 -2234.939425 2165.927973
367.3028337 -2234.939425 2166.72487
367.3136667 -2234.902825 2166.72487
367.3245007 -2234.899825 2166.540351
367.3353337 -2234.863225 2166.540351
367.3461667 -2234.829625 2167.870351
367.3570007 -2234.826625 2167.870351
367.3678337 -2234.793025 2166.441242
367.3786667 -2234.790125 2166.441242
367.3895007 -2234.793025 2166.905744
367.4003337 -2234.756425 2166.905744
367.4111667 -2234.753525 2165.990283
367.4220007 -2234.719925 2165.990283
367.4328337 -2234.719925 2165.174474
367.4436667 -2234.719925 2165.174474
367.4545007 -2234.683325 2167.541968
367.4653337 -2234.683325 2167.856777
367.4761667 -2234.646725 2167.856777
367.4870007 -2234.646725 2168.84114
367.4978337 -2234.610125 2168.84114
367.5086667 -2234.610125 2168.47235
367.5195007 -2234.573525 2168.47235
367.5303337 -2234.573525 2168.478303
367.5411667 -2234.573525 2168.478303
367.5520007 -2234.536925 2167.816262
367.5628337 -2234.573525 2167.816262
367.5736667 -2234.500325 2167.497258
367.5845007 -2234.463825 2167.497258
367.5953337 -2234.497425 2169.324371
367.6061667 -2234.463825 2169.324371
367.6170007 -2234.463825 2169.87812
367.6278337 -2234.427225 2169.87812
367.6386667 -2234.427225 2168.690154
367.6495007 -2234.390625 2168.690154
367.6603337 -2234.390625 2168.447148
367.6711667 -2234.354025 2168.447148
367.6820007 -2234.354025 2169.798237
367.6928337 -2234.317425 2169.798237
367.7036667 -2234.317425 2169.593968
367.7145007 -2234.317425 2169.593968
367.7253337 -2234.280825 2170.349121
367.7361667 -2234.244225 2170.349121
367.7470007 -2234.244225 2171.178455
367.7578337 -2234.244225 2171.178455
367.7686667 -2234.207625 2169.428746
367.7795007 -2234.207625 2169.428746
367.7903337 -2234.171125 2170.223879
367.8011667 -2234.171125 2172.312408
367.8120007 -2234.134525 2172.312408
367.8228337 -2234.134525 2169.893685
367.8336667 -2234.134525 2169.893685
367.8445007 -2234.134525 2171.168783
367.8553337 -2234.097925 2171.168783
367.8661667 -2234.097925 2171.666544
367.8770007 -2234.061325 2171.666544
367.8878337 -2234.061325 2170.497276
367.8986667 -2234.024725 2170.497276
367.9095007 -2233.988125 2170.110358
367.9203337 -2233.988125 2170.110358
367.9311667 -2233.988125 2168.867304
367.9420007 -2233.988125 2168.867304
367.9528337 -2233.951525 2170.374212
367.9636667 -2233.954525 2170.374212
367.9745007 -2233.878425 2172.702382
367.9853337 -2233.917925 2172.702382
367.9961667 -2233.878425 2171.228339
368.0070007 -2233.841825 2171.228339
368.0178337 -2233.881325 2170.045683
368.0286667 -2233.844725 2170.045683
368.0395007 -2233.808125 2171.793572
368.0503337 -2233.808125 2171.793572
368.0611667 -2233.771525 2173.867447
368.0720007 -2233.808125 2173.867447
368.0828337 -2233.735025 2173.12075
368.0936667 -2233.735025 2173.12075
368.1045007 -2233.695425 2174.662055
368.1153337 -2233.695425 2174.662055
368.1261667 -2233.695425 2175.474881
368.1370007 -2233.658925 2176.565503
368.1478337 -2233.658925 2176.565503
368.1586667 -2233.655925 2173.309079
368.1695007 -2233.658925 2173.309079
368.1803337 -2233.622325 2175.894453
368.1911667 -2233.619325 2175.894453
368.2020007 -2233.582825 2173.483181
368.2128337 -2233.582825 2173.483181
368.2236667 -2233.582825 2174.05325
368.2345007 -2233.546225 2174.05325
368.2453337 -2233.509625 2173.047686
368.2561667 -2233.509625 2173.047686
368.2670007 -2233.509625 2176.859669
368.2778337 -2233.509625 2176.859669
368.2886667 -2233.473025 2174.602765
368.2995007 -2233.473025 2174.602765
368.3103337 -2233.436425 2176.871737
368.3211667 -2233.396925 2176.871737
368.3320007 -2233.396925 2174.586981
368.3428337 -2233.396925 2174.586981
368.3536667 -2233.360325 2174.242345
368.3645007 -2233.360325 2174.242345
368.3753337 -2233.323725 2179.100557
368.3861667 -2233.323725 2179.100557
368.3970007 -2233.323725 2176.141693
368.4078337 -2233.287225 2176.141693
368.4186667 -2233.287225 2177.237616
368.4295007 -2233.287225 2177.237616
368.4403337 -2233.250625 2175.773448
368.4511667 -2233.250625 2175.773448
368.4620007 -2233.214025 2176.150306
368.4728337 -2233.214025 2174.445773
368.4836667 -2233.177425 2174.445773
368.4945007 -2233.177425 2176.0088
368.5053337 -2233.177425 2176.0088
368.5161667 -2233.140825 2177.761885
368.5270007 -2233.143725 2177.761885
368.5378337 -2233.070625 2177.165021
368.5486667 -2233.104225 2177.165021
368.5595007 -2233.070625 2176.586465
368.5703337 -2233.031125 2176.586465
368.5811667 -2233.034025 2178.414818
368.5920007 -2233.034025 2178.414818
368.6028337 -2233.034025 2178.918652
368.6136667 -2232.957925 2178.918652
368.6245007 -2232.997425 2180.978066
368.6353337 -2232.960825 2180.978066
368.6461667 -2232.924225 2178.662686
368.6570007 -2232.924225 2178.662686
368.6678337 -2232.890525 2182.655884
368.6786667 -2232.887625 2182.655884
368.6895007 -2232.887625 2179.120876
368.7003337 -2232.851125 2179.120876
368.7111667 -2232.814525 2179.988938
368.7220007 -2232.814525 2179.988938
368.7328337 -2232.814525 2179.770463
368.7436667 -2232.817425 2179.770463
368.7545007 -2232.777925 2180.150658
368.7653337 -2232.777925 2180.150658
368.7761667 -2232.780825 2179.206756
368.7870007 -2232.741325 2179.206756
368.7978337 -2232.704725 2179.181353
368.8086667 -2232.744225 2179.694796
368.8195007 -2232.744225 2179.694796
368.8303337 -2232.704725 2181.522573
368.8411667 -2232.668125 2181.522573
368.8520007 -2232.668125 2181.029619
368.8628337 -2232.631525 2181.029619
368.8736667 -2232.631525 2181.894581
368.8845007 -2232.595025 2181.894581
368.8953337 -2232.558425 2182.132184
368.9061667 -2232.558425 2182.132184
368.9170007 -2232.558425 2182.894562
368.9278337 -2232.521825 2182.894562
368.9386667 -2232.521825 2181.635619
368.9495007 -2232.521825 2181.635619
368.9603337 -2232.485225 2181.894327
368.9711667 -2232.485225 2181.894327
368.9820007 -2232.448625 2182.502694
368.9928337 -2232.448625 2182.502694
369.0036667 -2232.448625 2184.916469
369.0145007 -2232.412025 2184.916469
369.0253337 -2232.412025 2185.434671
369.0361667 -2232.375525 2185.434671
369.0470007 -2232.338925 2185.245807
369.0578337 -2232.338925 2185.245807
369.0686667 -2232.338925 2186.550662
369.0795007 -2232.338925 2186.550662
369.0903337 -2232.336025 2188.702286
369.1011667 -2232.262825 2188.702286
369.1120007 -2232.302325 2188.398515
369.1228337 -2232.262825 2188.398515
369.1336667 -2232.265725 2189.239439
369.1445007 -2232.229125 2186.565983
369.1553337 -2232.229125 2186.565983
369.1661667 -2232.226225 2189.337658
369.1770007 -2232.155925 2189.337658
369.1878337 -2232.153125 2190.07562
369.1986667 -2232.153125 2190.07562
369.2095007 -2232.153125 2191.943274
369.2203337 -2232.155925 2191.943274
369.2311667 -2232.119425 2192.184257
369.2420007 -2232.119425 2192.184257
369.2528337 -2232.079925 2191.687318
369.2636667 -2232.079925 2191.687318
369.2745007 -2232.043325 2190.814002
369.2853337 -2232.079925 2190.814002
369.2961667 -2232.009625 2192.168293
369.3070007 -2232.006725 2192.168293
369.3178337 -2232.009625 2190.446209
369.3286667 -2231.970125 2190.446209
369.3395007 -2231.970125 2194.545679
369.3503337 -2231.973025 2194.545679
369.3611667 -2231.933625 2195.106389
369.3720007 -2231.933625 2195.106389
369.3828337 -2231.897025 2193.122029
369.3936667 -2231.860425 2193.122029
369.4045007 -2231.860425 2195.20702
369.4153337 -2231.860425 2195.20702
369.4261667 -2231.860425 2197.800188
369.4370007 -2231.860425 2197.800188
369.4478337 -2231.820925 2195.586449
369.4586667 -2231.787225 2195.586449
369.4695007 -2231.787225 2197.928037
369.4803337 -2231.784425 2196.112778
369.4911667 -2231.787225 2196.112778
369.5020007 -2231.750625 2197.176377
369.5128337 -2231.747825 2197.176377
369.5236667 -2231.711225 2199.186676
369.5345007 -2231.714125 2199.186676
369.5453337 -2231.714125 2198.611098
369.5561667 -2231.714125 2198.611098
369.5670007 -2231.677525 2199.139832
369.5778337 -2231.674625 2199.139832
369.5886667 -2231.674625 2200.994732
369.5995007 -2231.638025 2200.994732
369.6103337 -2231.601525 2201.47065
369.6211667 -2231.601525 2201.47065
369.6320007 -2231.564925 2200.564697
369.6428337 -2231.564925 2200.564697
369.6536667 -2231.528325 2201.385808
369.6645007 -2231.491725 2201.385808
369.6753337 -2231.491725 2201.758126
369.6861667 -2231.491725 2201.758126
369.6970007 -2231.491725 2202.543701
369.7078337 -2231.455125 2202.543701
369.7186667 -2231.455125 2206.396862
369.7295007 -2231.418525 2206.396862
369.7403337 -2231.418525 2204.700486
369.7511667 -2231.418525 2204.700486
369.7620007 -2231.382025 2207.997684
369.7728337 -2231.345425 2207.997684
369.7836667 -2231.382025 2206.53149
369.7945007 -2231.345425 2206.53149
369.8053337 -2231.345425 2204.832832
369.8161667 -2231.345425 2206.686211
369.8270007 -2231.308825 2206.686211
369.8378337 -2231.272225 2205.192524
369.8486667 -2231.272225 2205.192524
369.8595007 -2231.235625 2205.741248
369.8703337 -2231.235625 2205.741248
369.8811667 -2231.235625 2207.631457
369.8920007 -2231.199025 2207.631457
369.9028337 -2231.162525 2207.902612
369.9136667 -2231.162525 2207.902612
369.9245007 -2231.162525 2204.86948
369.9353337 -2231.162525 2204.86948
369.9461667 -2231.125925 2206.210086
369.9570007 -2231.125925 2206.210086
369.9678337 -2231.089325 2207.502649
369.9786667 -2231.089325 2207.502649
369.9895007 -2231.089325 2208.89008
370.0003337 -2231.052725 2208.89008
370.0111667 -2231.019025 2209.705884
370.0220007 -2231.016125 2209.705884
370.0328337 -2231.016125 2208.717826
370.0436667 -2231.016125 2208.717826
370.0545007 -2230.979625 2209.638994
370.0653337 -2230.979625 2209.638994
370.0761667 -2230.943025 2210.875067
370.0870007 -2230.945825 2210.875067
370.0978337 -2230.906425 2212.709648
370.1086667 -2230.869825 2212.709648
370.1195007 -2230.869825 2211.740874
370.1303337 -2230.869825 2211.740874
370.1411667 -2230.869825 2212.044929
370.1520007 -2230.836125 2212.112185
370.1628337 -2230.833225 2212.112185
370.1736667 -2230.836125 2210.116608
370.1845007 -2230.799525 2210.116608
370.1953337 -2230.799525 2211.1644
370.2061667 -2230.799525 2211.1644
370.2170007 -2230.760125 2213.011379
370.2278337 -2230.762925 2213.011379
370.2386667 -2230.799525 2212.318066
370.2495007 -2230.762925 2212.318066
370.2603337 -2230.762925 2211.591621
370.2711667 -2230.726325 2211.591621
370.2820007 -2230.689725 2213.932542
370.2928337 -2230.689725 2213.932542
370.3036667 -2230.616625 2214.479431
370.3145007 -2230.653125 2214.479431
370.3253337 -2230.653125 2214.020993
370.3361667 -2230.580025 2214.020993
370.3470007 -2230.582825 2216.344935
370.3578337 -2230.582825 2216.344935
370.3686667 -2230.546225 2216.45602
370.3795007 -2230.546225 2216.45602
370.3903337 -2230.512425 2216.446164
370.4011667 -2230.509625 2216.446164
370.4120007 -2230.475925 2214.176587
370.4228337 -2230.475925 2214.176587
370.4336667 -2230.475925 2213.513168
370.4445007 -2230.439325 2213.513168
370.4553337 -2230.439325 2216.609777
370.4661667 -2230.402725 2216.609777
370.4770007 -2230.405525 2215.836092
370.4878337 -2230.368925 2214.884035
370.4986667 -2230.368925 2214.884035
370.5095007 -2230.368925 2214.92916
370.5203337 -2230.295725 2214.92916
370.5311667 -2230.295725 2217.237444
370.5420007 -2230.295725 2217.237444
370.5528337 -2230.298625 2218.59376
370.5636667 -2230.262025 2218.59376
370.5745007 -2230.262025 2219.147236
370.5853337 -2230.262025 2219.147236
370.5961667 -2230.225425 2218.993535
370.6070007 -2230.188825 2218.993535
370.6178337 -2230.191625 2218.4168
370.6286667 -2230.155025 2218.4168
370.6395007 -2230.155025 2221.750863
370.6503337 -2230.118425 2221.750863
370.6611667 -2230.118425 2221.80978
370.6720007 -2230.118425 2221.80978
370.6828337 -2230.121225 2219.878325
370.6936667 -2230.084625 2219.878325
370.7045007 -2230.048025 2222.241058
370.7153337 -2230.050925 2222.241058
370.7261667 -2230.050925 2220.238339
370.7370007 -2230.011525 2220.238339
370.7478337 -2229.977725 2220.460779
370.7586667 -2229.977725 2220.460779
370.7695007 -2229.941125 2220.846335
370.7803337 -2229.941125 2220.846335
370.7911667 -2229.943925 2220.845636
370.8020007 -2229.943925 2220.845636
370.8128337 -2229.943925 2222.159891
370.8236667 -2229.910125 2224.236476
370.8345007 -2229.910125 2224.236476
370.8453337 -2229.873525 2222.562064
370.8561667 -2229.876325 2222.562064
370.8670007 -2229.839725 2222.137762
370.8778337 -2229.839725 2222.137762
370.8886667 -2229.842525 2221.642773
370.8995007 -2229.805925 2221.642773
370.9103337 -2229.769325 2221.181487
370.9211667 -2229.805925 2221.181487
370.9320007 -2229.769325 2225.801963
370.9428337 -2229.735525 2225.801963
370.9536667 -2229.698925 2226.124791
370.9645007 -2229.698925 2226.124791
370.9753337 -2229.701725 2222.329691
370.9861667 -2229.665125 2222.329691
370.9970007 -2229.665125 2225.13465
371.0078337 -2229.665125 2225.13465
371.0186667 -2229.667925 2225.197784
371.0295007 -2229.631325 2225.197784
371.0403337 -2229.594725 2224.36339
371.0511667 -2229.597525 2224.36339
371.0620007 -2229.560925 2224.535644
371.0728337 -2229.560925 2224.535644
371.0836667 -2229.527125 2226.901426
371.0945007 -2229.527125 2226.901426
371.1053337 -2229.490525 2227.267842
371.1161667 -2229.529925 2227.267842
371.1270007 -2229.493325 2227.770515
371.1378337 -2229.456625 2227.770515
371.1486667 -2229.456625 2226.331009
371.1595007 -2229.456625 2226.615888
371.1703337 -2229.422825 2226.615888
371.1811667 -2229.422825 2228.177628
371.1920007 -2229.389025 2228.177628
371.2028337 -2229.391825 2230.196865
371.2136667 -2229.355225 2230.196865
371.2245007 -2229.358025 2229.825367
371.2353337 -2229.321425 2229.825367
371.2461667 -2229.324225 2229.583902
371.2570007 -2229.326925 2229.583902
371.2678337 -2229.326925 2228.834469
371.2786667 -2229.293125 2228.834469
371.2895007 -2229.253725 2230.878196
371.3003337 -2229.256525 2230.878196
371.3111667 -2229.222725 2230.173546
371.3220007 -2229.225425 2230.173546
371.3328337 -2229.225425 2232.533833
371.3436667 -2229.188825 2232.533833
371.3545007 -2229.191625 2232.291339
371.3653337 -2229.191625 2232.291339
371.3761667 -2229.157825 2232.863137
371.3870007 -2229.121225 2232.863137
371.3978337 -2229.121225 2234.183653
371.4086667 -2229.084525 2234.183653
371.4195007 -2229.123925 2234.947532
371.4303337 -2229.090125 2234.947532
371.4411667 -2229.053525 2233.464175
371.4520007 -2229.053525 2233.464175
371.4628337 -2229.056325 2234.39296
371.4736667 -2229.019625 2234.39296
371.4845007 -2228.988625 2234.613213
371.4953337 -2228.988625 2234.436835
371.5061667 -2228.994125 2234.436835
371.5170007 -2228.957525 2233.995977
371.5278337 -2228.963025 2233.995977
371.5386667 -2228.963025 2232.983643
371.5495007 -2228.929225 2232.983643
371.5603337 -2228.892625 2235.661898
371.5711667 -2228.892625 2235.661898
371.5820007 -2228.892625 2235.428686
371.5928337 -2228.858725 2235.428686
371.6036667 -2228.858725 2237.596148
371.6145007 -2228.858725 2237.596148
371.6253337 -2228.788225 2235.569686
371.6361667 -2228.824825 2235.569686
371.6470007 -2228.788225 2236.157626
371.6578337 -2228.788225 2236.157626
371.6686667 -2228.754325 2236.686854
371.6795007 -2228.754325 2236.686854
371.6903337 -2228.754325 2235.986364
371.7011667 -2228.717725 2235.986364
371.7120007 -2228.717725 2237.833145
371.7228337 -2228.720525 2237.833145
371.7336667 -2228.683825 2240.200405
371.7445007 -2228.683825 2240.200405
371.7553337 -2228.647225 2237.907555
371.7661667 -2228.647225 2237.907555
371.7770007 -2228.610625 2237.171516
371.7878337 -2228.610625 2237.171516
371.7986667 -2228.613325 2240.897736
371.8095007 -2228.576725 2240.897736
371.8203337 -2228.576725 2238.858668
371.8311667 -2228.540125 2239.881774
371.8420007 -2228.540125 2239.881774
371.8528337 -2228.540125 2239.946602
371.8636667 -2228.506225 2239.946602
371.8745007 -2228.506225 2237.64904
371.8853337 -2228.469525 2237.64904
371.8961667 -2228.469525 2243.155944
371.9070007 -2228.469525 2243.155944
371.9178337 -2228.396325 2240.606449
371.9286667 -2228.399025 2240.606449
371.9395007 -2228.362425 2241.478356
371.9503337 -2228.362425 2241.478356
371.9611667 -2228.362425 2242.547341
371.9720007 -2228.362425 2242.547341
371.9828337 -2228.362425 2241.819663
371.9936667 -2228.325725 2241.819663
372.0045007 -2228.291925 2242.929914
372.0153337 -2228.328525 2242.929914
372.0261667 -2228.258025 2240.981147
372.0370007 -2228.255225 2240.981147
372.0478337 -2228.258025 2243.628795
372.0586667 -2228.221325 2243.628795
372.0695007 -2228.221325 2246.231338
372.0803337 -2228.224125 2246.231338
372.0911667 -2228.184725 2243.927236
372.1020007 -2228.187425 2243.927236
372.1128337 -2228.187425 2244.016233
372.1236667 -2228.150825 2244.016233
372.1345007 -2228.150825 2245.600962
372.1453337 -2228.150825 2245.600962
372.1561667 -2228.116925 2247.152331
372.1670007 -2228.116925 2246.399383
372.1778337 -2228.077525 2246.399383
372.1886667 -2228.080225 2249.558024
372.1995007 -2228.043625 2249.558024
372.2103337 -2228.046325 2248.050388
372.2211667 -2228.043625 2248.050388
372.2320007 -2228.007025 2248.615942
372.2428337 -2228.009725 2248.615942
372.2536667 -2227.973125 2247.907879
372.2645007 -2227.973125 2247.907879
372.2753337 -2227.973125 2249.037352
372.2861667 -2227.975825 2249.037352
372.2970007 -2227.939225 2246.699993
372.3078337 -2227.902525 2246.699993
372.3186667 -2227.939225 2249.414085
372.3295007 -2227.902525 2249.414085
372.3403337 -2227.905225 2247.424658
372.3511667 -2227.868625 2247.424658
372.3620007 -2227.831925 2247.15999
372.3728337 -2227.905225 2247.15999
372.3836667 -2227.868625 2250.327214
372.3945007 -2227.834725 2250.327214
372.4053337 -2227.834725 2250.574167
372.4161667 -2227.798025 2250.574167
372.4270007 -2227.761425 2249.255585
372.4378337 -2227.798025 2249.255585
372.4486667 -2227.764125 2250.656076
372.4595007 -2227.727525 2250.656076
372.4703337 -2227.727525 2250.458991
372.4811667 -2227.730225 2250.458991
372.4920007 -2227.730225 2251.263565
372.5028337 -2227.693625 2252.078291
372.5136667 -2227.693625 2252.078291
372.5245007 -2227.693625 2251.185209
372.5353337 -2227.656925 2251.185209
372.5461667 -2227.623025 2253.803023
372.5570007 -2227.623025 2253.803023
372.5678337 -2227.625725 2250.6981
372.5786667 -2227.589125 2250.6981
372.5895007 -2227.589125 2253.664919
372.6003337 -2227.591825 2253.664919
372.6111667 -2227.555225 2257.598804
372.6220007 -2227.518525 2257.598804
372.6328337 -2227.518525 2255.563363
372.6436667 -2227.481825 2255.563363
372.6545007 -2227.521225 2259.50333
372.6653337 -2227.484625 2259.50333
372.6761667 -2227.484625 2256.60004
372.6870007 -2227.487325 2256.60004
372.6978337 -2227.450625 2260.106914
372.7086667 -2227.450625 2260.106914
372.7195007 -2227.414025 2260.201233
372.7303337 -2227.414025 2260.201233
372.7411667 -2227.380125 2257.98523
372.7520007 -2227.377325 2257.98523
372.7628337 -2227.380125 2258.283282
372.7736667 -2227.343425 2258.283282
372.7845007 -2227.346125 2258.591586
372.7953337 -2227.309525 2258.591586
372.8061667 -2227.309525 2257.576975
372.8170007 -2227.272825 2257.576975
372.8278337 -2227.312225 2258.925539
372.8386667 -2227.275525 2258.471567
372.8495007 -2227.238925 2258.471567
372.8603337 -2227.238925 2258.222001
372.8711667 -2227.238925 2258.222001
372.8820007 -2227.241625 2259.094847
372.8928337 -2227.204925 2259.094847
372.9036667 -2227.204925 2259.161917
372.9145007 -2227.168325 2259.161917
372.9253337 -2227.168325 2260.561679
372.9361667 -2227.171025 2260.561679
372.9470007 -2227.131625 2259.757472
372.9578337 -2227.097625 2259.757472
372.9686667 -2227.097625 2256.945778
372.9795007 -2227.100425 2256.945778
372.9903337 -2227.100425 2258.656746
373.0011667 -2227.063725 2258.656746
373.0120007 -2227.066425 2259.22177
373.0228337 -2227.027025 2259.22177
373.0336667 -2227.027025 2261.27767
373.0445007 -2227.029725 2261.27767
373.0553337 -2227.029725 2260.821834
373.0661667 -2226.993125 2260.821834
373.0770007 -2226.956425 2260.571078
373.0878337 -2226.959125 2260.571078
373.0986667 -2226.959125 2263.736385
373.1095007 -2226.959125 2263.736385
373.1203337 -2226.922525 2264.144723
373.1311667 -2226.925225 2264.144723
373.1420007 -2226.888525 2262.619398
373.1528337 -2226.888525 2262.619398
373.1636667 -2226.888525 2261.912537
373.1745007 -2226.854525 2263.52822
373.1853337 -2226.854525 2263.52822
373.1961667 -2226.854525 2261.238617
373.2070007 -2226.817925 2261.238617
373.2178337 -2226.817925 2260.989762
373.2286667 -2226.820625 2260.989762
373.2395007 -2226.783925 2263.934193
373.2503337 -2226.783925 2263.934193
373.2611667 -2226.747225 2262.98212
373.2720007 -2226.749925 2262.98212
373.2828337 -2226.747225 2265.055298
373.2936667 -2226.713325 2265.055298
373.3045007 -2226.713325 2264.033011
373.3153337 -2226.716025 2264.033011
373.3261667 -2226.676625 2265.157984
373.3370007 -2226.642625 2265.157984
373.3478337 -2226.642625 2262.947263
373.3586667 -2226.642625 2262.947263
373.3695007 -2226.608725 2264.567072
373.3803337 -2226.605925 2264.567072
373.3911667 -2226.608725 2265.872982
373.4020007 -2226.572025 2265.872982
373.4128337 -2226.572025 2267.264608
373.4236667 -2226.572025 2267.264608
373.4345007 -2226.538025 2265.711061
373.4453337 -2226.538025 2265.711061
373.4561667 -2226.501325 2266.803218
373.4670007 -2226.504025 2266.803218
373.4778337 -2226.467325 2264.282802
373.4886667 -2226.467325 2264.282802
373.4995007 -2226.430725 2266.657866
373.5103337 -2226.430725 2267.981801
373.5211667 -2226.433425 2267.981801
373.5320007 -2226.396725 2266.727914
373.5428337 -2226.396725 2266.727914
373.5536667 -2226.360025 2267.839557
373.5645007 -2226.360025 2267.839557
373.5753337 -2226.362725 2267.6564
373.5861667 -2226.362725 2267.6564
373.5970007 -2226.326025 2270.254656
373.6078337 -2226.326025 2270.254656
373.6186667 -2226.292025 2270.339494
373.6295007 -2226.292025 2270.339494
373.6403337 -2226.292025 2269.167497
373.6511667 -2226.255425 2269.167497
373.6620007 -2226.218725 2268.44146
373.6728337 -2226.218725 2268.44146
373.6836667 -2226.221425 2268.82394
373.6945007 -2226.184725 2268.82394
373.7053337 -2226.184725 2269.322103
373.7161667 -2226.184725 2269.322103
373.7270007 -2226.150725 2270.100948
373.7378337 -2226.150725 2270.100948
373.7486667 -2226.150725 2269.672735
373.7595007 -2226.116725 2269.672735
373.7703337 -2226.080025 2269.264645
373.7811667 -2226.082725 2269.264645
373.7920007 -2226.080025 2266.63316
373.8028337 -2226.046025 2266.63316
373.8136667 -2226.048725 2267.464463
373.8245007 -2226.012025 2267.464463
373.8353337 -2226.012025 2268.314093
373.8461667 -2225.975325 2269.624144
373.8570007 -2225.975325 2269.624144
373.8678337 -2225.978025 2270.757764
373.8786667 -2225.941325 2270.757764
373.8895007 -2225.941325 2268.555974
373.9003337 -2225.941325 2268.555974
373.9111667 -2225.904625 2268.5317
373.9220007 -2225.867925 2268.5317
373.9328337 -2225.870625 2267.815729
373.9436667 -2225.870625 2267.815729
373.9545007 -2225.833925 2270.480227
373.9653337 -2225.836625 2270.480227
373.9761667 -2225.836625 2270.512067
373.9870007 -2225.836625 2270.512067
373.9978337 -2225.799925 2270.847217
374.0086667 -2225.765925 2270.847217
374.0195007 -2225.765925 2271.981991
374.0303337 -2225.765925 2271.981991
374.0411667 -2225.731925 2272.869236
374.0520007 -2225.731925 2272.869236
374.0628337 -2225.695225 2269.662313
374.0736667 -2225.695225 2269.662313
374.0845007 -2225.661225 2270.304013
374.0953337 -2225.697925 2270.304013
374.1061667 -2225.661225 2270.961895
374.1170007 -2225.624525 2270.961895
374.1278337 -2225.624525 2272.075222
374.1386667 -2225.627125 2272.075222
374.1495007 -2225.587825 2271.024974
374.1603337 -2225.590425 2271.024974
374.1711667 -2225.593125 2271.866594
374.1820007 -2225.556425 2271.119923
374.1928337 -2225.519725 2271.119923
374.2036667 -2225.519725 2273.061985
374.2145007 -2225.519725 2273.061985
374.2253337 -2225.485725 2271.806522
374.2361667 -2225.485725 2271.806522
374.2470007 -2225.449025 2273.677253
374.2578337 -2225.415025 2273.677253
374.2686667 -2225.417625 2272.140177
374.2795007 -2225.454325 2272.140177
374.2903337 -2225.380925 2274.488343
374.3011667 -2225.383625 2274.488343
374.3120007 -2225.383625 2272.491137
374.3228337 -2225.386325 2272.491137
374.3336667 -2225.349625 2273.073869
374.3445007 -2225.349625 2273.073869
374.3553337 -2225.315525 2274.232845
374.3661667 -2225.315525 2274.232845
374.3770007 -2225.318225 2273.977587
374.3878337 -2225.281525 2273.977587
374.3986667 -2225.281525 2275.920492
374.4095007 -2225.244825 2275.920492
374.4203337 -2225.247525 2273.079191
374.4311667 -2225.247525 2273.079191
374.4420007 -2225.250125 2274.432644
374.4528337 -2225.213425 2274.432644
374.4636667 -2225.174025 2274.981096
374.4745007 -2225.176725 2274.981096
374.4853337 -2225.176725 2275.740361
374.4961667 -2225.176725 2275.740361
374.5070007 -2225.103325 2278.028971
374.5178337 -2225.142725 2275.954664
374.5286667 -2225.105925 2275.954664
374.5395007 -2225.069225 2273.601602
374.5503337 -2225.071925 2273.601602
374.5611667 -2225.071925 2276.889155
374.5720007 -2225.074625 2276.889155
374.5828337 -2225.037825 2275.869204
374.5936667 -2225.037825 2275.869204
374.6045007 -2225.037825 2275.075322
374.6153337 -2225.040525 2275.075322
374.6261667 -2225.003825 2276.701576
374.6370007 -2224.969725 2276.701576
374.6478337 -2225.006425 2275.999767
374.6586667 -2224.969725 2275.999767
374.6695007 -2224.972425 2273.618168
374.6803337 -2224.935725 2273.618168
374.6911667 -2224.935725 2276.058921
374.7020007 -2224.901625 2276.058921
374.7128337 -2224.938325 2275.106403
374.7236667 -2224.941025 2275.106403
374.7345007 -2224.904325 2277.216097
374.7453337 -2224.904325 2277.216097
374.7561667 -2224.870225 2278.304703
374.7670007 -2224.870225 2278.304703
374.7778337 -2224.836125 2279.163345
374.7886667 -2224.802125 2279.163345
374.7995007 -2224.802125 2278.60959
374.8103337 -2224.804725 2278.60959
374.8211667 -2224.807425 2278.491645
374.8320007 -2224.770725 2278.491645
374.8428337 -2224.770725 2279.270205
374.8536667 -2224.736625 2278.060378
374.8645007 -2224.739225 2278.060378
374.8753337 -2224.741925 2279.367284
374.8861667 -2224.705225 2279.367284
374.8970007 -2224.707825 2279.390706
374.9078337 -2224.676425 2279.390706
374.9186667 -2224.679125 2280.256084
374.9295007 -2224.645025 2280.256084
374.9403337 -2224.645025 2281.346863
374.9511667 -2224.647625 2281.346863
374.9620007 -2224.613525 2280.267789
374.9728337 -2224.616225 2280.267789
374.9836667 -2224.579525 2281.713104
374.9945007 -2224.582125 2281.713104
375.0053337 -2224.582125 2279.927001
375.0161667 -2224.548025 2279.927001
375.0270007 -2224.548025 2282.871121
375.0378337 -2224.550725 2282.871121
375.0486667 -2224.516625 2281.088228
375.0595007 -2224.482525 2281.088228
375.0703337 -2224.485125 2279.840915
375.0811667 -2224.485125 2279.840915
375.0920007 -2224.487825 2283.355821
375.1028337 -2224.451025 2283.355821
375.1136667 -2224.453725 2281.188037
375.1245007 -2224.416925 2281.188037
375.1353337 -2224.419625 2284.121355
375.1461667 -2224.419625 2284.121355
375.1570007 -2224.382825 2283.124273
375.1678337 -2224.385525 2283.124273
375.1786667 -2224.385525 2284.174501
375.1895007 -2224.385525 2284.84708
375.2003337 -2224.351425 2284.84708
375.2111667 -2224.354025 2285.900183
375.2220007 -2224.317325 2285.900183
375.2328337 -2224.317325 2285.966079
375.2436667 -2224.319925 2285.966079
375.2545007 -2224.319925 2285.219232
375.2653337 -2224.283225 2285.219232
375.2761667 -2224.246425 2284.496978
375.2870007 -2224.283225 2284.496978
375.2978337 -2224.249125 2284.319823
375.3086667 -2224.249125 2284.319823
375.3195007 -2224.212325 2285.182204
375.3303337 -2224.175525 2285.182204
375.3411667 -2224.175525 2289.714683
375.3520007 -2224.175525 2289.714683
375.3628337 -2224.175525 2288.422183
375.3736667 -2224.104725 2288.422183
375.3845007 -2224.141425 2289.830856
375.3953337 -2224.104725 2289.830856
375.4061667 -2224.104725 2286.151996
375.4170007 -2224.067925 2286.151996
375.4278337 -2224.067925 2286.014805
375.4386667 -2224.070525 2286.014805
375.4495007 -2224.033825 2287.681438
375.4603337 -2224.033825 2287.681438
375.4711667 -2223.997025 2291.660081
375.4820007 -2223.999725 2291.660081
375.4928337 -2223.962925 2289.281461
375.5036667 -2223.965525 2289.281461
375.5145007 -2223.928825 2290.441767
375.5253337 -2223.928825 2289.71214
375.5361667 -2223.928825 2289.71214
375.5470007 -2223.931425 2288.373233
375.5578337 -2223.894625 2288.373233
375.5686667 -2223.894625 2287.854906
375.5795007 -2223.857925 2287.854906
375.5903337 -2223.823725 2286.850599
375.6011667 -2223.860525 2286.850599
375.6120007 -2223.823725 2288.726138
375.6228337 -2223.787025 2288.726138
375.6336667 -2223.787025 2291.762774
375.6445007 -2223.752825 2291.762774
375.6553337 -2223.755525 2289.369265
375.6661667 -2223.755525 2289.369265
375.6770007 -2223.755525 2290.292651
375.6878337 -2223.718725 2290.292651
375.6986667 -2223.684625 2288.260203
375.7095007 -2223.718725 2288.260203
375.7203337 -2223.681925 2290.040733
375.7311667 -2223.645225 2290.040733
375.7420007 -2223.647825 2291.753488
375.7528337 -2223.645225 2291.753488
375.7636667 -2223.647825 2291.756064
375.7745007 -2223.574225 2291.756064
375.7853337 -2223.611025 2292.649428
375.7961667 -2223.611025 2292.649428
375.8070007 -2223.540125 2293.519699
375.8178337 -2223.574225 2293.519699
375.8286667 -2223.537525 2294.893071
375.8395007 -2223.537525 2294.893071
375.8503337 -2223.540125 2293.045074
375.8611667 -2223.500725 2292.767434
375.8720007 -2223.500725 2292.767434
375.8828337 -2223.463925 2291.535892
375.8936667 -2223.466525 2291.535892
375.9045007 -2223.466525 2292.110016
375.9153337 -2223.466525 2292.110016
375.9261667 -2223.429825 2292.180518
375.9370007 -2223.432425 2292.180518
375.9478337 -2223.395625 2292.496612
375.9586667 -2223.395625 2292.496612
375.9695007 -2223.398225 2292.291244
375.9803337 -2223.361525 2292.291244
375.9911667 -2223.364125 2292.620265
376.0020007 -2223.364125 2292.620265
376.0128337 -2223.327325 2294.726778
376.0236667 -2223.329925 2294.726778
376.0345007 -2223.290525 2295.581406
376.0453337 -2223.293225 2295.581406
376.0561667 -2223.293225 2294.661531
376.0670007 -2223.256425 2294.661531
376.0778337 -2223.259025 2295.703643
376.0886667 -2223.256425 2295.703643
376.0995007 -2223.219625 2297.950584
376.1103337 -2223.222225 2297.950584
376.1211667 -2223.185425 2295.84553
376.1320007 -2223.185425 2295.84553
376.1428337 -2223.185425 2295.108076
376.1536667 -2223.185425 2295.108076
376.1645007 -2223.151325 2297.561881
376.1753337 -2223.151325 2297.561881
376.1861667 -2223.114525 2296.515277
376.1970007 -2223.114525 2298.167746
376.2078337 -2223.114525 2298.167746
376.2186667 -2223.077725 2300.370301
376.2295007 -2223.080325 2300.370301
376.2403337 -2223.080325 2300.257584
376.2511667 -2223.043525 2300.257584
376.2620007 -2223.006825 2299.154366
376.2728337 -2223.043525 2299.154366
376.2836667 -2223.006825 2299.454677
376.2945007 -2223.006825 2299.454677
376.3053337 -2222.972625 2299.486579
376.3161667 -2222.972625 2299.486579
376.3270007 -2222.935825 2303.808337
376.3378337 -2222.935825 2303.808337
376.3486667 -2222.899025 2301.215955
376.3595007 -2222.899025 2301.215955
376.3703337 -2222.935825 2301.283569
376.3811667 -2222.899025 2301.283569
376.3920007 -2222.862225 2303.748901
376.4028337 -2222.864825 2303.748901
376.4136667 -2222.828125 2303.315457
376.4245007 -2222.828125 2303.315457
376.4353337 -2222.828125 2302.513368
376.4461667 -2222.791325 2302.513368
376.4570007 -2222.757125 2303.390166
376.4678337 -2222.757125 2303.390166
376.4786667 -2222.722925 2851.144434
376.4895007 -2222.722925 2851.144434
376.5003337 -2222.722925 2145.28417
376.5111667 -2222.686125 2116.168453
376.5220007 -2222.722925 2090.946992
376.5328337 -2222.686125 2066.381927
376.5436667 -2222.686125 2045.076238
376.5545007 -2222.649325 2023.851428
376.5653337 -2222.646725 2005.30963
376.5761667 -2222.646725 1986.588614
376.5870007 -2222.609925 1970.179641
376.5978337 -2222.612525 1954.605333
376.6086667 -2222.612525 1939.688772
376.6195007 -2222.573225 1927.17864
376.6303337 -2222.573225 1912.321918
376.6411667 -2222.575725 1898.235389
376.6520007 -2222.536425 1885.626186
376.6628337 -2222.539025 1873.759428
376.6736667 -2222.502225 1862.736912
376.6845007 -2222.539025 1855.713343
376.6953337 -2222.502225 1844.094
376.7061667 -2222.504825 1833.252405
376.7170007 -2222.468025 1823.428679
376.7278337 -2222.431225 1814.502318
376.7386667 -2222.468025 1805.330943
376.7495007 -2222.431225 1797.44492
376.7603337 -2222.397025 1788.712111
376.7711667 -2222.397025 1781.026276
376.7820007 -2222.397025 1774.164822
376.7928337 -2222.360225 1767.459001
376.8036667 -2222.362825 1759.96419
376.8145007 -2222.360225 1753.467906
376.8253337 -2222.362825 1745.509216
376.8361667 -2222.326025 1738.739906
376.8470007 -2222.328625 1732.027668
376.8578337 -2222.291825 1724.616227
376.8686667 -2222.294425 1718.091873
376.8795007 -2222.294425 1711.721992
376.8903337 -2222.294425 1705.385646
376.9011667 -2222.257625 1698.982776
376.9120007 -2222.257625 1692.680012
376.9228337 -2222.223425 1686.193874
376.9336667 -2222.223425 1680.627098
376.9445007 -2222.186625 1674.507923
376.9553337 -2222.223425 1669.032585
376.9661667 -2222.186625 1663.985517
376.9770007 -2222.152425 1658.605658
376.9878337 -2222.155025 1653.653917
376.9986667 -2222.115625 1648.458744
377.0095007 -2222.118225 1643.229064
377.0203337 -2222.155025 1637.879865
377.0311667 -2222.118225 1632.585416
377.0420007 -2222.081425 1627.446076
377.0528337 -2222.084025 1622.250644
377.0636667 -2222.086525 1616.934137
377.0745007 -2222.086525 1612.783463
377.0853337 -2222.052325 1607.748684
377.0961667 -2222.052325 1603.712801
377.1070007 -2222.015525 1599.726998
377.1178337 -2222.015525 1595.496062
377.1286667 -2221.981325 1592.469855
377.1395007 -2222.018125 1588.263404
377.1503337 -2222.018125 1584.181574
377.1611667 -2222.020725 1579.919885
377.1720007 -2221.983925 1576.841676
377.1828337 -2221.983925 1572.67599
377.1936667 -2221.986525 1569.564008
377.2045007 -2221.989125 1565.583571
377.2153337 -2221.989125 1562.503326
377.2261667 -2221.954825 1558.342318
377.2370007 -2221.920625 1555.418428
377.2478337 -2221.920625 1552.250935
377.2586667 -2221.886425 1549.273486
377.2695007 -2221.886425 1546.306556
377.2803337 -2221.889025 1543.335535
377.2911667 -2221.889025 1540.243795
377.3020007 -2221.852225 1537.271614
377.3128337 -2221.852225 1534.119367
377.3236667 -2221.820525 1531.243719
377.3345007 -2221.820525 1528.370984
377.3453337 -2221.783725 1526.452055
377.3561667 -2221.786325 1523.58574
377.3670007 -2221.786325 1520.680543
377.3778337 -2221.752025 1518.740143
377.3886667 -2221.752025 1515.865417
377.3995007 -2221.754625 1512.9694
377.4103337 -2221.717825 1511.004017
377.4211667 -2221.717825 1509.107314
377.4320007 -2221.683525 1507.267046
377.4428337 -2221.646725 1505.232341
377.4536667 -2221.688725 1504.259784
377.4645007 -2221.651925 1502.318005
377.4753337 -2221.651925 1501.438651
377.4861667 -2221.615125 1500.508255
377.4970007 -2221.580825 1498.680091
377.5078337 -2221.583425 1497.691574
377.5186667 -2221.583425 1496.80785
377.5295007 -2221.549125 1495.865997
377.5403337 -2221.549125 1494.058553
377.5511667 -2221.549125 1493.163577
377.5620007 -2221.514925 1491.240453
377.5728337 -2221.514925 1490.28065
377.5836667 -2221.478125 1488.414497
377.5945007 -2221.517525 1487.490644
377.6053337 -2221.480625 1485.623706
377.6161667 -2221.446425 1484.670361
377.6270007 -2221.446425 1482.719625
377.6378337 -2221.448925 1481.755222
377.6486667 -2221.409525 1479.746633
377.6595007 -2221.412125 1478.792691
377.6703337 -2221.375325 1476.830037
377.6811667 -2221.375325 1475.87207
377.6920007 -2221.341025 1473.952338
377.7028337 -2221.380425 1472.994338
377.7136667 -2221.343625 1471.164388
377.7245007 -2221.343625 1470.21279
377.7353337 -2221.309325 1468.355625
377.7461667 -2221.309325 1467.396782
377.7570007 -2221.275125 1466.498069
377.7678337 -2221.275125 1464.680669
377.7786667 -2221.277625 1463.724911
377.7895007 -2221.240825 1462.685541
377.8003337 -2221.243425 1460.783832
377.8111667 -2221.206525 1459.894237
377.8220007 -2221.209125 1458.93104
377.8328337 -2221.172225 1457.077851
377.8436667 -2221.209125 1456.155202
377.8545007 -2221.172225 1454.207496
377.8653337 -2221.172225 1453.253775
377.8761667 -2221.135425 1452.300204
377.8870007 -2221.101125 1450.389061
377.8978337 -2221.098625 1449.484329
377.9086667 -2221.098625 1448.568014
377.9195007 -2221.064325 1446.722334
377.9303337 -2221.064325 1445.771441
377.9411667 -2221.064325 1444.816777
377.9520007 -2221.066925 1442.966549
377.9628337 -2221.030025 1442.018645
377.9736667 -2221.030025 1441.066963
377.9845007 -2221.032625 1440.122228
377.9953337 -2221.030025 1439.173714
378.0061667 -2220.958925 1437.363823
378.0170007 -2220.958925 1436.477272
378.0278337 -2220.961425 1435.524924
378.0386667 -2220.961425 1434.582638
378.0495007 -2220.927225 1433.702516
378.0603337 -2220.927225 1432.759981
378.0711667 -2220.927225 1431.830865
378.0820007 -2220.929725 1430.915412
378.0928337 -2220.892925 1430.20091
378.1036667 -2220.892925 1429.285141
378.1145007 -2220.856025 1428.379104
378.1253337 -2220.856025 1428.379104
378.1361667 -2220.821725 1427.527906
378.1470007 -2220.821725 1426.621537
378.1578337 -2220.824325 1425.701499
378.1686667 -2220.824325 1424.784683
378.1795007 -2220.787425 1423.864352
378.1903337 -2220.750625 1422.992149
378.2011667 -2220.787425 1422.078244
378.2120007 -2220.787425 1421.144011
378.2228337 -2220.750625 1421.144011
378.2336667 -2220.753125 1420.427899
378.2445007 -2220.716325 1419.99435
378.2553337 -2220.679425 1419.466316
378.2661667 -2220.682025 1419.084023
378.2770007 -2220.645125 1419.084023
378.2878337 -2220.684525 1418.64996
378.2986667 -2220.650225 1418.121897
378.3095007 -2220.650225 1417.499273
378.3203337 -2220.613425 1416.782584
378.3311667 -2220.615925 1416.782584
378.3420007 -2220.615925 1416.159724
378.3528337 -2220.615925 1415.348552
378.3636667 -2220.542225 1414.776888
378.3745007 -2220.579125 1414.776888
378.3853337 -2220.542225 1414.247891
378.3961667 -2220.505425 1413.573316
378.4070007 -2220.542225 1413.001316
378.4178337 -2220.505425 1412.283471
378.4286667 -2220.471125 1412.283471
378.4395007 -2220.468525 1411.565734
378.4503337 -2220.434225 1410.804562
378.4611667 -2220.434225 1409.897983
378.4720007 -2220.434225 1409.085259
378.4828337 -2220.397325 1409.085259
378.4936667 -2220.397325 1408.272381
378.5045007 -2220.323625 1407.412966
378.5153337 -2220.360525 1406.535443
378.5261667 -2220.328725 1405.773378
378.5370007 -2220.328725 1404.865546
378.5478337 -2220.291925 1404.865546
378.5586667 -2220.291925 1404.146236
378.5695007 -2220.291925 1403.426801
378.5803337 -2220.255025 1402.707215
378.5911667 -2220.257525 1402.707215
378.6020007 -2220.220725 1402.038526
378.6128337 -2220.220725 1401.318682
378.6236667 -2220.220725 1400.504298
378.6345007 -2220.183825 1399.784157
378.6453337 -2220.183825 1399.784157
378.6561667 -2220.186425 1398.96974
378.6670007 -2220.149525 1398.249315
378.6778337 -2220.149525 1397.333283
378.6886667 -2220.112625 1396.518134
378.6995007 -2220.112625 1396.518134
378.7103337 -2220.112625 1395.753388
378.7211667 -2220.112625 1394.937945
378.7320007 -2220.078325 1394.027874
378.7428337 -2220.041425 1393.212099
378.7536667 -2220.041425 1393.212099
378.7645007 -2220.007125 1392.301703
378.7753337 -2220.007125 1391.485608
378.7861667 -2220.007125 1390.574863
378.7970007 -2220.009625 1389.903555
378.8078337 -2219.972825 1389.016631
378.8186667 -2219.972825 1389.016631
378.8295007 -2219.935925 1388.250279
378.8403337 -2219.935925 1387.433421
378.8511667 -2219.938425 1386.51859
378.8620007 -2219.901625 1385.701414
378.8728337 -2219.864725 1385.701414
378.8836667 -2219.901625 1384.978636
378.8945007 -2219.830425 1384.053459
378.9053337 -2219.830425 1383.330405
378.9161667 -2219.830425 1382.407947
378.9270007 -2219.830425 1381.684592
378.9378337 -2219.830425 1381.684592
378.9486667 -2219.796025 1380.768636
378.9595007 -2219.796025 1380.095118
378.9703337 -2219.759225 1379.125432
378.9811667 -2219.761725 1378.457924
378.9920007 -2219.761725 1377.559897
379.0028337 -2219.724825 1377.559897
379.0136667 -2219.727325 1376.885573
379.0245007 -2219.693025 1376.009897
379.0353337 -2219.693025 1375.240643
379.0461667 -2219.693025 1374.326684
379.0570007 -2219.656125 1374.326684
379.0678337 -2219.658625 1373.507213
379.0786667 -2219.624325 1372.782011
379.0895007 -2219.621825 1371.864297
379.1003337 -2219.621825 1371.044359
379.1111667 -2219.624325 1371.044359
379.1220007 -2219.587425 1370.126311
379.1328337 -2219.587425 1369.400512
379.1436667 -2219.587425 1368.629797
379.1545007 -2219.550525 1367.749812
379.1653337 -2219.553125 1367.749812
379.1761667 -2219.553125 1366.929098
379.1870007 -2219.479325 1366.157663
379.1978337 -2219.479325 1365.286955
379.2086667 -2219.481825 1364.515215
379.2195007 -2219.447525 1364.515215
379.2303337 -2219.447525 1363.592629
379.2411667 -2219.447525 1362.865659
379.2520007 -2219.410625 1362.044013
379.2628337 -2219.413125 1361.222221
379.2736667 -2219.413125 1361.222221
379.2845007 -2219.376225 1360.400004
379.2953337 -2219.378725 1359.47661
379.3061667 -2219.341825 1358.748903
379.3170007 -2219.344425 1357.926476
379.3278337 -2219.341825 1357.926476
379.3386667 -2219.344425 1357.153131
379.3495007 -2219.307525 1356.277678
379.3603337 -2219.273125 1355.504029
379.3711667 -2219.273125 1354.680722
379.3820007 -2219.236225 1354.680722
379.3928337 -2219.273125 1353.857516
379.4036667 -2219.199325 1353.033906
379.4145007 -2219.238725 1352.157912
379.4253337 -2219.204425 1351.429151
379.4361667 -2219.201925 1351.429151
379.4470007 -2219.204425 1350.605064
379.4578337 -2219.167525 1349.781077
379.4686667 -2219.167525 1348.956945
379.4795007 -2219.133125 1348.178309
379.4903337 -2219.130625 1348.178309
379.5011667 -2219.133125 1347.402878
379.5120007 -2219.096225 1346.624214
379.5228337 -2219.098725 1345.799195
379.5336667 -2219.098725 1344.974277
379.5445007 -2219.098725 1344.974277
379.5553337 -2219.061825 1344.2442
379.5661667 -2219.024925 1343.513713
379.5770007 -2219.027425 1342.636349
379.5878337 -2219.027425 1342.000853
379.5986667 -2219.027425 1342.000853
379.6095007 -2218.993125 1341.123183
379.6203337 -2218.993125 1340.487421
379.6311667 -2218.995625 1339.707675
379.6420007 -2218.958725 1338.92778
379.6528337 -2218.958725 1338.92778
379.6636667 -2218.924325 1338.196825
379.6745007 -2218.889925 1337.416636
379.6853337 -2218.889925 1336.685384
379.6961667 -2218.889925 1335.953746
379.7070007 -2218.855525 1335.953746
379.7178337 -2218.855525 1335.173376
379.7286667 -2218.858025 1334.488217
379.7395007 -2218.821125 1333.707568
379.7503337 -2218.784225 1332.975611
379.7611667 -2218.786725 1332.975611
379.7720007 -2218.786725 1332.290043
379.7828337 -2218.789225 1331.462683
379.7936667 -2218.789225 1330.730041
379.8045007 -2218.752325 1330.730041
379.8153337 -2218.752325 1329.997518
379.8261667 -2218.715425 1329.313222
379.8370007 -2218.715425 1328.675594
379.8478337 -2218.681025 1327.894036
379.8586667 -2218.683525 1327.894036
379.8695007 -2218.683525 1327.160971
379.8803337 -2218.646625 1326.427753
379.8911667 -2218.649125 1325.694394
379.9020007 -2218.649125 1324.960647
379.9128337 -2218.649125 1324.960647
379.9236667 -2218.612225 1324.322232
379.9345007 -2218.614725 1323.445091
379.9453337 -2218.614725 1322.759315
379.9561667 -2218.577825 1321.97685
379.9670007 -2218.577825 1321.97685
379.9778337 -2218.543425 1321.242642
379.9886667 -2218.543425 1320.555422
379.9995007 -2218.545925 1319.869093
380.0103337 -2218.509025 1319.181597
380.0211667 -2218.472125 1319.181597
380.0320007 -2218.514025 1318.300501
380.0428337 -2218.437725 1317.756199
380.0536667 -2218.477125 1316.925862
380.0645007 -2218.440125 1316.190677
380.0753337 -2218.440125 1316.190677
380.0861667 -2218.440125 1315.455352
380.0970007 -2218.442625 1314.863165
380.1078337 -2218.405725 1313.888939
380.1186667 -2218.368825 1313.296476
380.1295007 -2218.368825 1313.296476
380.1403337 -2218.368825 1312.560601
380.1511667 -2218.371325 1311.824574
380.1620007 -2218.334425 1311.183789
380.1728337 -2218.334425 1311.183789
380.1836667 -2218.334425 1310.495196
380.1945007 -2218.297525 1309.949562
380.2053337 -2218.260625 1309.308412
380.2161667 -2218.260625 1308.667148
380.2270007 -2218.260625 1308.667148
380.2378337 -2218.263125 1307.930062
380.2486667 -2218.226125 1307.288531
380.2595007 -2218.226125 1306.646888
380.2703337 -2218.226125 1305.957381
380.2811667 -2218.189225 1305.957381
380.2920007 -2218.154825 1305.363207
380.3028337 -2218.154825 1304.720933
380.3136667 -2218.154825 1303.9833
380.3245007 -2218.154825 1303.341018
380.3353337 -2218.154825 1303.341018
380.3461667 -2218.117925 1302.698622
380.3570007 -2218.081025 1301.960582
380.3678337 -2218.081025 1301.460676
380.3786667 -2218.046525 1300.573141
380.3895007 -2218.081025 1300.573141
380.4003337 -2218.046525 1299.930223
380.4111667 -2218.046525 1299.429989
380.4220007 -2218.046525 1298.548473
380.4328337 -2218.046525 1297.952436
380.4436667 -2218.009625 1297.952436
380.4545007 -2217.972725 1297.309028
380.4653337 -2217.975225 1296.569645
380.4761667 -2217.975225 1295.925969
380.4870007 -2217.938225 1295.186582
380.4978337 -2217.975225 1295.186582
380.5086667 -2217.938225 1294.542649
380.5195007 -2217.901325 1293.898331
380.5303337 -2217.901325 1293.205828
380.5411667 -2217.901325 1292.65689
380.5520007 -2217.901325 1292.65689
380.5628337 -2217.830025 1291.916821
380.5736667 -2217.830025 1291.176361
380.5845007 -2217.830025 1290.436008
380.5953337 -2217.830025 1289.88685
380.6061667 -2217.793025 1289.88685
380.6170007 -2217.793025 1289.145981
380.6278337 -2217.795525 1288.547968
380.6386667 -2217.795525 1287.902512
380.6495007 -2217.721725 1287.426804
380.6603337 -2217.758625 1287.426804
380.6711667 -2217.721725 1286.589974
380.6820007 -2217.758625 1286.039874
380.6928337 -2217.721725 1285.202739
380.7036667 -2217.684825 1284.603759
380.7145007 -2217.687225 1284.603759
380.7253337 -2217.687225 1283.95756
380.7361667 -2217.650325 1283.21548
380.7470007 -2217.650325 1282.569293
380.7578337 -2217.650325 1281.92271
380.7686667 -2217.613425 1281.92271
380.7795007 -2217.613425 1281.18048
380.7903337 -2217.576525 1280.533649
380.8011667 -2217.576525 1279.840084
380.8120007 -2217.576525 1279.239852
380.8228337 -2217.578925 1279.239852
380.8336667 -2217.539525 1278.45022
380.8445007 -2217.539525 1277.802865
380.8553337 -2217.539525 1277.155646
380.8661667 -2217.502625 1276.554673
380.8770007 -2217.502625 1276.554673
380.8878337 -2217.505125 1275.811353
380.8986667 -2217.468225 1275.163493
380.9095007 -2217.505125 1274.515519
380.9203337 -2217.468225 1273.818166
380.9311667 -2217.431225 1273.818166
380.9420007 -2217.433725 1273.170186
380.9528337 -2217.468225 1272.521832
380.9636667 -2217.394325 1271.873342
380.9745007 -2217.396825 1271.873342
380.9853337 -2217.396825 1271.224726
380.9961667 -2217.394325 1270.48033
381.0070007 -2217.359825 1269.877858
381.0178337 -2217.359825 1269.228862
381.0286667 -2217.322925 1269.228862
381.0395007 -2217.322925 1268.579751
381.0503337 -2217.322925 1267.930503
381.0611667 -2217.286025 1267.18542
381.0720007 -2217.288525 1266.585479
381.0828337 -2217.286025 1266.585479
381.0936667 -2217.249125 1265.886291
381.1045007 -2217.249125 1265.236532
381.1153337 -2217.286025 1264.586659
381.1261667 -2217.212125 1264.032665
381.1370007 -2217.212125 1264.032665
381.1478337 -2217.212125 1263.3828
381.1586667 -2217.212125 1262.732558
381.1695007 -2217.175225 1262.224418
381.1803337 -2217.175225 1261.477876
381.1911667 -2217.175225 1261.477876
381.2020007 -2217.138325 1260.827262
381.2128337 -2217.140725 1260.272581
381.2236667 -2217.103825 1259.621713
381.2345007 -2217.101425 1258.97073
381.2453337 -2217.103825 1258.97073
381.2561667 -2217.066925 1258.415707
381.2670007 -2217.066925 1257.764471
381.2778337 -2217.064425 1257.11312
381.2886667 -2217.027525 1256.461631
381.2995007 -2217.066925 1256.461631
381.3103337 -2217.030025 1255.860434
381.3211667 -2216.993025 1255.158288
381.3320007 -2216.993025 1254.602572
381.3428337 -2216.993025 1254.602572
381.3536667 -2216.993025 1253.90486
381.3645007 -2216.956125 1253.252757
381.3753337 -2216.956125 1252.696695
381.3861667 -2216.956125 1251.948412
381.3970007 -2216.956125 1251.948412
381.4078337 -2216.919225 1251.392126
381.4186667 -2216.919225 1250.739517
381.4295007 -2216.882325 1250.182994
381.4403337 -2216.882325 1249.484394
381.4511667 -2216.808425 1249.484394
381.4620007 -2216.845325 1248.831672
381.4728337 -2216.845325 1248.178562
381.4836667 -2216.845325 1247.479827
381.4945007 -2216.808425 1246.968493
381.5053337 -2216.808425 1246.968493
381.5161667 -2216.771525 1246.365763
381.5270007 -2216.808425 1245.712172
381.5378337 -2216.771525 1245.10397
381.5486667 -2216.771525 1244.546675
381.5595007 -2216.734525 1244.546675
381.5703337 -2216.734525 1243.892718
381.5811667 -2216.734525 1243.193084
381.5920007 -2216.697625 1242.584402
381.6028337 -2216.697625 1241.884779
381.6136667 -2216.697625 1241.884779
381.6245007 -2216.660725 1241.32664
381.6353337 -2216.658225 1240.575957
381.6461667 -2216.660725 1240.068652
381.6570007 -2216.660725 1239.413807
381.6678337 -2216.621325 1239.413807
381.6786667 -2216.586825 1238.810165
381.6895007 -2216.586825 1238.155082
381.7003337 -2216.547525 1237.596517
381.7111667 -2216.547525 1237.596517
381.7220007 -2216.547525 1236.986498
381.7328337 -2216.549925 1236.285986
381.7436667 -2216.547525 1235.681748
381.7545007 -2216.547525 1235.026296
381.7653337 -2216.510525 1235.026296
381.7761667 -2216.510525 1234.518268
381.7870007 -2216.476125 1233.811207
381.7978337 -2216.473625 1233.251578
381.8086667 -2216.473625 1232.595646
381.8195007 -2216.476125 1232.595646
381.8303337 -2216.436725 1231.990961
381.8411667 -2216.436725 1231.334507
381.8520007 -2216.436725 1230.678199
381.8628337 -2216.399825 1230.16336
381.8736667 -2216.362825 1230.16336
381.8845007 -2216.399825 1229.461692
381.8953337 -2216.325925 1228.804749
381.9061667 -2216.399825 1228.199606
381.9170007 -2216.362825 1227.684063
381.9278337 -2216.362825 1227.684063
381.9386667 -2216.325925 1227.123566
381.9495007 -2216.325925 1226.466131
381.9603337 -2216.289025 1225.763959
381.9711667 -2216.289025 1225.247989
381.9820007 -2216.249625 1225.247989
381.9928337 -2216.249625 1224.590443
382.0036667 -2216.249625 1223.984216
382.0145007 -2216.249625 1223.423032
382.0253337 -2216.249625 1222.765118
382.0361667 -2216.212725 1222.765118
382.0470007 -2216.175825 1222.107077
382.0578337 -2216.175825 1221.404017
382.0686667 -2216.138925 1220.88726
382.0795007 -2216.175825 1220.88726
382.0903337 -2216.138925 1220.280582
382.1011667 -2216.101925 1219.622055
382.1120007 -2216.138925 1219.015399
382.1228337 -2216.101925 1218.453285
382.1336667 -2216.062625 1218.453285
382.1445007 -2216.062625 1217.891072
382.1553337 -2216.065025 1217.232047
382.1661667 -2216.062625 1216.669595
382.1770007 -2216.062625 1215.965657
382.1878337 -2216.025725 1215.965657
382.1986667 -2216.025725 1215.403236
382.2095007 -2215.988725 1214.743713
382.2203337 -2216.025725 1214.180811
382.2311667 -2215.988725 1213.617788
382.2420007 -2215.951825 1213.617788
382.2528337 -2215.951825 1213.010222
382.2636667 -2215.951825 1212.350221
382.2745007 -2215.951825 1211.88363
382.2853337 -2215.912525 1211.809655
382.2961667 -2215.914925 1210.405297
382.3070007 -2215.878025 1210.422135
382.3178337 -2215.878025 1210.422135
382.3286667 -2215.878025 1209.717392
382.3395007 -2215.875625 1209.153526
382.3503337 -2215.838625 1208.545358
382.3611667 -2215.801725 1208.0781
382.3720007 -2215.838625 1208.0781
382.3828337 -2215.801725 1207.372857
382.3936667 -2215.799325 1206.711965
382.4045007 -2215.801725 1206.155954
382.4153337 -2215.801725 1205.591411
382.4261667 -2215.801725 1205.591411
382.4370007 -2215.799325 1205.027032
382.4478337 -2215.799325 1204.418037
382.4586667 -2215.762425 1203.756527
382.4695007 -2215.762425 1203.24447
382.4803337 -2215.725525 1203.24447
382.4911667 -2215.725525 1202.829217
382.5020007 -2215.725525 1202.070435
382.5128337 -2215.688625 1201.461394
382.5236667 -2215.725525 1200.948902
382.5345007 -2215.686125 1200.948902
382.5453337 -2215.649225 1200.339622
382.5561667 -2215.649225 1199.730235
382.5670007 -2215.649225 1199.217688
382.5778337 -2215.649225 1198.564052
382.5886667 -2215.609925 1198.564052
382.5995007 -2215.609925 1197.998327
382.6103337 -2215.609925 1197.432745
382.6211667 -2215.609925 1196.822767
382.6320007 -2215.573025 1196.25697
382.6428337 -2215.536125 1196.25697
382.6536667 -2215.536125 1195.647023
382.6645007 -2215.533725 1195.080991
382.6753337 -2215.533725 1194.47082
382.6861667 -2215.531325 1194.47082
382.6970007 -2215.531325 1193.957572
382.7078337 -2215.494425 1193.347427
382.7186667 -2215.494425 1192.68389
382.7295007 -2215.494425 1192.170317
382.7403337 -2215.494425 1192.170317
382.7511667 -2215.455025 1191.656907
382.7620007 -2215.455025 1190.949213
382.7728337 -2215.455025 1190.479387
382.7836667 -2215.418125 1189.912354
382.7945007 -2215.418125 1189.912354
382.8053337 -2215.418125 1189.345484
382.8161667 -2215.381225 1188.778229
382.8270007 -2215.381225 1188.167044
382.8378337 -2215.415725 1187.556013
382.8486667 -2215.341925 1187.556013
382.8595007 -2215.339525 1186.988682
382.8703337 -2215.337125 1186.517882
382.8811667 -2215.339525 1185.906776
382.8920007 -2215.302625 1185.241929
382.9028337 -2215.300225 1185.241929
382.9136667 -2215.300225 1184.727504
382.9245007 -2215.302625 1184.159365
382.9353337 -2215.263325 1183.547781
382.9461667 -2215.226425 1182.98971
382.9570007 -2215.226425 1182.98971
382.9678337 -2215.263325 1182.421236
382.9786667 -2215.187125 1181.765967
382.9895007 -2215.224025 1181.197516
383.0003337 -2215.187125 1181.197516
383.0111667 -2215.187125 1180.725962
383.0220007 -2215.147825 1180.070601
383.0328337 -2215.147825 1179.458465
383.0436667 -2215.110925 1178.986602
383.0545007 -2215.108525 1178.986602
383.0653337 -2215.108525 1178.33088
383.0761667 -2215.108525 1177.762026
383.0870007 -2215.108525 1177.246753
383.0978337 -2215.108525 1176.677417
383.1086667 -2215.069225 1176.677417
383.1195007 -2215.071625 1176.064856
383.1303337 -2215.032325 1175.452186
383.1411667 -2215.032325 1174.979861
383.1520007 -2214.995425 1174.410346
383.1628337 -2214.995425 1174.410346
383.1736667 -2214.995425 1173.797335
383.1845007 -2214.958525 1173.184195
383.1953337 -2214.993125 1172.614337
383.2061667 -2214.956225 1172.098371
383.2170007 -2214.956225 1172.098371
383.2278337 -2214.919225 1171.582294
383.2386667 -2214.916925 1170.87181
383.2495007 -2214.914525 1170.312633
383.2603337 -2214.914525 1169.742216
383.2711667 -2214.875225 1169.742216
383.2820007 -2214.875225 1169.225971
383.2928337 -2214.838325 1168.655347
383.3036667 -2214.836025 1168.182064
383.3145007 -2214.838325 1167.568307
383.3253337 -2214.836025 1167.568307
383.3361667 -2214.836025 1166.95444
383.3470007 -2214.799125 1166.480586
383.3578337 -2214.799125 1165.866748
383.3686667 -2214.799125 1165.866748
383.3795007 -2214.762225 1165.252535
383.3903337 -2214.759825 1164.832964
383.4011667 -2214.759825 1164.218785
383.4120007 -2214.722925 1163.604496
383.4228337 -2214.722925 1163.604496
383.4336667 -2214.722925 1163.087358
383.4445007 -2214.720525 1162.55872
383.4553337 -2214.683625 1161.944088
383.4661667 -2214.681325 1161.426901
383.4770007 -2214.681325 1161.426901
383.4878337 -2214.681325 1160.854987
383.4986667 -2214.644425 1160.240275
383.5095007 -2214.642025 1159.765469
383.5203337 -2214.602825 1159.193225
383.5311667 -2214.602825 1159.193225
383.5420007 -2214.563525 1158.621144
383.5528337 -2214.561225 1158.103326
383.5636667 -2214.561225 1157.573468
383.5745007 -2214.598125 1156.95834
383.5853337 -2214.558825 1156.95834
383.5961667 -2214.558825 1156.482932
383.6070007 -2214.519625 1155.812895
383.6178337 -2214.519625 1155.239882
383.6286667 -2214.519625 1154.764166
383.6395007 -2214.480325 1154.764166
383.6503337 -2214.480325 1154.288621
383.6611667 -2214.478025 1153.672811
383.6720007 -2214.441125 1153.044656
383.6828337 -2214.441125 1152.568538
383.6936667 -2214.441125 1152.568538
383.7045007 -2214.404225 1152.049844
383.7153337 -2214.404225 1151.51882
383.7261667 -2214.404225 1150.944928
383.7370007 -2214.404225 1150.944928
383.7478337 -2214.365025 1150.426187
383.7586667 -2214.362625 1149.852075
383.7695007 -2214.399525 1149.278116
383.7803337 -2214.325725 1148.89883
383.7911667 -2214.360325 1148.89883
383.8020007 -2214.323425 1148.324665
383.8128337 -2214.321125 1147.707864
383.8236667 -2214.321125 1147.230762
383.8345007 -2214.281825 1146.656266
383.8453337 -2214.245025 1146.656266
383.8561667 -2214.279525 1146.039121
383.8670007 -2214.242625 1145.56198
383.8778337 -2214.242625 1144.986885
383.8886667 -2214.277125 1144.509538
383.8995007 -2214.240325 1144.509538
383.9103337 -2214.201125 1144.032106
383.9211667 -2214.237925 1143.456692
383.9320007 -2214.274825 1142.881431
383.9428337 -2214.309325 1142.403698
383.9536667 -2214.383125 1142.403698
383.9645007 -2214.383125 1141.883559
383.9753337 -2214.493725 1141.350015
383.9861667 -2214.456825 1140.829681
383.9970007 -2214.420025 1140.25388
384.0078337 -2214.417625 1140.25388
384.0186667 -2214.454525 1139.775644
384.0295007 -2214.417625 1139.255001
384.0403337 -2214.417625 1138.623241
384.0511667 -2214.417625 1138.10264
384.0620007 -2214.417625 1138.10264
384.0728337 -2214.417625 1137.5263
384.0836667 -2214.380725 1136.949837
384.0945007 -2214.378425 1136.470994
384.1053337 -2214.341525 1136.470994
384.1161667 -2214.304725 1135.852245
384.1270007 -2214.304725 1135.275449
384.1378337 -2214.230925 1134.7963
384.1486667 -2214.267825 1134.3168
384.1595007 -2214.270125 1134.3168
384.1703337 -2214.270125 1133.739683
384.1811667 -2214.230925 1133.218408
384.1920007 -2214.230925 1132.641081
384.2028337 -2214.194025 1132.203277
384.2136667 -2214.157225 1132.203277
384.2245007 -2214.157225 1131.625727
384.2353337 -2214.120325 1131.104049
384.2461667 -2214.083425 1130.526278
384.2570007 -2214.083425 1130.046237
384.2678337 -2214.044225 1130.046237
384.2786667 -2214.044225 1129.468258
384.2895007 -2214.007425 1128.946153
384.3003337 -2213.970525 1128.367943
384.3111667 -2213.970525 1127.88751
384.3220007 -2213.970525 1127.88751
384.3328337 -2213.970525 1127.40724
384.3436667 -2213.933625 1126.926607
384.3545007 -2213.933625 1126.347982
384.3653337 -2213.933625 1125.769233
384.3761667 -2213.894425 1125.769233
384.3870007 -2213.894425 1125.246672
384.3978337 -2213.894425 1124.807278
384.4086667 -2213.929025 1124.326152
384.4195007 -2213.926625 1123.607386
384.4303337 -2213.929025 1123.607386
384.4411667 -2213.926625 1123.126058
384.4520007 -2213.926625 1122.644892
384.4628337 -2213.889825 1122.163365
384.4736667 -2213.889825 1122.163365
384.4845007 -2213.926625 1121.681752
384.4953337 -2213.889825 1121.102033
384.5061667 -2213.887425 1120.620211
384.5170007 -2213.887425 1120.08195
384.5278337 -2213.850625 1120.08195
384.5386667 -2213.850625 1119.599932
384.5495007 -2213.850625 1119.117819
384.5603337 -2213.848325 1118.537574
384.5711667 -2213.811425 1118.055262
384.5820007 -2213.737725 1118.055262
384.5928337 -2213.700825 1117.474788
384.6036667 -2213.700825 1117.033707
384.6145007 -2213.624825 1116.453019
384.6253337 -2213.624825 1116.026976
384.6361667 -2213.587925 1116.026976
384.6470007 -2213.587925 1115.585621
384.6578337 -2213.585625 1115.004619
384.6686667 -2213.622425 1114.480452
384.6795007 -2213.659325 1113.997368
384.6903337 -2213.733025 1113.997368
384.7011667 -2213.841325 1113.457221
384.7120007 -2213.988725 1112.973932
384.7228337 -2214.062525 1112.392397
384.7336667 -2214.099325 1112.007076
384.7445007 -2214.062525 1112.007076
384.7553337 -2214.062525 1111.425323
384.7661667 -2214.099325 1110.941652
384.7770007 -2214.062525 1110.457876
384.7878337 -2213.912725 1109.875799
384.7986667 -2213.839025 1109.875799
384.8095007 -2213.765325 1109.391832
384.8203337 -2213.689225 1108.90776
384.8311667 -2213.652425 1108.423592
384.8420007 -2213.615525 1108.423592
384.8528337 -2213.578625 1107.882053
384.8636667 -2213.539525 1107.397688
384.8745007 -2213.539525 1106.872264
384.8853337 -2213.537225 1106.428682
384.8961667 -2213.537225 1106.428682
384.9070007 -2213.537225 1105.944031
384.9178337 -2213.574025 1105.360994
384.9286667 -2213.608625 1104.876151
384.9395007 -2213.645425 1104.391203
384.9503337 -2213.719125 1104.391203
384.9611667 -2213.682325 1103.906159
384.9720007 -2213.608625 1103.421029
384.9828337 -2213.569425 1102.935793
384.9936667 -2213.532625 1102.392848
385.0045007 -2213.458825 1102.392848
385.0153337 -2213.419725 1101.907425
385.0261667 -2213.380525 1101.421896
385.0370007 -2213.346025 1100.936271
385.0478337 -2213.306825 1100.351909
385.0586667 -2213.306825 1100.351909
385.0695007 -2213.230825 1099.964476
385.0803337 -2213.194025 1099.478563
385.0911667 -2213.194025 1099.033323
385.1020007 -2213.191725 1098.350381
385.1128337 -2213.191725 1098.350381
385.1236667 -2213.154925 1097.863897
385.1345007 -2213.118025 1097.435263
385.1453337 -2213.118025 1096.989635
385.1561667 -2213.044325 1096.50314
385.1670007 -2213.044325 1096.50314
385.1778337 -2213.042025 1095.917824
385.1886667 -2212.970625 1095.332651
385.1995007 -2212.970625 1094.984856
385.2103337 -2212.968325 1094.984856
385.2211667 -2212.968325 1093.546857
385.2320007 -2212.931525 1093.104973
385.2428337 -2212.931525 1093.446461
385.2536667 -2212.894625 1093.446461
385.2645007 -2212.892325 1092.959279
385.2753337 -2212.855525 1092.471991
385.2861667 -2212.855525 1092.024883
385.2970007 -2212.818725 1091.438863
385.3078337 -2212.781825 1091.438863
385.3186667 -2212.816425 1090.951012
385.3295007 -2212.781825 1090.561905
385.3403337 -2212.745025 1090.074148
385.3511667 -2212.745025 1089.527991
385.3620007 -2212.745025 1089.527991
385.3728337 -2212.708125 1089.098058
385.3836667 -2212.708125 1088.708353
385.3945007 -2212.671325 1088.121591
385.4053337 -2212.671325 1087.633343
385.4161667 -2212.673625 1087.633343
385.4270007 -2212.636725 1087.144738
385.4378337 -2212.636725 1086.696616
385.4486667 -2212.599925 1086.207812
385.4595007 -2212.599925 1085.71919
385.4703337 -2212.599925 1085.71919
385.4811667 -2212.563025 1085.230194
385.4920007 -2212.565325 1084.741369
385.5028337 -2212.563025 1084.252457
385.5136667 -2212.526225 1083.861874
385.5245007 -2212.528425 1083.861874
385.5353337 -2212.491625 1083.372768
385.5461667 -2212.491625 1082.883306
385.5570007 -2212.491625 1082.394007
385.5678337 -2212.454725 1082.394007
385.5786667 -2212.454725 1082.003083
385.5895007 -2212.454725 1081.414859
385.6003337 -2212.417925 1080.925
385.6111667 -2212.417925 1080.376644
385.6220007 -2212.417925 1080.376644
385.6328337 -2212.381025 1079.945271
385.6436667 -2212.383325 1079.45539
385.6545007 -2212.383325 1079.163008
385.6653337 -2212.346525 1078.573886
385.6761667 -2212.309625 1078.573886
385.6870007 -2212.309625 1078.18254
385.6978337 -2212.311925 1077.593196
385.7086667 -2212.309625 1077.241542
385.7195007 -2212.311925 1076.710971
385.7303337 -2212.275025 1076.710971
385.7411667 -2212.275025 1076.319285
385.7520007 -2212.275025 1075.769671
385.7628337 -2212.238225 1075.337671
385.7736667 -2212.238225 1074.846848
385.7845007 -2212.203625 1074.846848
385.7953337 -2212.201325 1074.45456
385.8061667 -2212.164525 1073.904534
385.8170007 -2212.164525 1073.512065
385.8278337 -2212.164525 1073.020876
385.8386667 -2212.166725 1073.020876
385.8495007 -2212.127625 1072.529311
385.8603337 -2212.164525 1072.096957
385.8711667 -2212.127625 1071.605213
385.8820007 -2212.129925 1071.605213
385.8928337 -2212.127625 1071.212588
385.9036667 -2212.090825 1070.681008
385.9145007 -2212.090825 1070.288223
385.9253337 -2212.090825 1069.756446
385.9361667 -2212.053925 1069.756446
385.9470007 -2212.056225 1069.264485
385.9578337 -2212.056225 1068.772437
385.9686667 -2212.019325 1068.438381
385.9795007 -2212.019325 1067.946143
385.9903337 -2212.019325 1067.946143
386.0011667 -2211.980225 1067.41415
386.0120007 -2211.982525 1066.981085
386.0228337 -2211.982525 1066.488557
386.0336667 -2211.982525 1066.055324
386.0445007 -2211.980225 1066.055324
386.0553337 -2211.943425 1065.522923
386.0661667 -2211.943425 1065.129185
386.0770007 -2211.943425 1064.596866
386.0878337 -2211.906525 1064.202957
386.0986667 -2211.904325 1064.202957
386.1095007 -2211.867425 1063.769541
386.1203337 -2211.904325 1063.276362
386.1311667 -2211.867425 1062.803062
386.1420007 -2211.867425 1062.409087
386.1528337 -2211.867425 1062.409087
386.1636667 -2211.830625 1061.876183
386.1745007 -2211.828325 1061.38261
386.1853337 -2211.828325 1060.988376
386.1961667 -2211.791525 1060.494627
386.2070007 -2211.791525 1060.494627
386.2178337 -2211.791525 1060.060767
386.2286667 -2211.789225 1059.666013
386.2395007 -2211.791525 1059.172255
386.2503337 -2211.752425 1059.172255
386.2611667 -2211.752425 1058.638921
386.2720007 -2211.752425 1058.243907
386.2828337 -2211.752425 1057.809617
386.2936667 -2211.715525 1057.414711
386.3045007 -2211.713325 1057.414711
386.3153337 -2211.713325 1056.880992
386.3261667 -2211.676525 1056.446436
386.3370007 -2211.674225 1056.051277
386.3478337 -2211.674225 1055.656038
386.3586667 -2211.674225 1055.656038
386.3695007 -2211.637425 1055.121941
386.3803337 -2211.637425 1054.687299
386.3911667 -2211.637425 1054.291805
386.4020007 -2211.637425 1053.796925
386.4128337 -2211.600525 1053.796925
386.4236667 -2211.563725 1053.362021
386.4345007 -2211.563725 1052.927029
386.4453337 -2211.563725 1052.431866
386.4561667 -2211.561425 1052.03595
386.4670007 -2211.524625 1052.03595
386.4778337 -2211.524625 1051.540591
386.4886667 -2211.522425 1051.144517
386.4995007 -2211.485525 1050.709088
386.5103337 -2211.522425 1050.213719
386.5211667 -2211.485525 1050.213719
386.5320007 -2211.485525 1049.77812
386.5428337 -2211.448725 1049.342696
386.5536667 -2211.448725 1048.847044
386.5645007 -2211.448725 1048.51061
386.5753337 -2211.411825 1048.51061
386.5861667 -2211.409625 1048.014777
386.5970007 -2211.444225 1047.618025
386.6078337 -2211.407425 1047.082718
386.6186667 -2211.407425 1047.082718
386.6295007 -2211.370525 1046.686064
386.6403337 -2211.370525 1046.250028
386.6511667 -2211.370525 1045.753733
386.6620007 -2211.370525 1045.317517
386.6728337 -2211.368325 1045.317517
386.6836667 -2211.331525 1044.920528
386.6945007 -2211.331525 1044.523199
386.7053337 -2211.294625 1043.987474
386.7161667 -2211.292425 1043.629018
386.7270007 -2211.292425 1043.629018
386.7378337 -2211.255625 1043.153865
386.7486667 -2211.253425 1042.756191
386.7595007 -2211.253425 1042.220349
386.7703337 -2211.214325 1041.822783
386.7811667 -2211.248925 1041.822783
386.7920007 -2211.212125 1041.424856
386.8028337 -2211.209925 1040.888723
386.8136667 -2211.209925 1040.590236
386.8245007 -2211.173025 1040.053912
386.8353337 -2211.136225 1040.053912
386.8461667 -2211.170825 1039.655922
386.8570007 -2211.170825 1039.180218
386.8678337 -2211.131825 1038.782061
386.8786667 -2211.094925 1038.344995
386.8895007 -2211.131825 1038.344995
386.9003337 -2211.094925 1037.908123
386.9111667 -2211.092725 1037.410049
386.9220007 -2211.092725 1037.072395
386.9328337 -2211.090525 1036.673836
386.9436667 -2211.053725 1036.673836
386.9545007 -2211.053725 1036.236614
386.9653337 -2211.053725 1035.799303
386.9761667 -2211.051525 1035.400498
386.9870007 -2211.051525 1035.400498
386.9978337 -2211.012425 1034.86329
387.0086667 -2211.012425 1034.564039
387.0195007 -2211.012425 1034.026922
387.0303337 -2210.975625 1033.727254
387.0411667 -2210.975625 1033.727254
387.0520007 -2210.975625 1033.189938
387.0628337 -2210.975625 1032.752299
387.0736667 -2210.975625 1032.3529
387.0845007 -2210.936625 1031.91508
387.0953337 -2210.936625 1031.91508
387.1061667 -2210.899725 1031.477183
387.1170007 -2210.897525 1031.077536
387.1278337 -2210.934425 1030.678082
387.1386667 -2210.897525 1030.339489
387.1495007 -2210.860725 1030.339489
387.1603337 -2210.897525 1029.840039
387.1711667 -2210.858525 1029.379124
387.1820007 -2210.858525 1028.879488
387.1928337 -2210.858525 1028.579212
387.2036667 -2210.858525 1028.579212
387.2145007 -2210.821725 1028.041013
387.2253337 -2210.856325 1027.640712
387.2361667 -2210.819525 1027.240593
387.2470007 -2210.821725 1026.80201
387.2578337 -2210.782725 1026.80201
387.2686667 -2210.782725 1026.462994
387.2795007 -2210.782725 1026.001101
387.2903337 -2210.782725 1025.562262
387.3011667 -2210.745925 1025.123345
387.3120007 -2210.745925 1025.123345
387.3228337 -2210.743725 1024.622777
387.3336667 -2210.706825 1024.322042
387.3445007 -2210.704625 1023.921007
387.3553337 -2210.670025 1023.921007
387.3661667 -2210.670025 1023.520154
387.3770007 -2210.667825 1023.119221
387.3878337 -2210.667825 1022.580064
387.3986667 -2210.665625 1022.178957
387.4095007 -2210.628825 1022.178957
387.4203337 -2210.626625 1021.77777
387.4311667 -2210.626625 1021.338351
387.4420007 -2210.626625 1020.936999
387.4528337 -2210.587625 1020.535294
387.4636667 -2210.587625 1020.535294
387.4745007 -2210.587625 1020.13379
387.4853337 -2210.587625 1019.732196
387.4961667 -2210.548625 1019.230713
387.5070007 -2210.548625 1018.828958
387.5178337 -2210.511825 1018.828958
387.5286667 -2210.511825 1018.427113
387.5395007 -2210.509625 1017.925077
387.5503337 -2210.509625 1017.52307
387.5611667 -2210.509625 1017.021117
387.5720007 -2210.509625 1017.021117
387.5828337 -2210.470625 1016.718796
387.5936667 -2210.472825 1016.278616
387.6045007 -2210.433825 1015.876274
387.6153337 -2210.433825 1015.43564
387.6261667 -2210.433825 1015.43564
387.6370007 -2210.433825 1014.9952
387.6478337 -2210.433825 1014.692795
387.6586667 -2210.431625 1014.190208
387.6695007 -2210.394825 1013.787463
387.6803337 -2210.360225 1013.787463
387.6911667 -2210.358025 1013.384629
387.7020007 -2210.358025 1012.943754
387.7128337 -2210.355825 1012.503072
387.7236667 -2210.319025 1012.503072
387.7345007 -2210.319025 1012.137955
387.7453337 -2210.316825 1011.734794
387.7561667 -2210.282225 1011.231569
387.7670007 -2210.319025 1010.828236
387.7778337 -2210.280025 1010.828236
387.7886667 -2210.280025 1010.424822
387.7995007 -2210.243225 1010.021336
387.8103337 -2210.280025 1009.580044
387.8211667 -2210.241025 1009.176383
387.8320007 -2210.241025 1009.176383
387.8428337 -2210.241025 1008.77265
387.8536667 -2210.202125 1008.369101
387.8645007 -2210.202125 1007.927466
387.8753337 -2210.202125 1007.423409
387.8861667 -2210.202125 1007.423409
387.8970007 -2210.202125 1007.11969
387.9078337 -2210.163125 1006.71554
387.9186667 -2210.163125 1006.21121
387.9295007 -2210.163125 1005.806887
387.9403337 -2210.124125 1005.806887
387.9511667 -2210.124125 1005.440235
387.9620007 -2210.124125 1005.035762
387.9728337 -2210.124125 1004.531055
387.9836667 -2210.085125 1004.226829
387.9945007 -2210.085125 1004.226829
388.0053337 -2210.085125 1003.784619
388.0161667 -2210.085125 1003.442486
388.0270007 -2210.083025 1002.974917
388.0378337 -2210.046225 1002.570227
388.0486667 -2210.046225 1002.570227
388.0595007 -2210.046225 1002.227868
388.0703337 -2210.007225 1001.722526
388.0811667 -2210.007225 1001.317587
388.0920007 -2209.968225 1001.317587
388.1028337 -2210.005025 1000.949804
388.1136667 -2209.968225 1000.506902
388.1245007 -2209.968225 1000.101719
388.1353337 -2209.968225 999.7967076
388.1461667 -2209.931425 999.7967076
388.1570007 -2209.929325 999.3535564
388.1678337 -2209.892525 998.9481359
388.1786667 -2209.929325 998.5423509
388.1895007 -2209.927125 998.0992147
388.2003337 -2209.890325 998.0992147
388.2111667 -2209.890325 997.6932719
388.2220007 -2209.853525 997.3878314
388.2328337 -2209.851425 996.8441174
388.2436667 -2209.851425 996.4382004
388.2545007 -2209.851425 996.4382004
388.2653337 -2209.814625 996.0319187
388.2761667 -2209.814625 995.6258295
388.2870007 -2209.812425 995.1820985
388.2978337 -2209.812425 994.7758425
388.3086667 -2209.810325 994.7758425
388.3195007 -2209.773525 994.4698911
388.3303337 -2209.773525 993.9255142
388.3411667 -2209.773525 993.6194152
388.3520007 -2209.736725 993.2128384
388.3628337 -2209.734525 993.2128384
388.3736667 -2209.734525 992.8061886
388.3845007 -2209.734525 992.3621283
388.3953337 -2209.732425 991.9923517
388.4061667 -2209.697725 991.9923517
388.4170007 -2209.695625 991.5481294
388.4278337 -2209.695625 991.2416038
388.4386667 -2209.656725 990.7340687
388.4495007 -2209.693425 990.4274076
388.4603337 -2209.656725 990.4274076
388.4711667 -2209.656725 990.0201823
388.4820007 -2209.654525 989.5755299
388.4928337 -2209.617725 989.168146
388.5036667 -2209.617725 988.7606713
388.5145007 -2209.617725 988.7606713
388.5253337 -2209.578825 988.4536464
388.5361667 -2209.613425 987.9452102
388.5470007 -2209.578825 987.6380406
388.5578337 -2209.578825 987.1931556
388.5686667 -2209.576625 987.1931556
388.5795007 -2209.576625 986.7852858
388.5903337 -2209.537725 986.4144244
388.6011667 -2209.537725 986.0063852
388.6120007 -2209.537725 985.5982728
388.6228337 -2209.500925 985.5982728
388.6336667 -2209.498825 985.2535687
388.6445007 -2209.498825 984.882403
388.6553337 -2209.498825 984.4369367
388.6661667 -2209.462025 984.0653387
388.6770007 -2209.459925 984.0653387
388.6878337 -2209.459925 983.6199671
388.6986667 -2209.459925 983.2113678
388.7095007 -2209.459925 982.8026775
388.7203337 -2209.421025 982.3936298
388.7311667 -2209.421025 982.3936298
388.7420007 -2209.421025 982.0216473
388.7528337 -2209.421025 981.6127137
388.7636667 -2209.384225 981.2036978
388.7745007 -2209.382025 981.2036978
388.7853337 -2209.382025 980.7946083
388.7961667 -2209.343125 980.4223055
388.8070007 -2209.379925 980.0769004
388.8178337 -2209.343125 979.6675736
388.8286667 -2209.343125 979.6675736
388.8395007 -2209.306425 979.2578803
388.8503337 -2209.304225 978.8117631
388.8611667 -2209.267525 978.50296
388.8720007 -2209.304225 978.0933008
388.8828337 -2209.302125 978.0933008
388.8936667 -2209.265325 977.6835592
388.9045007 -2209.265325 977.2737437
388.9153337 -2209.265325 976.9277407
388.9261667 -2209.263225 976.4535724
388.9370007 -2209.226425 976.4535724
388.9478337 -2209.226425 976.0435093
388.9586667 -2209.189625 975.7341977
388.9695007 -2209.224325 975.3239705
388.9803337 -2209.224325 974.9136694
388.9911667 -2209.224325 974.9136694
389.0020007 -2209.222225 974.4666212
389.0128337 -2209.185425 974.1570243
389.0236667 -2209.185425 973.7464814
389.0345007 -2209.148625 973.3358471
389.0453337 -2209.148625 973.3358471
389.0561667 -2209.146525 972.9251301
389.0670007 -2209.146525 972.6519332
389.0778337 -2209.146525 972.2410641
389.0886667 -2209.109725 971.8665168
389.0995007 -2209.107625 971.8665168
389.1103337 -2209.107625 971.4554943
389.1211667 -2209.105525 971.0443803
389.1320007 -2209.070825 970.6331834
389.1428337 -2209.068725 970.6331834
389.1536667 -2209.068725 970.2583311
389.1645007 -2209.031925 969.8469721
389.1753337 -2209.031925 969.5365291
389.1861667 -2209.029825 969.1247467
389.1970007 -2209.029825 969.1247467
389.2078337 -2208.993125 968.7777342
389.2186667 -2208.990925 968.3660595
389.2295007 -2208.990925 967.7714432
389.2403337 -2208.990925 967.7714432
389.2511667 -2208.990925 967.5616756
389.2620007 -2208.952125 967.1497535
389.2728337 -2208.952125 966.7377399
389.2836667 -2208.952125 966.325367
389.2945007 -2208.952125 966.325367
389.3053337 -2208.915325 966.1156498
389.3161667 -2208.878525 965.6669447
389.3270007 -2208.913225 965.2546148
389.3378337 -2208.913225 964.9433287
389.3486667 -2208.876425 964.9433287
389.3595007 -2208.874325 964.4946461
389.3703337 -2208.874325 964.183211
389.3811667 -2208.874325 963.7705731
389.3920007 -2208.837625 963.4227943
389.4028337 -2208.837625 963.4227943
389.4136667 -2208.835425 963.0099878
389.4245007 -2208.835425 962.6982836
389.4353337 -2208.835425 962.3865072
389.4461667 -2208.798725 961.9372498
389.4570007 -2208.796625 961.9372498
389.4678337 -2208.796625 961.5603591
389.4786667 -2208.796625 961.1109281
389.4895007 -2208.796625 960.7991406
389.5003337 -2208.757725 960.7991406
389.5111667 -2208.757725 960.4870213
389.5220007 -2208.721025 960.1748298
389.5328337 -2208.718925 959.7253539
389.5436667 -2208.718925 959.3117648
389.5545007 -2208.755625 959.3117648
389.5653337 -2208.718925 958.9993588
389.5761667 -2208.682125 958.7231412
389.5870007 -2208.716725 958.1720511
389.5978337 -2208.716725 957.859434
389.6086667 -2208.680025 957.859434
389.6195007 -2208.677925 957.4454386
389.6303337 -2208.680025 957.1326925
389.6411667 -2208.680025 956.8201508
389.6520007 -2208.641125 956.3045806
389.6628337 -2208.604425 956.3045806
389.6736667 -2208.641125 955.9916232
389.6845007 -2208.604425 955.5772297
389.6953337 -2208.639025 955.2641259
389.7061667 -2208.602325 954.8498606
389.7170007 -2208.565525 954.8498606
389.7278337 -2208.602325 954.435226
389.7386667 -2208.600225 954.1219106
389.7495007 -2208.563425 953.8085398
389.7603337 -2208.563425 953.3939509
389.7711667 -2208.524625 953.3939509
389.7820007 -2208.563425 953.0804336
389.7928337 -2208.524625 952.527945
389.8036667 -2208.524625 952.3160056
389.8145007 -2208.524625 951.8351201
389.8253337 -2208.487825 951.8351201
389.8361667 -2208.485825 951.4198536
389.8470007 -2208.451125 951.1719672
389.8578337 -2208.485825 950.7565408
389.8686667 -2208.483725 950.7565408
389.8795007 -2208.483725 950.305264
389.8903337 -2208.446925 949.9911776
389.9011667 -2208.410225 949.6773043
389.9120007 -2208.410225 949.2257816
389.9228337 -2208.410225 949.2257816
389.9336667 -2208.371325 948.9117666
389.9445007 -2208.371325 948.6332024
389.9553337 -2208.371325 948.1817146
389.9661667 -2208.408125 947.8672196
389.9770007 -2208.369225 947.8672196
389.9878337 -2208.369225 947.4155548
389.9986667 -2208.369225 947.1009263
390.0095007 -2208.332525 946.6849027
390.0203337 -2208.332525 946.3701273
390.0311667 -2208.295825 946.3701273
390.0420007 -2208.293725 945.9181372
390.0528337 -2208.293725 945.5676771
390.0636667 -2208.293725 945.1868761
390.0745007 -2208.256925 944.8362789
390.0853337 -2208.291625 944.8362789
390.0961667 -2208.254825 944.5569855
390.1070007 -2208.254825 944.1048529
390.1178337 -2208.254825 943.6879197
390.1286667 -2208.218125 943.3728604
390.1395007 -2208.218125 943.3728604
390.1503337 -2208.218125 943.0218921
390.1611667 -2208.216025 942.7067088
390.1720007 -2208.179325 942.2897343
390.1828337 -2208.179325 941.9388266
390.1936667 -2208.177225 941.9388266
390.2045007 -2208.140525 941.5214205
390.2153337 -2208.140525 941.2059475
390.2261667 -2208.140525 940.7886521
390.2370007 -2208.138425 940.7886521
390.2478337 -2208.101725 940.4727706
390.2586667 -2208.138425 940.0553164
390.2695007 -2208.138425 939.7395654
390.2803337 -2208.101725 939.3572839
390.2911667 -2208.101725 939.3572839
390.3020007 -2208.064925 939.0411191
390.3128337 -2208.026125 938.7251678
390.3236667 -2208.062825 938.307333
390.3345007 -2208.026125 937.9909643
390.3453337 -2208.024025 937.9909643
390.3561667 -2208.024025 937.6083024
390.3670007 -2208.024025 937.2920844
390.3778337 -2208.024025 936.9089953
390.3886667 -2207.985225 936.4907562
390.3995007 -2208.022025 936.4907562
390.4103337 -2207.985225 936.2094034
390.4211667 -2207.948525 935.8929051
390.4320007 -2207.985225 935.509518
390.4428337 -2207.946425 935.192892
390.4536667 -2207.946425 935.192892
390.4645007 -2207.911825 934.773988
390.4753337 -2207.946425 934.4923068
390.4861667 -2207.909725 934.1752012
390.4970007 -2207.909725 933.7914445
390.5078337 -2207.907625 933.7914445
390.5186667 -2207.907625 933.4390912
390.5295007 -2207.907625 933.1220596
390.5403337 -2207.870925 932.6358142
390.5511667 -2207.868825 932.420345
390.5620007 -2207.870925 932.420345
390.5728337 -2207.832125 932.0011063
390.5836667 -2207.868825 931.6166159
390.5945007 -2207.832125 931.2989494
390.6053337 -2207.795425 931.2989494
390.6161667 -2207.793325 930.9815051
390.6270007 -2207.793325 930.698839
390.6378337 -2207.756625 930.2789254
390.6486667 -2207.793325 929.9610005
390.6595007 -2207.793325 929.9610005
390.6703337 -2207.756625 929.5760676
390.6811667 -2207.717825 929.2579977
390.6920007 -2207.754525 928.9401499
390.7028337 -2207.717825 928.5547165
390.7136667 -2207.717825 928.5547165
390.7245007 -2207.717825 928.2364446
390.7353337 -2207.715725 927.9183949
390.7461667 -2207.715725 927.5999927
390.7570007 -2207.715725 927.1793802
390.7678337 -2207.715725 927.1793802
390.7786667 -2207.642325 926.9978898
390.7895007 -2207.676925 926.5771304
390.8003337 -2207.640225 926.2936356
390.8111667 -2207.642325 925.9749123
390.8220007 -2207.603525 925.9749123
390.8328337 -2207.640225 925.5539207
390.8436667 -2207.603525 925.2350485
390.8545007 -2207.638225 924.9161193
390.8653337 -2207.601425 924.4948919
390.8761667 -2207.564725 924.4948919
390.8870007 -2207.564725 924.2107299
390.8978337 -2207.564725 923.8566785
390.9086667 -2207.564725 923.5374696
390.9195007 -2207.564725 923.2181953
390.9303337 -2207.564725 923.2181953
390.9411667 -2207.525925 922.9662085
390.9520007 -2207.525925 922.5445255
390.9628337 -2207.523925 922.1903943
390.9736667 -2207.487225 922.1903943
390.9845007 -2207.523925 921.8032159
390.9953337 -2207.487225 921.5512514
391.0061667 -2207.487225 921.1292532
391.0170007 -2207.487225 920.9118464
391.0278337 -2207.450525 920.9118464
391.0386667 -2207.450525 920.4896972
391.0495007 -2207.485125 920.1700964
391.0603337 -2207.448425 919.9178423
391.0711667 -2207.448425 919.5631531
391.0820007 -2207.448425 919.5631531
391.0928337 -2207.409625 919.1406949
391.1036667 -2207.409625 918.8205537
391.1145007 -2207.411725 918.5680484
391.1253337 -2207.409625 918.1456398
391.1361667 -2207.372925 918.1456398
391.1470007 -2207.370925 917.7905971
391.1578337 -2207.370925 917.5728924
391.1686667 -2207.370925 917.1499736
391.1795007 -2207.332125 916.8294316
391.1903337 -2207.334225 916.8294316
391.2011667 -2207.332125 916.5088156
391.2120007 -2207.332125 916.1884139
391.2228337 -2207.295425 915.8676747
391.2336667 -2207.293425 915.5124167
391.2445007 -2207.295425 915.5124167
391.2553337 -2207.256625 915.2262626
391.2661667 -2207.258725 914.8708746
391.2770007 -2207.256625 914.5498606
391.2878337 -2207.256625 914.5498606
391.2986667 -2207.256625 914.229061
391.3095007 -2207.217925 914.010468
391.3203337 -2207.219925 913.5869924
391.3311667 -2207.217925 913.265715
391.3420007 -2207.181225 913.265715
391.3528337 -2207.217925 912.9099083
391.3636667 -2207.181225 912.6913606
391.3745007 -2207.181225 912.3698922
391.3853337 -2207.179125 911.9460419
391.3961667 -2207.142425 911.9460419
391.4070007 -2207.142425 911.7270462
391.4178337 -2207.142425 911.3030358
391.4286667 -2207.142425 911.0839364
391.4395007 -2207.140425 910.7624186
391.4503337 -2207.103725 910.7624186
391.4611667 -2207.103725 910.3378998
391.4720007 -2207.067025 910.0159677
391.4828337 -2207.067025 909.7624112
391.4936667 -2207.101725 909.4406261
391.5045007 -2207.064925 909.4406261
391.5153337 -2207.067025 909.0158077
391.5261667 -2207.064925 908.6938804
391.5370007 -2207.064925 908.4743213
391.5478337 -2207.028225 908.1180385
391.5586667 -2207.064925 908.1180385
391.5695007 -2206.989525 907.6929039
391.5803337 -2207.026225 907.3707089
391.5911667 -2207.028225 907.0481751
391.6020007 -2207.026225 906.7258478
391.6128337 -2206.989525 906.7258478
391.6236667 -2206.952825 906.3689151
391.6345007 -2206.989525 906.0121984
391.6453337 -2206.952825 905.689385
391.6561667 -2206.950825 905.689385
391.6670007 -2206.950825 905.3667861
391.6778337 -2206.914125 905.0441292
391.6886667 -2206.877425 904.7899482
391.6995007 -2206.914125 904.3640408
391.7103337 -2206.914125 904.3640408
391.7211667 -2206.877425 904.0068999
391.7320007 -2206.877425 903.683963
391.7428337 -2206.875325 903.3609598
391.7536667 -2206.875325 903.0036066
391.7645007 -2206.838625 903.0036066
391.7753337 -2206.838625 902.6804674
391.7861667 -2206.801925 902.4258591
391.7970007 -2206.801925 901.999696
391.8078337 -2206.836625 901.642049
391.8186667 -2206.763225 901.642049
391.8295007 -2206.763225 901.4215637
391.8403337 -2206.763225 901.0640733
391.8511667 -2206.761225 900.7405357
391.8620007 -2206.763225 900.2796565
391.8728337 -2206.726525 900.2796565
391.8836667 -2206.726525 900.0589472
391.8945007 -2206.726525 899.7352069
391.9053337 -2206.724525 899.3773526
391.9161667 -2206.724525 899.0534841
391.9270007 -2206.687825 899.0534841
391.9378337 -2206.687825 898.6954867
391.9486667 -2206.687825 898.3717551
391.9595007 -2206.651125 898.0476837
391.9703337 -2206.687825 897.7235375
391.9811667 -2206.649125 897.7235375
391.9920007 -2206.649125 897.4683044
392.0028337 -2206.649125 897.1440399
392.0136667 -2206.612425 896.8199823
392.0245007 -2206.612425 896.8199823
392.0353337 -2206.612425 896.4614988
392.0461667 -2206.575725 896.2401187
392.0570007 -2206.573725 895.9155863
392.0678337 -2206.537025 895.4540734
392.0786667 -2206.573725 895.4540734
392.0895007 -2206.573725 895.2325202
392.1003337 -2206.537025 894.9080661
392.1111667 -2206.537025 894.5832635
392.1220007 -2206.537025 894.2245831
392.1328337 -2206.534925 894.2245831
392.1436667 -2206.498225 894.0028022
392.1545007 -2206.498225 893.6780879
392.1653337 -2206.498225 893.3530331
392.1761667 -2206.461625 893.0972599
392.1870007 -2206.424925 893.0972599
392.1978337 -2206.461625 892.7720701
392.2086667 -2206.424925 892.5164736
392.2195007 -2206.424925 892.191157
392.2303337 -2206.424925 891.9351572
392.2411667 -2206.424925 891.9351572
392.2520007 -2206.422825 891.7132432
392.2628337 -2206.386225 891.3538905
392.2736667 -2206.386225 891.0980061
392.2845007 -2206.384125 890.7726657
392.2953337 -2206.386225 890.7726657
392.3061667 -2206.349525 890.5163857
392.3170007 -2206.347525 890.1570445
392.3278337 -2206.347525 889.934807
392.3386667 -2206.310825 889.5753321
392.3495007 -2206.310825 889.5753321
392.3603337 -2206.310825 889.3191041
392.3711667 -2206.310825 889.0964274
392.3820007 -2206.274125 888.7367552
392.3928337 -2206.274125 888.7367552
392.4036667 -2206.274125 888.4108949
392.4145007 -2206.274125 888.1883367
392.4253337 -2206.235425 887.8284603
392.4361667 -2206.235425 887.572174
392.4470007 -2206.198725 887.572174
392.4578337 -2206.233425 887.3155599
392.4686667 -2206.235425 886.9893847
392.4795007 -2206.198725 886.6295195
392.4903337 -2206.198725 886.4066369
392.5011667 -2206.198725 886.4066369
392.5120007 -2206.198725 886.0466377
392.5228337 -2206.198725 885.7897245
392.5336667 -2206.196725 885.5666846
392.5445007 -2206.123325 885.2401271
392.5553337 -2206.160025 885.2401271
392.5661667 -2206.160025 884.8801424
392.5770007 -2206.123325 884.7264925
392.5878337 -2206.123325 884.4000298
392.5986667 -2206.121325 884.1764378
392.6095007 -2206.121325 884.1764378
392.6203337 -2206.123325 883.9197165
392.6311667 -2206.121325 883.6626507
392.6420007 -2206.084625 883.3356602
392.6528337 -2206.047925 883.0784885
392.6636667 -2206.047925 883.0784885
392.6745007 -2206.047925 882.8215381
392.6853337 -2206.045925 882.5979238
392.6961667 -2206.047925 882.3408776
392.7070007 -2206.009225 882.0135813
392.7178337 -2206.009225 882.0135813
392.7286667 -2206.009225 881.756413
392.7395007 -2206.009225 881.5326019
392.7503337 -2205.972625 881.2753298
392.7611667 -2205.972625 881.2753298
392.7720007 -2205.972625 881.0514133
392.7828337 -2205.933925 880.6904095
392.7936667 -2205.933925 880.5366154
392.8045007 -2205.933925 880.2088951
392.8153337 -2205.970625 880.2088951
392.8261667 -2205.933925 879.9850648
392.8370007 -2205.933925 879.5204006
392.8478337 -2205.897225 879.3998479
392.8586667 -2205.897225 879.1755796
392.8695007 -2205.897225 879.1755796
392.8803337 -2205.860525 878.8143967
392.8911667 -2205.897225 878.5900126
392.9020007 -2205.860525 878.2287029
392.9128337 -2205.858525 878.004211
392.9236667 -2205.823825 878.004211
392.9345007 -2205.821825 877.7799553
392.9453337 -2205.821825 877.4519023
392.9561667 -2205.787125 877.2272586
392.9670007 -2205.821825 876.7621188
392.9778337 -2205.785125 876.7621188
392.9886667 -2205.785125 876.6411538
392.9995007 -2205.785125 876.4163549
393.0103337 -2205.783225 876.0879831
393.0211667 -2205.746525 875.7595515
393.0320007 -2205.748525 875.7595515
393.0428337 -2205.709825 875.5345904
393.0536667 -2205.709825 875.2763873
393.0645007 -2205.709825 874.9477698
393.0753337 -2205.709825 874.6894519
393.0861667 -2205.709825 874.6894519
393.0970007 -2205.673125 874.4977731
393.1078337 -2205.673125 874.2728537
393.1186667 -2205.671125 873.9104929
393.1295007 -2205.636425 873.9104929
393.1403337 -2205.671125 873.5818399
393.1511667 -2205.634525 873.3564709
393.1620007 -2205.634525 873.1313304
393.1728337 -2205.634525 872.8726344
393.1836667 -2205.597825 872.8726344
393.1945007 -2205.597825 872.6474039
393.2053337 -2205.561125 872.3181654
393.2161667 -2205.597825 872.0925379
393.2270007 -2205.597825 871.7631818
393.2378337 -2205.561125 871.7631818
393.2486667 -2205.559125 871.5377332
393.2595007 -2205.561125 871.2082436
393.2703337 -2205.561125 870.9826977
393.2811667 -2205.524425 870.6530825
393.2920007 -2205.524425 870.6530825
393.3028337 -2205.522425 870.460393
393.3136667 -2205.522425 870.2346977
393.3245007 -2205.524425 869.871642
393.3353337 -2205.485725 869.5750388
393.3461667 -2205.449125 869.5750388
393.3570007 -2205.451025 869.3488961
393.3678337 -2205.449125 869.0189068
393.3786667 -2205.451025 868.7929352
393.3895007 -2205.449125 868.6707357
393.4003337 -2205.449125 868.6707357
393.4111667 -2205.412425 868.2364664
393.4220007 -2205.414425 868.0103419
393.4328337 -2205.412425 867.7838931
393.4436667 -2205.375725 867.4205309
393.4545007 -2205.375725 867.4205309
393.4653337 -2205.339025 867.1942499
393.4761667 -2205.375725 866.9676447
393.4870007 -2205.339025 866.6371004
393.4978337 -2205.339025 866.6371004
393.5086667 -2205.339025 866.4106662
393.5195007 -2205.302325 866.0800037
393.5303337 -2205.302325 865.8534639
393.5411667 -2205.302325 865.5226672
393.5520007 -2205.300425 865.5226672
393.5628337 -2205.302325 865.2957449
393.5736667 -2205.265725 865.0690517
393.5845007 -2205.265725 864.7380707
393.5953337 -2205.265725 864.5112796
393.6061667 -2205.229025 864.5112796
393.6170007 -2205.229025 864.1471279
393.6278337 -2205.229025 863.9529826
393.6386667 -2205.192325 863.692987
393.6495007 -2205.192325 863.4659834
393.6603337 -2205.192325 863.4659834
393.6711667 -2205.192325 863.1346301
393.6820007 -2205.153725 862.9075284
393.6928337 -2205.153725 862.5429847
393.7036667 -2205.155625 862.4198136
393.7145007 -2205.155625 862.4198136
393.7253337 -2205.117025 862.1925651
393.7361667 -2205.117025 861.7237655
393.7470007 -2205.118925 861.5291815
393.7578337 -2205.117025 861.3017688
393.7686667 -2205.080325 861.3017688
393.7795007 -2205.080325 861.0743003
393.7903337 -2205.043625 860.7423893
393.8011667 -2205.045625 860.4817324
393.8120007 -2205.045625 860.2541066
393.8228337 -2205.045625 860.2541066
393.8336667 -2205.043625 859.9220072
393.8445007 -2205.006925 859.694283
393.8553337 -2205.008925 859.3292389
393.8661667 -2205.008925 859.3292389
393.8770007 -2205.006925 859.0685763
393.8878337 -2204.970325 858.9448727
393.8986667 -2204.970325 858.5799229
393.9095007 -2204.972225 858.3519308
393.9203337 -2204.970325 858.3519308
393.9311667 -2204.935525 858.0194006
393.9420007 -2204.935525 857.7584648
393.9528337 -2204.935525 857.530315
393.9636667 -2204.898925 857.4063682
393.9745007 -2204.898925 857.4063682
393.9853337 -2204.862225 857.0410319
393.9961667 -2204.862225 856.9169985
394.0070007 -2204.862225 856.584397
394.0178337 -2204.862225 856.3231466
394.0286667 -2204.825525 856.3231466
394.0395007 -2204.862225 856.0229811
394.0503337 -2204.825525 855.7619113
394.0611667 -2204.825525 855.6376752
394.0720007 -2204.825525 855.3044742
394.0828337 -2204.788825 855.3044742
394.0936667 -2204.752125 855.0758341
394.1045007 -2204.788825 854.7427914
394.1153337 -2204.788825 854.4814432
394.1261667 -2204.752125 854.2526449
394.1370007 -2204.715425 854.2526449
394.1478337 -2204.717425 854.0237906
394.1586667 -2204.717425 853.6576109
394.1695007 -2204.680725 853.5330524
394.1803337 -2204.680725 853.5330524
394.1853337 -2204.717425 853.1996416
394.1856117 -2204.277225 853.1996416
394.1858897 -2204.754125 853.1996416
394.1967227 -2204.644025 852.9705807
394.2075557 -2204.642125 852.9705807
394.2183897 -2204.644025 852.708863
394.2292227 -2204.607325 852.5844279
394.2400557 -2204.607325 852.2504932
394.2508897 -2204.570725 852.0212436
394.2617227 -2204.607325 852.0212436
394.2725557 -2204.570725 851.6548381
394.2833897 -2204.572625 851.4254704
394.2942227 -2204.570725 851.1637128
394.3050557 -2204.534025 851.0387468
394.3158897 -2204.572625 851.0387468
394.3267227 -2204.534025 850.7047292
394.3375557 -2204.535925 850.4425273
394.3483897 -2204.535925 850.3177303
394.3592227 -2204.535925 849.9508814
394.3700557 -2204.499225 849.9508814
394.3808897 -2204.499225 849.721173
394.3917227 -2204.499225 849.491695
394.4025557 -2204.499225 849.1246464
394.4133897 -2204.501225 848.9996501
394.4242227 -2204.499225 848.9996501
394.4350557 -2204.462625 848.7373555
394.4458897 -2204.462625 848.4027854
394.4567227 -2204.427825 848.277385
394.4675557 -2204.427825 847.9426972
394.4783897 -2204.427825 847.9426972
394.4892227 -2204.427825 847.6801821
394.5000557 -2204.427825 847.450304
394.5108897 -2204.427825 847.220083
394.5217227 -2204.393125 846.9574094
394.5325557 -2204.391125 846.9574094
394.5433897 -2204.354425 846.6224179
394.5542227 -2204.356425 846.4970125
394.5650557 -2204.356425 846.2665939
394.5758897 -2204.319725 846.2665939
394.5867227 -2204.319725 845.8990086
394.5975557 -2204.319725 845.6687661
394.6083897 -2204.283025 845.4057648
394.6192227 -2204.283025 845.1754295
394.6300557 -2204.284925 845.1754295
394.6408897 -2204.284925 844.9447509
394.6517227 -2204.284925 844.7143107
394.6625557 -2204.211625 844.4835425
394.6733897 -2204.248225 844.2205656
394.6842227 -2204.248225 844.2205656
394.6950557 -2204.176825 843.8848969
394.7058897 -2204.213525 843.7590587
394.7167227 -2204.176825 843.3911099
394.7275557 -2204.176825 843.1600736
394.7383897 -2204.176825 843.1600736
394.7492227 -2204.176825 842.9292835
394.7600557 -2204.142025 842.6981496
394.7708897 -2204.178725 842.4347924
394.7817227 -2204.105325 842.2038528
394.7925557 -2204.142025 842.2038528
394.8033897 -2204.142025 841.9725694
394.8142227 -2204.068725 841.7415245
394.8250557 -2204.107325 841.3730675
394.8358897 -2204.068725 841.2468181
394.8467227 -2204.070625 841.2468181
394.8575557 -2204.070625 841.0153362
394.8683897 -2204.070625 840.7841005
394.8792227 -2203.997225 840.4153828
394.8900557 -2204.035825 840.1840281
394.9008897 -2203.999125 840.1840281
394.9117227 -2203.999125 839.9526323
394.9225557 -2203.999125 839.7208923
394.9333897 -2203.962425 839.5621577
394.9442227 -2204.001025 839.5621577
394.9550557 -2203.964425 839.2256324
394.9658897 -2203.964425 838.9937424
394.9767227 -2203.927725 838.8671021
394.9875557 -2203.929625 838.6031944
394.9983897 -2203.929625 838.6031944
395.0092227 -2203.927725 838.2664207
395.0200557 -2203.892925 838.0343316
395.0308897 -2203.894825 837.802489
395.0417227 -2203.856225 837.5383512
395.0525557 -2203.856225 837.5383512
395.0633897 -2203.858125 837.4114734
395.0742227 -2203.858125 837.0744071
395.0850557 -2203.858125 836.8420697
395.0958897 -2203.823325 836.6831127
395.1067227 -2203.860025 836.6831127
395.1175557 -2203.823325 836.3458647
395.1283897 -2203.786625 836.113377
395.1392227 -2203.788625 835.9542914
395.1500557 -2203.788625 835.6168617
395.1608897 -2203.751925 835.6168617
395.1717227 -2203.753825 835.3842234
395.1825557 -2203.753825 835.2569918
395.1933897 -2203.717125 834.9193833
395.2042227 -2203.717125 834.6868857
395.2150557 -2203.719025 834.6868857
395.2258897 -2203.680425 834.422347
395.2367227 -2203.682325 834.1894674
395.2475557 -2203.682325 833.9568192
395.2583897 -2203.682325 833.7241218
395.2692227 -2203.647525 833.7241218
395.2800557 -2203.647525 833.4593781
395.2908897 -2203.610825 833.2265791
395.3017227 -2203.612725 833.0989929
395.3125557 -2203.576025 833.0989929
395.3233897 -2203.612725 832.7288269
395.3342227 -2203.576025 832.6331775
395.3450557 -2203.539325 832.3681714
395.3558897 -2203.539325 832.0298374
395.3667227 -2203.541225 832.0298374
395.3775557 -2203.541225 831.9020542
395.3883897 -2203.504525 831.6368875
395.3992227 -2203.506425 831.4037063
395.4100557 -2203.543125 831.1704681
395.4208897 -2203.506425 831.1118125
395.4317227 -2203.434925 830.6677801
395.4425557 -2203.471625 830.6677801
395.4533897 -2203.434925 830.5397821
395.4642227 -2203.471625 830.2743168
395.4750557 -2203.434925 830.1462407
395.4858897 -2203.436825 829.8809741
395.4967227 -2203.436825 829.8809741
395.5075557 -2203.363425 829.6474129
395.5183897 -2203.402025 829.5192275
395.5292227 -2203.363425 829.2855857
395.5400557 -2203.365325 829.0201084
395.5508897 -2203.365325 829.0201084
395.5617227 -2203.328625 828.9235951
395.5725557 -2203.330525 828.5525636
395.5833897 -2203.330525 828.3187132
395.5942227 -2203.330525 828.0530224
395.6050557 -2203.293825 828.0530224
395.6158897 -2203.295725 828.030075
395.6267227 -2203.259025 827.6905847
395.6375557 -2203.297625 827.5305521
395.6483897 -2203.260925 827.2964766
395.6592227 -2203.260925 827.2964766
395.6700557 -2203.224225 827.0305371
395.6808897 -2203.226125 826.7963517
395.6917227 -2203.226125 826.5306004
395.7025557 -2203.189425 826.5306004
395.7133897 -2203.226125 826.2963128
395.7242227 -2203.191325 826.1675586
395.7350557 -2203.191325 826.0069607
395.7458897 -2203.154625 825.6354016
395.7567227 -2203.154625 825.6354016
395.7675557 -2203.156525 825.4009198
395.7783897 -2203.119825 825.1666853
395.7892227 -2203.158425 825.0059045
395.8000557 -2203.121725 824.7715707
395.8108897 -2203.121725 824.7715707
395.8217227 -2203.084925 824.5050636
395.8325557 -2203.084925 824.2387823
395.8433897 -2203.086825 824.0042932
395.8542227 -2203.086825 823.8435991
395.8650557 -2203.050125 823.8435991
395.8758897 -2203.052025 823.5771636
395.8867227 -2203.015325 823.3422401
395.8975557 -2203.015325 823.0759929
395.9083897 -2203.015325 822.9151231
395.9192227 -2202.980525 822.9151231
395.9300557 -2202.980525 822.6800546
395.9408897 -2202.980525 822.4136531
395.9517227 -2202.982425 822.1784819
395.9625557 -2202.945725 822.0174469
395.9733897 -2202.945725 822.0174469
395.9842227 -2202.947625 821.7508908
395.9950557 -2202.910825 821.5158644
396.0058897 -2202.949525 821.2489019
396.0167227 -2202.912725 821.0879958
396.0275557 -2202.876025 821.0879958
396.0383897 -2202.876025 820.7153959
396.0492227 -2202.877925 820.4801608
396.0600557 -2202.877925 820.3188312
396.0708897 -2202.841225 820.3188312
396.0817227 -2202.843125 820.0518916
396.0925557 -2202.843125 819.8907638
396.1033897 -2202.845025 819.6553486
396.1142227 -2202.808225 819.3882542
396.1250557 -2202.808225 819.3882542
396.1358897 -2202.808225 819.1527285
396.1467227 -2202.810125 818.8855324
396.1575557 -2202.773425 818.6499037
396.1683897 -2202.736725 818.4142251
396.1792227 -2202.736725 818.4142251
396.1900557 -2202.736725 818.1785041
396.2008897 -2202.738625 817.9427256
396.2117227 -2202.703725 817.7071874
396.2225557 -2202.703725 817.4396696
396.2333897 -2202.703725 817.4396696
396.2442227 -2202.705625 817.3097224
396.2550557 -2202.705625 817.0737514
396.2658897 -2202.707525 816.7317324
396.2767227 -2202.670825 816.4956509
396.2875557 -2202.670825 816.4956509
396.2983897 -2202.635925 816.2595192
396.3092227 -2202.635925 815.9919697
396.3200557 -2202.637825 815.8617828
396.3308897 -2202.637825 815.6255085
396.3417227 -2202.637825 815.6255085
396.3525557 -2202.603025 815.2831224
396.3633897 -2202.566225 815.0470279
396.3742227 -2202.603025 814.9163925
396.3850557 -2202.603025 814.5741149
396.3958897 -2202.568125 814.5741149
396.4067227 -2202.568125 814.4434004
396.4175557 -2202.533325 814.2382259
396.4283897 -2202.533325 814.0019022
396.4392227 -2202.496525 814.0019022
396.4500557 -2202.535225 813.6276797
396.4608897 -2202.498425 813.5285077
396.4717227 -2202.500325 813.1855779
396.4825557 -2202.463625 813.0549199
396.4933897 -2202.463625 813.0549199
396.5042227 -2202.428725 812.7118609
396.5150557 -2202.463625 812.4749346
396.5258897 -2202.428725 812.2693763
396.5367227 -2202.392025 812.1071342
396.5475557 -2202.393925 812.1071342
396.5583897 -2202.428725 811.9014997
396.5692227 -2202.393925 811.6643786
396.5800557 -2202.395725 811.3209574
396.5908897 -2202.395725 811.1899931
396.6017227 -2202.395725 811.1899931
396.6125557 -2202.359025 810.8776034
396.6233897 -2202.360925 810.7465553
396.6342227 -2202.362825 810.4029008
396.6450557 -2202.324125 810.1969243
396.6558897 -2202.326025 810.1969243
396.6667227 -2202.291125 809.9591552
396.6775557 -2202.327925 809.7216345
396.6883897 -2202.254425 809.6215632
396.6992227 -2202.293025 809.2776023
396.7100557 -2202.258225 809.2776023
396.7208897 -2202.256325 809.0399335
396.7317227 -2202.258225 808.8022067
396.7425557 -2202.258225 808.5644296
396.7533897 -2202.223325 808.3577973
396.7642227 -2202.221425 808.3577973
396.7750557 -2202.223325 808.2263213
396.7858897 -2202.223325 807.8819969
396.7967227 -2202.188425 807.6440284
396.8075557 -2202.188425 807.6440284
396.8183897 -2202.190325 807.4057104
396.8292227 -2202.153525 807.1676334
396.8400557 -2202.153525 806.9295134
396.8508897 -2202.155425 806.722545
396.8617227 -2202.155425 806.722545
396.8725557 -2202.120625 806.4840278
396.8833897 -2202.157325 806.3522436
396.8942227 -2202.083825 806.1139276
396.9050557 -2202.085725 805.7690553
396.9158897 -2202.087625 805.7690553
396.9267227 -2202.048925 805.6368595
396.9375557 -2202.087625 805.2921564
396.9483897 -2202.052725 805.0845671
396.9592227 -2202.052725 804.9522545
396.9700557 -2202.089425 804.9522545
396.9808897 -2202.054625 804.7136379
396.9917227 -2202.019725 804.4749706
397.0025557 -2202.019725 804.23626
397.0133897 -2201.982925 804.1037906
397.0242227 -2201.984825 804.1037906
397.0350557 -2201.984825 803.651778
397.0458897 -2201.986725 803.4438661
397.0567227 -2201.948025 803.311561
397.0675557 -2201.949925 803.0416248
397.0783897 -2201.949925 803.0416248
397.0892227 -2201.953725 802.9089625
397.1000557 -2201.916925 802.5632446
397.1108897 -2201.916925 802.3550977
397.1217227 -2201.882025 802.0849534
397.1325557 -2201.882025 802.0849534
397.1433897 -2201.882025 801.9521233
397.1542227 -2201.883925 801.743844
397.1650557 -2201.885725 801.397829
397.1758897 -2201.849025 801.397829
397.1867227 -2201.887625 801.2648815
397.1975557 -2201.850825 801.0254664
397.2083897 -2201.852725 800.7860079
397.2192227 -2201.817825 800.5464911
397.2300557 -2201.856525 800.5464911
397.2408897 -2201.821625 800.3066308
397.2517227 -2201.786725 800.0670196
397.2625557 -2201.751825 799.8273501
397.2733897 -2201.790425 799.587337
397.2842227 -2201.790425 799.587337
397.2950557 -2201.792325 799.4543785
397.3058897 -2201.794225 799.2145668
397.3167227 -2201.759325 798.9744115
397.3275557 -2201.761225 798.6276675
397.3383897 -2201.761225 798.6276675
397.3492227 -2201.726325 798.4945406
397.3600557 -2201.726325 798.254525
397.3708897 -2201.728225 798.0141729
397.3817227 -2201.730025 797.880936
397.3925557 -2201.693225 797.880936
397.4033897 -2201.658325 797.5031368
397.4142227 -2201.660225 797.293674
397.4250557 -2201.662125 797.0531102
397.4358897 -2201.662125 796.919712
397.4467227 -2201.664025 796.919712
397.4575557 -2201.627225 796.6793571
397.4683897 -2201.665825 796.4386506
397.4792227 -2201.629025 796.1981861
397.4900557 -2201.630925 795.9576778
397.5008897 -2201.630925 795.9576778
397.5117227 -2201.596025 795.7171109
397.5225557 -2201.596025 795.4761998
397.5333897 -2201.599825 795.342537
397.5442227 -2201.564825 795.342537
397.5550557 -2201.566725 795.1018274
397.5658897 -2201.566725 794.8607734
397.5767227 -2201.529925 794.5129374
397.5875557 -2201.531825 794.3791055
397.5983897 -2201.531825 794.3791055
397.6092227 -2201.533725 794.2449507
397.6200557 -2201.533725 794.0040031
397.6308897 -2201.535525 793.8700713
397.6417227 -2201.498725 793.5219393
397.6525557 -2201.498725 793.5219393
397.6633897 -2201.463825 793.3876406
397.6742227 -2201.463825 793.0088663
397.6850557 -2201.465725 792.7673584
397.6958897 -2201.467625 792.6332283
397.7067227 -2201.430725 792.6332283
397.7175557 -2201.469425 792.4224493
397.7283897 -2201.434525 792.1502707
397.7392227 -2201.434525 791.908869
397.7500557 -2201.397725 791.6674086
397.7608897 -2201.397725 791.6674086
397.7717227 -2201.399625 791.5330791
397.7825557 -2201.436425 791.2912403
397.7933897 -2201.399625 790.9424325
397.8042227 -2201.362725 790.8079812
397.8150557 -2201.364625 790.8079812
397.8258897 -2201.329725 790.6732136
397.8367227 -2201.366525 790.4009112
397.8475557 -2201.331625 790.1896674
397.8583897 -2201.331625 789.8405665
397.8692227 -2201.335325 789.8405665
397.8800557 -2201.296625 789.6753585
397.8908897 -2201.298525 789.5709551
397.9017227 -2201.300425 789.1911077
397.9125557 -2201.300425 789.1911077
397.9233897 -2201.298525 789.0563495
397.9342227 -2201.263525 788.8142494
397.9450557 -2201.263525 788.6791339
397.9558897 -2201.265425 788.4063588
397.9667227 -2201.230525 788.4063588
397.9775557 -2201.230525 788.087353
397.9883897 -2201.232325 787.9524093
397.9992227 -2201.195525 787.602696
398.0100557 -2201.234225 787.4370683
398.0208897 -2201.236125 787.4370683
398.0317227 -2201.199325 787.1946222
398.0425557 -2201.199325 787.0592215
398.0533897 -2201.164325 786.8166756
398.0642227 -2201.166225 786.5740853
398.0750557 -2201.166225 786.5740853
398.0858897 -2201.166225 786.4082567
398.0967227 -2201.131225 786.1958828
398.1075557 -2201.166225 785.922826
398.1183897 -2201.131225 785.787493
398.1292227 -2201.131225 785.787493
398.1400557 -2201.133125 785.5443611
398.1508897 -2201.131225 785.3014792
398.1617227 -2201.059425 785.1660345
398.1725557 -2201.096225 784.9230526
398.1833897 -2201.098125 784.9230526
398.1942227 -2201.061325 784.6496856
398.2050557 -2201.063225 784.4065972
398.2158897 -2201.063225 784.1634569
398.2267227 -2201.026325 784.027528
398.2375557 -2201.063225 784.027528
398.2483897 -2201.026325 783.7842949
398.2592227 -2201.028225 783.6182262
398.2700557 -2201.028225 783.3749046
398.2808897 -2200.991325 783.3749046
398.2917227 -2200.991325 783.2087556
398.3025557 -2200.991325 782.9653307
398.3133897 -2200.991325 782.7218613
398.3242227 -2200.991325 782.5555879
398.3350557 -2200.956425 782.5555879
398.3458897 -2200.956425 782.2816407
398.3567227 -2200.919525 782.0683978
398.3675557 -2200.958225 781.9019998
398.3783897 -2200.921425 781.6582791
398.3892227 -2200.923325 781.6582791
398.4000557 -2200.886425 781.5221946
398.4108897 -2200.923325 781.2479911
398.4217227 -2200.923325 781.0041223
398.4325557 -2200.886425 780.8378216
398.4433897 -2200.888325 780.8378216
398.4542227 -2200.888325 780.4861322
398.4650557 -2200.851425 780.3498396
398.4758897 -2200.853325 780.1057779
398.4867227 -2200.853325 779.939301
398.4975557 -2200.853325 779.939301
398.5083897 -2200.816525 779.6951357
398.5192227 -2200.818325 779.5587046
398.5300557 -2200.818325 779.284324
398.5408897 -2200.783425 779.0400103
398.5517227 -2200.783425 779.0400103
398.5625557 -2200.781525 778.9034634
398.5733897 -2200.783425 778.7668789
398.5842227 -2200.746525 778.4922964
398.5950557 -2200.748425 778.4922964
398.6058897 -2200.746525 778.139956
398.6167227 -2200.748425 777.8956851
398.6275557 -2200.748425 777.7589326
398.6383897 -2200.713425 777.4841335
398.6492227 -2200.711525 777.4841335
398.6600557 -2200.711525 777.3774558
398.6708897 -2200.711525 777.1025499
398.6817227 -2200.713425 776.8278886
398.6925557 -2200.676525 776.6909454
398.7033897 -2200.676525 776.6909454
398.7142227 -2200.641525 776.4158785
398.7250557 -2200.641525 776.1709252
398.7358897 -2200.641525 776.0039938
398.7467227 -2200.641525 775.7287658
398.7575557 -2200.643425 775.7287658
398.7683897 -2200.606525 775.5916358
398.7792227 -2200.608425 775.3467778
398.7900557 -2200.608425 774.9938703
398.8008897 -2200.571625 774.8264331
398.8117227 -2200.571625 774.8264331
398.8225557 -2200.571625 774.6891383
398.8333897 -2200.573425 774.4440789
398.8442227 -2200.573425 774.3067194
398.8550557 -2200.538425 774.0612703
398.8658897 -2200.538425 774.0612703
398.8767227 -2200.538425 773.6780997
398.8875557 -2200.538425 773.5406129
398.8983897 -2200.540325 773.2952996
398.9092227 -2200.503425 773.0197265
398.9200557 -2200.503425 773.0197265
398.9308897 -2200.505325 772.8821231
398.9417227 -2200.468425 772.7444819
398.9525557 -2200.505325 772.3609289
398.9633897 -2200.470325 772.3609289
398.9742227 -2200.470325 772.2232088
398.9850557 -2200.470325 772.085451
398.9958897 -2200.470325 771.8697271
399.0067227 -2200.398425 771.6240314
399.0175557 -2200.435325 771.6240314
399.0283897 -2200.400325 771.2401571
399.0392227 -2200.400325 771.1321717
399.0500557 -2200.400325 770.9642856
399.0608897 -2200.402125 770.7480288
399.0717227 -2200.402125 770.7480288
399.0825557 -2200.365325 770.6100049
399.0933897 -2200.365325 770.2560744
399.1042227 -2200.365325 770.0097182
399.1150557 -2200.328425 769.8715694
399.1258897 -2200.330325 769.8715694
399.1367227 -2200.330325 769.6553827
399.1475557 -2200.332125 769.3789196
399.1583897 -2200.332125 769.2409535
399.1692227 -2200.332125 768.9943632
399.1800557 -2200.297125 768.9943632
399.1908897 -2200.297125 768.8860001
399.2017227 -2200.297125 768.6393113
399.2125557 -2200.299025 768.3928738
399.2233897 -2200.299025 768.1163951
399.2342227 -2200.262125 768.1163951
399.2450557 -2200.264025 767.869842
399.2558897 -2200.227125 767.6229465
399.2667227 -2200.264025 767.5143622
399.2775557 -2200.227125 767.3757599
399.2883897 -2200.227125 767.3757599
399.2992227 -2200.228925 767.1287311
399.3100557 -2200.267725 766.8819393
399.3208897 -2200.193925 766.6050922
399.3317227 -2200.157025 766.6050922
399.3425557 -2200.195825 766.3879074
399.3533897 -2200.195825 766.2193956
399.3642227 -2200.160825 766.001818
399.3750557 -2200.160825 765.8332346
399.3858897 -2200.197625 765.8332346
399.3967227 -2200.160825 765.4779621
399.4075557 -2200.123925 765.3092788
399.4183897 -2200.125725 765.200019
399.4292227 -2200.125725 764.9227548
399.4400557 -2200.127625 764.9227548
399.4508897 -2200.090725 764.6754617
399.4617227 -2200.090725 764.5066249
399.4725557 -2200.092625 764.2592339
399.4833897 -2200.055725 764.1200498
399.4942227 -2200.092625 764.1200498
399.5050557 -2200.057525 763.8725711
399.5158897 -2200.057525 763.5952846
399.5267227 -2200.057525 763.4854359
399.5375557 -2200.059425 763.2080556
399.5483897 -2200.059425 763.2080556
399.5592227 -2200.022525 763.0392214
399.5700557 -2200.022525 762.7914867
399.5808897 -2200.024425 762.6815081
399.5917227 -2199.989325 762.2955678
399.6025557 -2200.026225 762.2955678
399.6133897 -2199.989325 762.1560329
399.6242227 -2199.991225 761.9869998
399.6350557 -2199.954325 761.7684962
399.6458897 -2199.993025 761.599377
399.6567227 -2199.956225 761.599377
399.6675557 -2199.993025 761.3513082
399.6783897 -2199.956225 761.211593
399.6892227 -2199.921125 760.9634219
399.7000557 -2199.921125 760.9634219
399.7108897 -2199.923025 760.7152049
399.7217227 -2199.923025 760.5753745
399.7325557 -2199.886125 760.2972588
399.7433897 -2199.886125 760.0488903
399.7542227 -2199.924825 760.0488903
399.7650557 -2199.887925 759.8004615
399.7758897 -2199.887925 759.6604706
399.7867227 -2199.852925 759.5207538
399.7975557 -2199.889825 759.2718894
399.8083897 -2199.854725 759.2718894
399.8192227 -2199.854725 759.0232698
399.8300557 -2199.854725 758.7746042
399.8408897 -2199.819725 758.6344245
399.8517227 -2199.856625 758.3856563
399.8625557 -2199.784725 758.3856563
399.8733897 -2199.786525 758.2454103
399.8842227 -2199.784725 757.9965465
399.8950557 -2199.786525 757.85622
399.9058897 -2199.786525 757.6072678
399.9167227 -2199.788425 757.6072678
399.9275557 -2199.788425 757.3582552
399.9383897 -2199.751525 757.1387325
399.9492227 -2199.753325 756.9687118
399.9600557 -2199.753325 756.7195502
399.9708897 -2199.718325 756.7195502
399.9817227 -2199.755225 756.5789921
399.9925557 -2199.755225 756.329742
400.0033897 -2199.720125 756.0804313
400.0142227 -2199.718325 755.9397572
400.0250557 -2199.720125 755.9397572
400.0358897 -2199.720125 755.7196236
400.0467227 -2199.720125 755.5496102
400.0575557 -2199.685125 755.3293796
400.0683897 -2199.685125 755.3293796
400.0792227 -2199.650025 755.0505593
400.0900557 -2199.650025 754.9096956
400.1008897 -2199.688825 754.7688005
400.1117227 -2199.651925 754.5191135
400.1225557 -2199.651925 754.5191135
400.1333897 -2199.651925 754.269366
400.1442227 -2199.614925 754.019565
400.1550557 -2199.614925 753.8785183
400.1658897 -2199.616825 753.7374331
400.1767227 -2199.579925 753.7374331
400.1875557 -2199.616825 753.4874936
400.1983897 -2199.618625 753.3463417
400.2092227 -2199.581725 753.0963061
400.2200557 -2199.546725 752.8462169
400.2308897 -2199.546725 752.8462169
400.2417227 -2199.546725 752.5667707
400.2525557 -2199.546725 752.4547632
400.2633897 -2199.548525 752.1752078
400.2742227 -2199.548525 751.9249193
400.2850557 -2199.548525 751.9249193
400.2958897 -2199.511625 751.8923936
400.3067227 -2199.513525 751.6126874
400.3175557 -2199.476525 751.362257
400.3283897 -2199.478425 751.220711
400.3392227 -2199.478425 751.220711
400.3500557 -2199.480225 750.9701773
400.3608897 -2199.441525 750.7195968
400.3717227 -2199.443325 750.5782335
400.3825557 -2199.443325 750.3272502
400.3933897 -2199.445225 750.3272502
400.4042227 -2199.408225 750.2948205
400.4150557 -2199.408225 749.9056902
400.4258897 -2199.410125 749.7638761
400.4367227 -2199.375025 749.7638761
400.4475557 -2199.411925 749.6223371
400.4583897 -2199.411925 749.4514011
400.4692227 -2199.375025 749.2004331
400.4800557 -2199.339925 748.9494182
400.4908897 -2199.375025 748.9494182
400.5017227 -2199.339925 748.807421
400.5125557 -2199.303025 748.5272319
400.5233897 -2199.341825 748.2760636
400.5342227 -2199.304925 748.2430584
400.5450557 -2199.304925 748.2430584
400.5558897 -2199.304925 747.8826743
400.5667227 -2199.304925 747.7404897
400.5775557 -2199.306725 747.4891209
400.5883897 -2199.269825 747.3471547
400.5992227 -2199.269825 747.3471547
400.6100557 -2199.271625 747.0956963
400.6208897 -2199.232825 746.9242613
400.6317227 -2199.234725 746.6726961
400.6425557 -2199.234725 746.5302851
400.6533897 -2199.236525 746.5302851
400.6642227 -2199.236525 746.2498196
400.6750557 -2199.236525 746.1073241
400.6858897 -2199.199625 745.8846784
400.6967227 -2199.199625 745.712999
400.7075557 -2199.201525 745.712999
400.7183897 -2199.164525 745.4614402
400.7292227 -2199.164525 745.3188024
400.7400557 -2199.164525 745.0668465
400.7508897 -2199.166425 744.8148364
400.7617227 -2199.090725 744.8148364
400.7725557 -2199.129425 744.6723813
400.7833897 -2199.092525 744.4202743
400.7942227 -2199.129425 744.2774371
400.8050557 -2199.092525 744.2774371
400.8158897 -2199.094325 743.9964043
400.8267227 -2199.094325 743.8534894
400.8375557 -2199.094325 743.6817011
400.8483897 -2199.094325 743.4293578
400.8592227 -2199.057425 743.4293578
400.8700557 -2199.057425 743.1769533
400.8808897 -2199.020525 743.0341863
400.8917227 -2199.059225 742.7525377
400.9025557 -2199.059225 742.6096929
400.9133897 -2199.022325 742.6096929
400.9242227 -2199.022325 742.3570909
400.9350557 -2198.985425 742.1850153
400.9458897 -2198.985425 742.0420608
400.9567227 -2198.985425 741.8699056
400.9675557 -2198.987225 741.8699056
400.9783897 -2198.950325 741.5882501
400.9892227 -2198.948425 741.4451829
401.0000557 -2198.950325 741.192291
401.0108897 -2198.913325 740.9393518
401.0217227 -2198.950325 740.9393518
401.0325557 -2198.913325 740.876798
401.0433897 -2198.913325 740.6237625
401.0542227 -2198.915225 740.4516286
401.0650557 -2198.878225 740.1696009
401.0758897 -2198.878225 740.1696009
401.0867227 -2198.880125 739.9167085
401.0975557 -2198.880125 739.7730382
401.1083897 -2198.880125 739.62963
401.1192227 -2198.843125 739.62963
401.1300557 -2198.843125 739.4861898
401.1408897 -2198.845025 739.313517
401.1517227 -2198.843125 739.0603945
401.1625557 -2198.806225 738.8069165
401.1733897 -2198.808025 738.8069165
401.1842227 -2198.808025 738.6633299
401.1950557 -2198.771125 738.4100553
401.2058897 -2198.771125 738.2660853
401.2167227 -2198.808025 738.0934671
401.2275557 -2198.771125 738.0934671
401.2383897 -2198.771125 737.8686745
401.2492227 -2198.736025 737.6152044
401.2600557 -2198.736025 737.471392
401.2708897 -2198.699025 737.2175226
401.2817227 -2198.736025 737.2175226
401.2925557 -2198.699025 737.0736278
401.3033897 -2198.700925 737.0394468
401.3142227 -2198.700925 736.6756972
401.3250557 -2198.663925 736.5027468
401.3358897 -2198.663925 736.5027468
401.3467227 -2198.700925 736.2775931
401.3575557 -2198.663925 736.1045613
401.3683897 -2198.663925 735.9604484
401.3792227 -2198.628825 735.8163104
401.3900557 -2198.628825 735.8163104
401.4008897 -2198.591925 735.452196
401.4117227 -2198.591925 735.2793
401.4225557 -2198.628825 735.1347383
401.4333897 -2198.628825 734.8805876
401.4442227 -2198.593725 734.8805876
401.4550557 -2198.591925 734.7362451
401.4658897 -2198.591925 734.4817014
401.4767227 -2198.556825 734.3086043
401.4875557 -2198.556825 734.3086043
401.4983897 -2198.521625 734.163849
401.5092227 -2198.519825 733.9094625
401.5200557 -2198.558625 733.7362457
401.5308897 -2198.519825 733.6203721
401.5417227 -2198.519825 733.6203721
401.5525557 -2198.484725 733.3368481
401.5633897 -2198.486525 733.1922081
401.5742227 -2198.484725 733.0475358
401.5850557 -2198.521625 732.7925604
401.5958897 -2198.447725 732.7925604
401.6067227 -2198.449625 732.6478123
401.6175557 -2198.449625 732.4743236
401.6283897 -2198.449625 732.2195054
401.6392227 -2198.412625 731.9646254
401.6500557 -2198.449625 731.9646254
401.6608897 -2198.412625 731.8194203
401.6717227 -2198.412625 731.6457719
401.6825557 -2198.414425 731.5008015
401.6933897 -2198.414425 731.2457327
401.7042227 -2198.375725 731.2457327
401.7150557 -2198.377525 730.9906159
401.7258897 -2198.377525 730.9556144
401.7367227 -2198.377525 730.7001009
401.7475557 -2198.340525 730.4448418
401.7583897 -2198.340525 730.4448418
401.7692227 -2198.340525 730.2709025
401.7800557 -2198.305425 730.1544123
401.7908897 -2198.305425 729.8987082
401.8017227 -2198.305425 729.7249541
401.8125557 -2198.305425 729.7249541
401.8233897 -2198.268525 729.5796117
401.8342227 -2198.305425 729.2423384
401.8450557 -2198.268525 729.2071019
401.8558897 -2198.231525 729.2071019
401.8667227 -2198.231525 729.061351
401.8775557 -2198.231525 728.6954512
401.8883897 -2198.231525 728.5499155
401.8992227 -2198.231525 728.3758798
401.9100557 -2198.196425 728.3758798
401.9208897 -2198.196425 728.1197332
401.9317227 -2198.196425 727.9740858
401.9425557 -2198.196425 727.8284058
401.9533897 -2198.159425 727.5724192
401.9642227 -2198.196425 727.5724192
401.9750557 -2198.159425 727.3981808
401.9858897 -2198.124325 727.2523891
401.9967227 -2198.159425 727.1062686
402.0075557 -2198.124325 726.7397588
402.0183897 -2198.087325 726.7397588
402.0292227 -2198.087325 726.5938467
402.0400557 -2198.087325 726.447909
402.0508897 -2198.087325 726.3019318
402.0617227 -2198.087325 726.04555
402.0725557 -2198.050425 726.04555
402.0833897 -2198.050425 725.7888167
402.0942227 -2198.013425 725.7531136
402.1050557 -2198.052225 725.4965886
402.1158897 -2198.013425 725.3504326
402.1267227 -2198.015225 725.3504326
402.1375557 -2198.013425 725.0938083
402.1483897 -2198.015225 724.9475687
402.1592227 -2197.978325 724.8013034
402.1700557 -2197.978325 724.5442322
402.1808897 -2197.978325 724.5442322
402.1917227 -2197.978325 724.2874091
402.2025557 -2197.941325 724.141023
402.2133897 -2197.941325 723.9945973
402.2242227 -2197.904425 723.9945973
402.2350557 -2197.906225 723.7376306
402.2458897 -2197.904425 723.5911351
402.2567227 -2197.906225 723.4442963
402.2675557 -2197.869225 723.1871859
402.2783897 -2197.906225 723.1871859
402.2892227 -2197.869225 722.901781
402.3000557 -2197.832325 722.755122
402.3108897 -2197.869225 722.6084302
402.3217227 -2197.795325 722.4614088
402.3325557 -2197.832325 722.4614088
402.3433897 -2197.832325 722.0934526
402.3542227 -2197.797125 721.9466397
402.3650557 -2197.795325 721.9104232
402.3758897 -2197.760225 721.6529225
402.3867227 -2197.797125 721.6529225
402.3975557 -2197.760225 721.5060112
402.4083897 -2197.723225 721.2201455
402.4192227 -2197.760225 721.0731543
402.4300557 -2197.760225 720.9261302
402.4408897 -2197.723225 720.9261302
402.4517227 -2197.723225 720.7787761
402.4625557 -2197.723225 720.6316864
402.4733897 -2197.686325 720.3738503
402.4842227 -2197.723225 720.2266903
402.4950557 -2197.686325 720.2266903
402.5058897 -2197.686325 719.9687542
402.5167227 -2197.651125 719.8215102
402.5275557 -2197.651125 719.5634809
402.5383897 -2197.649325 719.444461
402.5492227 -2197.651125 719.444461
402.5600557 -2197.612325 719.1580235
402.5708897 -2197.612325 719.1214253
402.5817227 -2197.614125 718.7523955
402.5925557 -2197.651125 718.7523955
402.6033897 -2197.614125 718.6046153
402.6142227 -2197.614125 718.4571133
402.6250557 -2197.577225 718.1987324
402.6358897 -2197.577225 718.0511463
402.6467227 -2197.577225 718.0511463
402.6575557 -2197.577225 717.903534
402.6683897 -2197.540225 717.6450084
402.6792227 -2197.540225 717.4973118
402.6900557 -2197.503325 717.3495891
402.7008897 -2197.540225 717.3495891
402.7117227 -2197.503325 717.2018266
402.7225557 -2197.505125 717.054031
402.7333897 -2197.503325 716.7952785
402.7442227 -2197.503325 716.6471006
402.7550557 -2197.503325 716.6471006
402.7658897 -2197.466325 716.4991945
402.7767227 -2197.466325 716.2122508
402.7875557 -2197.466325 716.0923132
402.7983897 -2197.429325 715.8052564
402.8092227 -2197.431125 715.8052564
402.8200557 -2197.466325 715.6852538
402.8308897 -2197.431125 715.4261484
402.8417227 -2197.431125 715.2780093
402.8525557 -2197.431125 715.129844
402.8633897 -2197.394225 715.129844
402.8742227 -2197.392425 714.8705934
402.8850557 -2197.394225 714.7223435
402.8958897 -2197.357225 714.5737622
402.9067227 -2197.357225 714.425446
402.9175557 -2197.320325 714.425446
402.9283897 -2197.357225 714.1660054
402.9392227 -2197.320325 713.9895373
402.9500557 -2197.320325 713.8133287
402.9608897 -2197.320325 713.8133287
402.9717227 -2197.283325 713.5815182
402.9825557 -2197.322125 713.4049275
402.9933897 -2197.285125 713.2563834
403.0042227 -2197.285125 713.0800161
403.0150557 -2197.285125 713.0800161
403.0258897 -2197.285125 712.8480308
403.0367227 -2197.285125 712.6715798
403.0475557 -2197.285125 712.5228885
403.0583897 -2197.248125 712.2348575
403.0692227 -2197.249925 712.2348575
403.0800557 -2197.211225 712.1141952
403.0908897 -2197.213025 711.9094724
403.1017227 -2197.213025 711.6493968
403.1125557 -2197.176025 711.5005104
403.1233897 -2197.213025 711.5005104
403.1342227 -2197.213025 711.3515906
403.1450557 -2197.177825 711.0635503
403.1558897 -2197.213025 711.0258363
403.1667227 -2197.176025 710.7655155
403.1775557 -2197.177825 710.7655155
403.1883897 -2197.177825 710.5886274
403.1992227 -2197.140825 710.4395237
403.2100557 -2197.140825 710.1790539
403.2208897 -2197.142625 710.0020427
403.2317227 -2197.142625 710.0020427
403.2425557 -2197.142625 709.8528246
403.2533897 -2197.105625 709.7035731
403.2642227 -2197.105625 709.5542949
403.2750557 -2197.107425 709.2935861
403.2858897 -2197.107425 709.2935861
403.2967227 -2197.107425 709.0331269
403.3075557 -2197.070525 708.9951391
403.3183897 -2197.072225 708.8178528
403.3292227 -2197.072225 708.8178528
403.3400557 -2197.035325 708.5569497
403.3508897 -2197.037125 708.4074452
403.3617227 -2197.072225 708.1464406
403.3725557 -2197.037125 707.997157
403.3833897 -2197.037125 707.997157
403.3942227 -2197.037125 707.8475405
403.4050557 -2197.037125 707.5863894
403.4158897 -2197.001925 707.4366876
403.4267227 -2196.964925 707.3148385
403.4375557 -2196.964925 707.3148385
403.4483897 -2196.964925 707.0259677
403.4592227 -2196.929725 706.8761538
403.4700557 -2196.927925 706.7263132
403.4808897 -2196.966725 706.5764323
403.4917227 -2196.929725 706.5764323
403.5025557 -2196.929725 706.2873553
403.5133897 -2196.929725 706.1649897
403.5242227 -2196.929725 706.0153031
403.5350557 -2196.931525 705.7536665
403.5458897 -2196.931525 705.7536665
403.5567227 -2196.894525 705.6036014
403.5675557 -2196.896325 705.4534959
403.5783897 -2196.894525 705.1641077
403.5892227 -2196.859325 705.0139274
403.6000557 -2196.859325 705.0139274
403.6108897 -2196.859325 704.8637066
403.6217227 -2196.859325 704.7137591
403.6325557 -2196.824125 704.4517868
403.6433897 -2196.824125 704.3290724
403.6542227 -2196.824125 704.3290724
403.6650557 -2196.824125 704.1510868
403.6758897 -2196.824125 703.9168986
403.6867227 -2196.787225 703.7664557
403.6975557 -2196.787225 703.7664557
403.7083897 -2196.789025 703.5883489
403.7192227 -2196.789025 703.4378425
403.7300557 -2196.752025 703.3149316
403.7408897 -2196.789025 703.0249313
403.7517227 -2196.753825 703.0249313
403.7625557 -2196.715025 702.8746192
403.7733897 -2196.716825 702.7239596
403.7842227 -2196.753825 702.4614477
403.7950557 -2196.716825 702.3107157
403.8058897 -2196.716825 702.3107157
403.8167227 -2196.718625 702.0484087
403.8275557 -2196.681625 701.8699348
403.8383897 -2196.718625 701.746746
403.8492227 -2196.683425 701.5681988
403.8600557 -2196.683425 701.5681988
403.8708897 -2196.648225 701.4172767
403.8817227 -2196.646425 701.1547351
403.8925557 -2196.648225 701.0037338
403.9033897 -2196.648225 700.9646218
403.9142227 -2196.648225 700.9646218
403.9250557 -2196.649925 700.7016365
403.9358897 -2196.612925 700.5508412
403.9467227 -2196.577725 700.2877466
403.9575557 -2196.614725 700.109194
403.9683897 -2196.579525 700.109194
403.9792227 -2196.581325 699.9579752
403.9900557 -2196.581325 699.8067224
404.0008897 -2196.583125 699.543438
404.0117227 -2196.546125 699.543438
404.0225557 -2196.546125 699.3924136
404.0333897 -2196.547925 699.3530754
404.0442227 -2196.509125 699.0896543
404.0550557 -2196.510925 698.9382204
404.0658897 -2196.510925 698.9382204
404.0767227 -2196.510925 698.6749977
404.0875557 -2196.475725 698.523491
404.0983897 -2196.512625 698.344538
404.1092227 -2196.475725 698.2203623
404.1200557 -2196.477425 698.2203623
404.1308897 -2196.477425 698.0690617
404.1417227 -2196.475725 697.8052914
404.1525557 -2196.477425 697.5414638
404.1633897 -2196.440425 697.5018743
404.1742227 -2196.477425 697.5018743
404.1850557 -2196.440425 697.2382635
404.1958897 -2196.442225 697.1986226
404.2067227 -2196.405225 696.934619
404.2175557 -2196.442225 696.7827424
404.2283897 -2196.442225 696.7827424
404.2392227 -2196.444025 696.6311399
404.2500557 -2196.370025 696.3669875
404.2608897 -2196.407025 696.214997
404.2717227 -2196.371825 696.0629725
404.2825557 -2196.370025 696.0629725
404.2933897 -2196.370025 695.9112289
404.3042227 -2196.371825 695.6468751
404.3150557 -2196.371825 695.4672853
404.3258897 -2196.334825 695.3154249
404.3367227 -2196.336625 695.3154249
404.3475557 -2196.336625 695.1632154
404.3583897 -2196.299625 694.8715125
404.3692227 -2196.299625 694.7192268
404.3800557 -2196.299625 694.7192268
404.3908897 -2196.262625 694.5669002
404.4017227 -2196.299625 694.4145396
404.4125557 -2196.262625 694.1501054
404.4233897 -2196.301325 694.1375052
404.4342227 -2196.264325 694.1375052
404.4450557 -2196.227325 693.9575678
404.4558897 -2196.229125 693.6929961
404.4667227 -2196.229125 693.5404528
404.4775557 -2196.229125 693.3878753
404.4883897 -2196.229125 693.3878753
404.4992227 -2196.192125 693.1231542
404.5100557 -2196.192125 693.0829331
404.5208897 -2196.192125 692.8178047
404.5317227 -2196.193925 692.6653941
404.5425557 -2196.156925 692.6653941
404.5533897 -2196.156925 692.5126337
404.5642227 -2196.156925 692.359839
404.5750557 -2196.158625 692.2070167
404.5858897 -2196.121625 691.9691551
404.5967227 -2196.158625 691.9691551
404.6075557 -2196.158625 691.7040392
404.6183897 -2196.121625 691.5510934
404.6292227 -2196.121625 691.3981067
404.6400557 -2196.121625 691.2450856
404.6508897 -2196.123425 691.2450856
404.6617227 -2196.123425 691.0923461
404.6725557 -2196.084625 690.9392563
404.6833897 -2196.086425 690.8133515
404.6942227 -2196.086425 690.5479111
404.7050557 -2196.086425 690.5479111
404.7158897 -2196.049425 690.2820968
404.7267227 -2196.049425 690.2414733
404.7375557 -2196.012425 689.9755734
404.7483897 -2196.049425 689.9755734
404.7592227 -2196.012425 689.8225662
404.7700557 -2196.012425 689.583792
404.7808897 -2196.014225 689.4304042
404.7917227 -2196.012425 689.2769754
404.8025557 -2196.014225 689.2769754
404.8133897 -2195.977225 689.1235121
404.8242227 -2195.977225 688.9703307
404.8350557 -2195.977225 688.7040802
404.8458897 -2195.977225 688.6904853
404.8567227 -2195.940225 688.6904853
404.8675557 -2195.941925 688.4241518
404.8783897 -2195.940225 688.2435579
404.8892227 -2195.941925 688.1168282
404.9000557 -2195.941925 687.9634311
404.9108897 -2195.941925 687.9634311
404.9217227 -2195.941925 687.6968942
404.9325557 -2195.904925 687.5430998
404.9433897 -2195.904925 687.5020901
404.9542227 -2195.904925 687.2354142
404.9650557 -2195.869725 687.2354142
404.9758897 -2195.869725 687.0818262
404.9867227 -2195.869725 686.8150524
404.9975557 -2195.869725 686.6610735
405.0083897 -2195.869725 686.3941886
405.0192227 -2195.832725 686.3941886
405.0300557 -2195.832725 686.2401354
405.0408897 -2195.832725 686.0863511
405.0517227 -2195.832725 685.959208
405.0625557 -2195.832725 685.778065
405.0733897 -2195.795725 685.778065
405.0842227 -2195.795725 685.6508583
405.0950557 -2195.758625 685.3839962
405.1058897 -2195.795725 685.2297263
405.1167227 -2195.758625 685.2297263
405.1275557 -2195.758625 685.1024152
405.1383897 -2195.758625 685.0610497
405.1492227 -2195.756925 684.6807115
405.1600557 -2195.756925 684.5265977
405.1708897 -2195.756925 684.5265977
405.1817227 -2195.719925 684.3721388
405.1925557 -2195.719925 684.2176518
405.2033897 -2195.756925 684.0361064
405.2142227 -2195.718125 683.9085604
405.2250557 -2195.718125 683.9085604
405.2358897 -2195.718125 683.7539692
405.2467227 -2195.681125 683.5132899
405.2575557 -2195.681125 683.3586136
405.2683897 -2195.681125 683.2039091
405.2792227 -2195.644125 683.2039091
405.2900557 -2195.644125 682.9363663
405.3008897 -2195.644125 682.8946934
405.3117227 -2195.642425 682.7398846
405.3225557 -2195.642425 682.3857905
405.3333897 -2195.605425 682.3857905
405.3442227 -2195.642425 682.3440397
405.3550557 -2195.605425 682.1026878
405.3658897 -2195.605425 681.947715
405.3767227 -2195.605425 681.7927075
405.3875557 -2195.603625 681.7927075
405.3983897 -2195.566625 681.6379826
405.4092227 -2195.566625 681.4829054
405.4200557 -2195.566625 681.2145672
405.4308897 -2195.529625 681.1726529
405.4417227 -2195.566625 681.1726529
405.4525557 -2195.529625 680.9042212
405.4633897 -2195.566625 680.7757522
405.4742227 -2195.529625 680.620498
405.4850557 -2195.529625 680.620498
405.4958897 -2195.527925 680.351917
405.5067227 -2195.492625 680.3098718
405.5175557 -2195.492625 680.0682858
405.5283897 -2195.492625 679.9128763
405.5392227 -2195.490925 679.9128763
405.5500557 -2195.453925 679.644099
405.5608897 -2195.453925 678.8194819
405.5717227 -2195.490925 679.1441054
405.5825557 -2195.453925 679.1441054
405.5933897 -2195.453925 678.9885215
405.6042227 -2195.415125 678.8329026
405.6150557 -2195.452125 678.6772552
405.6258897 -2195.415125 678.54836
405.6367227 -2195.415125 678.54836
405.6475557 -2195.415125 678.3926388
405.6583897 -2195.378125 678.1231478
405.6692227 -2195.378125 678.0807863
405.6800557 -2195.376425 677.9249599
405.6908897 -2195.376425 677.9249599
405.7017227 -2195.376425 677.7691051
405.7125557 -2195.376425 677.6400192
405.7233897 -2195.374625 677.4840904
405.7342227 -2195.374625 677.2414482
405.7450557 -2195.337625 677.2414482
405.7558897 -2195.337625 676.9719272
405.7667227 -2195.337625 676.9290852
405.7775557 -2195.300625 676.7730135
405.7883897 -2195.337625 676.5301788
405.7992227 -2195.298925 676.5301788
405.8100557 -2195.298925 676.3740211
405.8208897 -2195.298925 676.2178349
405.8317227 -2195.297225 676.0612949
405.8425557 -2195.261925 675.9318704
405.8533897 -2195.260225 675.9318704
405.8642227 -2195.260225 675.6619732
405.8750557 -2195.260225 675.5056305
405.8858897 -2195.223225 675.3489406
405.8967227 -2195.223225 675.3489406
405.9075557 -2195.221525 675.192534
405.9183897 -2195.221525 675.0626263
405.9292227 -2195.221525 674.8796023
405.9400557 -2195.221525 674.6359563
405.9508897 -2195.221525 674.6359563
405.9617227 -2195.184525 674.4793932
405.9725557 -2195.182725 674.3493465
405.9833897 -2195.182725 674.1927222
405.9942227 -2195.181025 674.0360561
406.0050557 -2195.181025 674.0360561
406.0158897 -2195.144025 673.7653027
406.0267227 -2195.144025 673.722312
406.0375557 -2195.142325 673.4783422
406.0483897 -2195.142325 673.3215257
406.0592227 -2195.103625 673.3215257
406.0700557 -2195.140525 673.1643678
406.0808897 -2195.101825 673.0074807
406.0917227 -2195.101825 672.7633237
406.1025557 -2195.101825 672.6063632
406.1133897 -2195.063125 672.6063632
406.1242227 -2195.063125 672.5366136
406.1350557 -2195.098425 672.2920103
406.1458897 -2195.059725 672.1349437
406.1567227 -2195.059725 672.004113
406.1675557 -2195.021025 672.004113
406.1783897 -2195.057925 671.7330888
406.1892227 -2195.019225 671.5759068
406.2000557 -2195.017525 671.5325898
406.2108897 -2195.015825 671.4016314
406.2217227 -2195.015825 671.4016314
406.2325557 -2194.977125 671.1304269
406.2433897 -2195.014125 670.8588434
406.2542227 -2194.977125 670.8154233
406.2650557 -2194.938425 670.8154233
406.2758897 -2194.975425 670.5703645
406.2867227 -2194.975425 670.4129214
406.2975557 -2194.938425 670.2554427
406.3083897 -2194.938425 670.0976219
406.3192227 -2194.899725 670.0976219
406.3300557 -2194.901425 669.9663834
406.3408897 -2194.938425 669.668147
406.3517227 -2194.901425 669.5368374
406.3625557 -2194.899725 669.3791719
406.3733897 -2194.899725 669.3791719
406.3842227 -2194.899725 669.1074081
406.3950557 -2194.898025 668.975991
406.4058897 -2194.899725 668.8178962
406.4167227 -2194.898025 668.6334352
406.4275557 -2194.862825 668.6334352
406.4383897 -2194.824125 668.3878088
406.4492227 -2194.825825 668.2299086
406.4600557 -2194.861025 668.0716593
406.4708897 -2194.825825 667.7995475
406.4817227 -2194.825825 667.7995475
406.4925557 -2194.788825 667.7820316
406.5033897 -2194.788825 667.5095072
406.5142227 -2194.788825 667.3514261
406.5250557 -2194.787125 667.2193418
406.5358897 -2194.787125 667.2193418
406.5467227 -2194.787125 667.0611856
406.5575557 -2194.750125 666.8148257
406.5683897 -2194.750125 666.7708199
406.5792227 -2194.750125 666.3837595
406.5900557 -2194.750125 666.3837595
406.6008897 -2194.713125 666.2254457
406.6117227 -2194.713125 666.0667758
406.6225557 -2194.713125 665.9083841
406.6333897 -2194.711425 665.9083841
406.6442227 -2194.713125 665.7496492
406.6550557 -2194.713125 665.6175636
406.6658897 -2194.713125 665.4587534
406.6767227 -2194.676225 665.2119697
406.6875557 -2194.676225 665.2119697
406.6983897 -2194.674525 665.141346
406.7092227 -2194.637525 664.8680769
406.7200557 -2194.674525 664.7358235
406.7308897 -2194.598825 664.5768248
406.7417227 -2194.600525 664.5768248
406.7525557 -2194.635825 664.3297999
406.7633897 -2194.598825 664.2854406
406.7742227 -2194.635825 664.1263371
406.7850557 -2194.598825 663.9675121
406.7958897 -2194.598825 663.9675121
406.8067227 -2194.598825 663.6939074
406.8175557 -2194.561925 663.5610952
406.8283897 -2194.561925 663.4018388
406.8392227 -2194.561925 663.1280809
406.8500557 -2194.524925 663.1280809
406.8608897 -2194.560125 663.0835392
406.8717227 -2194.523225 662.836101
406.8825557 -2194.523225 662.676698
406.8933897 -2194.486225 662.5172525
406.9042227 -2194.486225 662.5172525
406.9150557 -2194.484525 662.3580858
406.9258897 -2194.486225 662.2246935
406.9367227 -2194.447525 662.0393361
406.9475557 -2194.447525 661.7913022
406.9583897 -2194.447525 661.7913022
406.9692227 -2194.447525 661.7465695
406.9800557 -2194.447525 661.4723179
406.9908897 -2194.447525 661.3126111
407.0017227 -2194.449225 661.3126111
407.0125557 -2194.410625 661.2939419
407.0233897 -2194.410625 660.9934107
407.0342227 -2194.410625 660.8597365
407.0450557 -2194.410625 660.7263531
407.0558897 -2194.371925 660.7263531
407.0667227 -2194.371925 660.5403252
407.0775557 -2194.371925 660.2918762
407.0883897 -2194.371925 660.2466064
407.0992227 -2194.371925 660.1130861
407.1100557 -2194.334925 660.1130861
407.1208897 -2194.334925 659.8383489
407.1317227 -2194.298025 659.6782838
407.1425557 -2194.298025 659.5181761
407.1533897 -2194.298025 659.3583475
407.1642227 -2194.298025 659.3583475
407.1750557 -2194.298025 659.2243423
407.1858897 -2194.261025 659.0641288
407.1967227 -2194.261025 658.8149511
407.2075557 -2194.261025 658.7435999
407.2183897 -2194.259325 658.7435999
407.2292227 -2194.259325 658.5835933
407.2400557 -2194.259325 658.4494172
407.2508897 -2194.259325 658.1738813
407.2617227 -2194.183725 658.1286041
407.2725557 -2194.222425 658.1286041
407.2833897 -2194.220725 657.8791554
407.2942227 -2194.183725 657.7189676
407.3050557 -2194.183725 657.5584215
407.3158897 -2194.183725 657.2829432
407.3267227 -2194.183725 657.2829432
407.3375557 -2194.183725 657.2372269
407.3483897 -2194.145125 657.0768877
407.3592227 -2194.183725 656.9161965
407.3700557 -2194.146725 656.9161965
407.3808897 -2194.108125 656.7813695
407.3917227 -2194.145125 656.6209242
407.4025557 -2194.145125 656.4601268
407.4133897 -2194.108125 656.3252018
407.4242227 -2194.108125 656.3252018
407.4350557 -2194.106425 656.0493412
407.4458897 -2194.106425 655.8884253
407.4567227 -2194.069525 655.8428129
407.4675557 -2194.069525 655.5927201
407.4783897 -2194.106425 655.5927201
407.4892227 -2194.069525 655.5467396
407.5000557 -2194.069525 655.2706455
407.5108897 -2194.032525 655.2246166
407.5217227 -2194.069525 654.9743431
407.5325557 -2194.034225 654.9743431
407.5433897 -2194.071125 654.7872572
407.5542227 -2194.032525 654.6519825
407.5650557 -2193.995525 654.4910607
407.5758897 -2193.997225 654.3557277
407.5867227 -2193.997225 654.3557277
407.5975557 -2193.997225 654.1944194
407.6083897 -2193.995525 654.0330747
407.6192227 -2193.960225 653.8716998
407.6300557 -2193.960225 653.5951061
407.6408897 -2193.960225 653.5951061
407.6517227 -2193.960225 653.5747767
407.6625557 -2193.960225 653.2977783
407.6733897 -2193.923325 653.136558
407.6842227 -2193.923325 652.9749846
407.6950557 -2193.923325 652.9749846
407.7058897 -2193.888025 652.8390245
407.7167227 -2193.923325 652.6773808
407.7275557 -2193.888025 652.657244
407.7383897 -2193.886325 652.657244
407.7492227 -2193.888025 652.4955485
407.7600557 -2193.886325 652.2182075
407.7708897 -2193.886325 652.0564202
407.7817227 -2193.851025 651.9205791
407.7925557 -2193.849425 651.9205791
407.8033897 -2193.851025 651.7587213
407.8142227 -2193.851025 651.622492
407.8250557 -2193.851025 651.4349022
407.8358897 -2193.814125 651.2986051
407.8467227 -2193.849425 651.2986051
407.8575557 -2193.814125 651.1366034
407.8683897 -2193.814125 650.9745715
407.8792227 -2193.814125 650.8381752
407.8900557 -2193.777125 650.6760663
407.9008897 -2193.777125 650.6760663
407.9117227 -2193.777125 650.513927
407.9225557 -2193.777125 650.2363121
407.9333897 -2193.777125 650.0737636
407.9442227 -2193.777125 649.9375115
407.9550557 -2193.740125 649.9375115
407.9658897 -2193.740125 649.8906787
407.9767227 -2193.740125 649.6385684
407.9875557 -2193.704925 649.5659952
407.9983897 -2193.703225 649.313475
408.0092227 -2193.703225 649.313475
408.0200557 -2193.704925 649.2668642
408.0308897 -2193.667925 648.9885517
408.0417227 -2193.667925 648.9676035
408.0525557 -2193.667925 648.6891891
408.0633897 -2193.667925 648.6891891
408.0742227 -2193.632625 648.642172
408.0850557 -2193.667925 648.389379
408.0958897 -2193.630925 648.2267171
408.1067227 -2193.630925 648.2267171
408.1175557 -2193.630925 648.0640248
408.1283897 -2193.630925 648.0172233
408.1392227 -2193.594025 647.8798761
408.1500557 -2193.595625 647.6011295
408.1608897 -2193.595625 647.6011295
408.1717227 -2193.595625 647.438286
408.1825557 -2193.594025 647.391389
408.1933897 -2193.595625 647.2281726
408.2042227 -2193.558725 647.0652307
408.2150557 -2193.558725 647.0652307
408.2258897 -2193.521725 646.9279989
408.2367227 -2193.521725 646.7649922
408.2475557 -2193.521725 646.6016243
408.2583897 -2193.521725 646.4385374
408.2692227 -2193.521725 646.4385374
408.2800557 -2193.484725 646.2754199
408.2908897 -2193.484725 646.1377016
408.3017227 -2193.484725 645.9487431
408.3125557 -2193.484725 645.8112807
408.3233897 -2193.486425 645.8112807
408.3342227 -2193.486425 645.6476934
408.3450557 -2193.449425 645.4843873
408.3558897 -2193.449425 645.3210504
408.3667227 -2193.449425 645.1831291
408.3775557 -2193.486425 645.1831291
408.3883897 -2193.412525 645.0197145
408.3992227 -2193.412525 644.9979143
408.4100557 -2193.412525 644.6020545
408.4208897 -2193.449425 644.6706117
408.4317227 -2193.377125 644.6706117
408.4425557 -2193.414125 644.3908524
408.4533897 -2193.412525 644.2527304
408.4642227 -2193.377125 644.0633025
408.4750557 -2193.377125 644.0633025
408.4858897 -2193.377125 643.9251179
408.4967227 -2193.375525 643.761412
408.5075557 -2193.377125 643.5976691
408.5183897 -2193.340225 643.4590653
408.5292227 -2193.340225 643.4590653
408.5400557 -2193.340225 643.2952508
408.5508897 -2193.340225 643.131399
408.5617227 -2193.303225 642.9926945
408.5725557 -2193.303225 642.8287711
408.5833897 -2193.303225 642.8287711
408.5942227 -2193.304925 642.7808457
408.6050557 -2193.303225 642.5005003
408.6158897 -2193.267925 642.4783516
408.6267227 -2193.267925 642.3139756
408.6375557 -2193.267925 642.3139756
408.6483897 -2193.267925 642.0334841
408.6592227 -2193.267925 641.8945369
408.6700557 -2193.267925 641.7048398
408.6808897 -2193.230925 641.5661489
408.6917227 -2193.229325 641.5661489
408.7025557 -2193.230925 641.5180298
408.7133897 -2193.229325 641.2624939
408.7242227 -2193.192325 641.0981753
408.7350557 -2193.192325 641.0499841
408.7458897 -2193.192325 641.0499841
408.7567227 -2193.155325 640.7690942
408.7675557 -2193.157025 640.6298819
408.7783897 -2193.157025 640.5819379
408.7892227 -2193.155325 640.5819379
408.8000557 -2193.155325 640.3005821
408.8108897 -2193.118425 640.1612686
408.8217227 -2193.118425 640.1132524
408.8325557 -2193.155325 639.8317499
408.8433897 -2193.118425 639.8317499
408.8542227 -2193.118425 639.7836902
408.8650557 -2193.120025 639.5020879
408.8758897 -2193.118425 639.3625973
408.8867227 -2193.081425 639.3144653
408.8975557 -2193.081425 639.3144653
408.9083897 -2193.081425 639.1493555
408.9192227 -2193.081425 639.0097758
408.9300557 -2193.044425 638.8446
408.9408897 -2193.044425 638.6797001
408.9517227 -2193.044425 638.6797001
408.9625557 -2193.042825 638.5396991
408.9733897 -2193.042825 638.3747333
408.9842227 -2193.007525 638.2094039
408.9950557 -2193.007525 637.9528944
409.0058897 -2193.007525 637.9528944
409.0167227 -2192.970525 637.7874865
409.0275557 -2193.007525 637.739106
409.0383897 -2192.968825 637.5736291
409.0492227 -2192.968825 637.4337158
409.0600557 -2192.968825 637.4337158
409.0708897 -2192.968825 637.2681665
409.0817227 -2192.968825 637.1025796
409.0925557 -2192.968825 636.9372813
409.1033897 -2192.931925 636.8884454
409.1142227 -2192.894925 636.8884454
409.1250557 -2192.931925 636.6312078
409.1358897 -2192.894925 636.5823305
409.1467227 -2192.930225 636.4168908
409.1575557 -2192.893325 636.4168908
409.1683897 -2192.894925 636.2763898
409.1792227 -2192.893325 635.9939952
409.1900557 -2192.856325 635.9450136
409.2008897 -2192.893325 635.7791058
409.2117227 -2192.856325 635.7791058
409.2225557 -2192.819325 635.6384738
409.2333897 -2192.856325 635.355875
409.2442227 -2192.817725 635.3067953
409.2550557 -2192.819325 635.2830245
409.2658897 -2192.817725 635.2830245
409.2767227 -2192.854725 635.116946
409.2875557 -2192.817725 634.8338411
409.2983897 -2192.817725 634.6930044
409.3092227 -2192.780725 634.6438162
409.3200557 -2192.779125 634.6438162
409.3308897 -2192.779125 634.4775893
409.3417227 -2192.779125 634.194613
409.3525557 -2192.742125 634.1453491
409.3633897 -2192.742125 634.0043458
409.3742227 -2192.705225 634.0043458
409.3850557 -2192.742125 633.7209006
409.3958897 -2192.703525 633.6715635
409.4067227 -2192.703525 633.5304575
409.4175557 -2192.703525 633.3639776
409.4283897 -2192.740525 633.3639776
409.4392227 -2192.703525 633.1974535
409.4500557 -2192.666625 633.1480302
409.4608897 -2192.701925 632.7474677
409.4717227 -2192.664925 632.7230189
409.4825557 -2192.664925 632.7230189
409.4933897 -2192.628025 632.6735222
409.5042227 -2192.663325 632.3896414
409.5150557 -2192.628025 632.2482595
409.5258897 -2192.624725 632.2482595
409.5367227 -2192.624725 632.1986894
409.5475557 -2192.626325 632.0318862
409.5583897 -2192.626325 631.8900927
409.5692227 -2192.589425 631.72321
409.5800557 -2192.587725 631.72321
409.5908897 -2192.587725 631.5562957
409.6017227 -2192.550825 631.2723818
409.6125557 -2192.549225 631.2226618
409.6233897 -2192.549225 631.0807007
409.6342227 -2192.549225 631.0807007
409.6450557 -2192.512225 630.9136308
409.6558897 -2192.512225 630.7465229
409.6667227 -2192.549225 630.6044585
409.6775557 -2192.510625 630.4372772
409.6883897 -2192.512225 630.4372772
409.6992227 -2192.510625 630.2700578
409.7100557 -2192.510625 630.2201837
409.7208897 -2192.473625 630.0779868
409.7317227 -2192.472025 629.9106685
409.7425557 -2192.473625 629.9106685
409.7533897 -2192.435025 629.6259035
409.7642227 -2192.435025 629.6010179
409.7750557 -2192.435025 629.433588
409.7858897 -2192.435025 629.2661261
409.7967227 -2192.398125 629.2661261
409.8075557 -2192.398125 629.1237221
409.8183897 -2192.398125 628.9561804
409.8292227 -2192.359525 628.7882849
409.8400557 -2192.359525 628.6457772
409.8508897 -2192.357925 628.6457772
409.8617227 -2192.359525 628.5956392
409.8725557 -2192.357925 628.4279663
409.8833897 -2192.357925 628.2602491
409.8942227 -2192.320925 628.2602491
409.9050557 -2192.320925 627.9997392
409.9158897 -2192.319325 627.9495077
409.9267227 -2192.319325 627.7816785
409.9375557 -2192.317725 627.7565312
409.9483897 -2192.317725 627.7565312
409.9592227 -2192.280725 627.588647
409.9700557 -2192.243825 627.4207183
409.9808897 -2192.242225 627.2775663
409.9917227 -2192.242225 627.1095699
410.0025557 -2192.240625 627.1095699
410.0133897 -2192.240625 626.9415291
410.0242227 -2192.203625 626.7982729
410.0350557 -2192.203625 626.6301643
410.0458897 -2192.202025 626.4616888
410.0567227 -2192.202025 626.4616888
410.0675557 -2192.165125 626.3186507
410.0783897 -2192.202025 626.2678247
410.0892227 -2192.165125 626.0066781
410.1000557 -2192.163425 625.9312808
410.1108897 -2192.126525 625.9312808
410.1217227 -2192.163425 625.787799
410.1325557 -2192.124925 625.6194337
410.1433897 -2192.124925 625.3580965
410.1542227 -2192.124925 625.3074439
410.1650557 -2192.086325 625.3074439
410.1758897 -2192.123325 625.0456898
410.1867227 -2192.123325 624.9949821
410.1975557 -2192.086325 624.8264363
410.2083897 -2192.084725 624.8005499
410.2192227 -2192.084725 624.8005499
410.2300557 -2192.046225 624.6316136
410.2408897 -2192.046225 624.4629678
410.2517227 -2192.046225 624.2012638
410.2625557 -2192.046225 624.2012638
410.2733897 -2192.044625 624.1500964
410.2842227 -2192.044625 623.9813378
410.2950557 -2192.007625 623.8374108
410.3058897 -2192.006025 623.6682486
410.3167227 -2192.006025 623.6682486
410.3275557 -2191.969125 623.5242588
410.3383897 -2191.969125 623.4733031
410.3492227 -2191.967525 623.3289275
410.3600557 -2191.967525 623.1599584
410.3708897 -2191.967525 623.1599584
410.3817227 -2191.967525 623.0155137
410.3925557 -2191.967525 622.8461407
410.4033897 -2191.929025 622.8199773
410.4142227 -2191.929025 622.5325086
410.4250557 -2191.929025 622.5325086
410.4358897 -2191.929025 622.3633458
410.4467227 -2191.890425 622.2187327
410.4575557 -2191.927425 622.0740801
410.4683897 -2191.890425 621.9048068
410.4792227 -2191.888825 621.9048068
410.4900557 -2191.887225 621.7600911
410.5008897 -2191.850325 621.7085295
410.5117227 -2191.887225 621.4207091
410.5225557 -2191.887225 621.275888
410.5333897 -2191.848725 621.275888
410.5442227 -2191.811825 621.2245747
410.5550557 -2191.847125 621.0796906
410.5658897 -2191.847125 621.0529529
410.5767227 -2191.810225 620.7648961
410.5875557 -2191.810225 620.7648961
410.5983897 -2191.808625 620.7381081
410.6092227 -2191.808625 620.5681688
410.6200557 -2191.808625 620.3985085
410.6308897 -2191.770125 620.3985085
410.6417227 -2191.770125 620.1102482
410.6525557 -2191.770125 620.1079975
410.6633897 -2191.770125 619.9379021
410.6742227 -2191.731625 619.9109945
410.6850557 -2191.768525 619.9109945
410.6958897 -2191.768525 619.740843
410.7067227 -2191.731625 619.5956031
410.7175557 -2191.730025 619.4253704
410.7283897 -2191.693125 619.3737555
410.7392227 -2191.691525 619.3737555
410.7500557 -2191.728425 619.1097592
410.7608897 -2191.691525 618.9640557
410.7717227 -2191.691525 618.9123677
410.7825557 -2191.689925 618.6479055
410.7933897 -2191.689925 618.6479055
410.8042227 -2191.688325 618.4777717
410.8150557 -2191.688325 618.3319345
410.8258897 -2191.651425 618.1860576
410.8367227 -2191.614525 618.015488
410.8475557 -2191.649825 618.015488
410.8583897 -2191.649825 617.9879883
410.8692227 -2191.612925 617.8173561
410.8800557 -2191.611325 617.6713519
410.8908897 -2191.611325 617.5006506
410.9017227 -2191.574425 617.5006506
410.9125557 -2191.609725 617.3545764
410.9233897 -2191.572825 617.1837935
410.9342227 -2191.571225 617.1561731
410.9450557 -2191.572825 616.9853275
410.9558897 -2191.571225 616.9853275
410.9667227 -2191.534325 616.8391259
410.9775557 -2191.495825 616.6928967
410.9883897 -2191.532725 616.4030456
410.9992227 -2191.532725 616.4030456
411.0100557 -2191.531225 616.4942154
411.0208897 -2191.494325 616.2042821
411.0317227 -2191.492725 616.0579063
411.0425557 -2191.492725 616.0054178
411.0533897 -2191.492725 616.0054178
411.0642227 -2191.454225 615.7400329
411.0750557 -2191.491125 615.7121987
411.0858897 -2191.491125 615.4220073
411.0967227 -2191.454225 615.36975
411.1075557 -2191.415725 615.36975
411.1183897 -2191.489525 615.222851
411.1292227 -2191.451125 615.0759181
411.1400557 -2191.414125 614.9289573
411.1508897 -2191.414125 614.7575615
411.1617227 -2191.412625 614.7575615
411.1725557 -2191.412625 614.6105242
411.1833897 -2191.411025 614.463459
411.1942227 -2191.411025 614.43544
411.2050557 -2191.374125 614.2639081
411.2158897 -2191.337225 614.2639081
411.2267227 -2191.372525 613.9976393
411.2375557 -2191.371025 614.0883537
411.2483897 -2191.334125 613.7975844
411.2592227 -2191.334125 613.6503228
411.2700557 -2191.371025 613.6503228
411.2808897 -2191.332525 613.359439
411.2917227 -2191.332525 613.3065172
411.3025557 -2191.330925 613.1591483
411.3133897 -2191.294025 613.1591483
411.3242227 -2191.329425 613.0114135
411.3350557 -2191.292525 612.8395411
411.3458897 -2191.292525 612.6920674
411.3567227 -2191.292525 612.5442277
411.3675557 -2191.292525 612.5442277
411.3783897 -2191.254025 612.6348611
411.3892227 -2191.252525 612.462871
411.4000557 -2191.252525 612.2905095
411.4108897 -2191.215625 612.2618459
411.4217227 -2191.214025 612.2618459
411.4325557 -2191.212425 611.9948957
411.4433897 -2191.212425 611.8224211
411.4542227 -2191.212425 611.6743601
411.4650557 -2191.212425 611.4072532
411.4758897 -2191.210925 611.4072532
411.4867227 -2191.174025 611.2346525
411.4975557 -2191.209325 611.205843
411.5083897 -2191.172425 611.0335112
411.5192227 -2191.134025 611.0043431
411.5300557 -2191.172425 611.0043431
411.5408897 -2191.170925 610.8560843
411.5517227 -2191.170925 610.4448094
411.5625557 -2191.169325 610.4158879
411.5733897 -2191.130925 610.4574514
411.5842227 -2191.169325 610.4574514
411.5950557 -2191.130925 610.1896065
411.6058897 -2191.129325 610.2801145
411.6167227 -2191.129325 609.9876971
411.6275557 -2191.092525 609.600209
411.6383897 -2191.092525 609.600209
411.6492227 -2191.090925 609.546674
411.6600557 -2191.090925 609.4934519
411.6708897 -2191.089425 609.2249889
411.6817227 -2191.089425 609.2249889
411.6925557 -2191.050925 609.3154381
411.7033897 -2191.087825 609.0227132
411.7142227 -2191.087825 608.9932586
411.7250557 -2191.049425 608.7007577
411.7358897 -2191.047825 608.7007577
411.7467227 -2191.011025 608.6470695
411.7575557 -2191.011025 608.4025118
411.7683897 -2191.047825 608.3491021
411.7792227 -2191.011025 608.0560692
411.7900557 -2191.009425 608.0560692
411.8008897 -2191.009425 608.0264776
411.8117227 -2191.007925 607.877204
411.8225557 -2190.971025 607.7036984
411.8333897 -2191.007925 607.6740524
411.8442227 -2191.007925 607.6740524
411.8550557 -2190.969425 607.5008098
411.8658897 -2190.932625 607.3272004
411.8767227 -2190.932625 607.1777654
411.8875557 -2190.967925 607.0282897
411.8983897 -2190.931025 607.0282897
411.9092227 -2190.931025 606.8545661
411.9200557 -2190.929525 606.8247957
411.9308897 -2190.927925 606.651008
411.9417227 -2190.927925 606.5010744
411.9525557 -2190.891125 606.5010744
411.9633897 -2190.889525 606.3514394
411.9742227 -2190.926425 606.1775373
411.9850557 -2190.851125 606.0035953
411.9958897 -2190.888025 605.9494685
412.0067227 -2190.851125 605.9494685
412.0175557 -2190.851125 605.6798321
412.0283897 -2190.849625 605.6498849
412.0392227 -2190.849625 605.47548
412.0500557 -2190.849625 605.47548
412.0608897 -2190.811225 605.3255989
412.0717227 -2190.811225 605.1514382
412.0825557 -2190.811225 605.1210904
412.0933897 -2190.811225 604.9468654
412.1042227 -2190.809725 604.9468654
412.1150557 -2190.772825 604.6769001
412.1258897 -2190.771325 604.5265184
412.1367227 -2190.771325 604.3760958
412.1475557 -2190.771325 604.3216977
412.1583897 -2190.771325 604.3216977
412.1692227 -2190.769725 604.2915549
412.1800557 -2190.769725 603.9967672
412.1908897 -2190.768225 603.8462131
412.2017227 -2190.768225 603.7917312
412.2125557 -2190.729825 603.7917312
412.2233897 -2190.729825 603.6411178
412.2342227 -2190.729825 603.4665211
412.2450557 -2190.729825 603.3158413
412.2558897 -2190.693025 603.141167
412.2667227 -2190.729825 603.141167
412.2775557 -2190.691425 602.9904089
412.2883897 -2190.689925 602.8153348
412.2992227 -2190.726825 602.7846396
412.3100557 -2190.689925 602.6337871
412.3208897 -2190.688425 602.6337871
412.3317227 -2190.651525 602.458939
412.3425557 -2190.651525 602.308014
412.3533897 -2190.650025 602.1567256
412.3642227 -2190.650025 601.9817622
412.3750557 -2190.613125 601.9817622
412.3858897 -2190.650025 601.9509434
412.3967227 -2190.611625 601.6793335
412.4075557 -2190.648525 601.7447345
412.4183897 -2190.611625 601.7447345
412.4292227 -2190.610125 601.4730388
412.4400557 -2190.647025 601.3218766
412.4508897 -2190.608625 601.1463666
412.4617227 -2190.608625 600.9711389
412.4725557 -2190.571725 600.9711389
412.4833897 -2190.570225 600.939843
412.4942227 -2190.570225 600.644238
412.5050557 -2190.533425 600.6128954
412.5158897 -2190.570225 600.4611992
412.5267227 -2190.533425 600.4611992
412.5375557 -2190.531825 600.2857969
412.5483897 -2190.531825 600.2543985
412.5592227 -2190.531825 599.9582125
412.5700557 -2190.531825 599.9271023
412.5808897 -2190.493525 599.9271023
412.5917227 -2190.493525 599.7512219
412.6025557 -2190.493525 599.7197431
412.6133897 -2190.493525 599.4233673
412.6242227 -2190.493525 599.2713923
412.6350557 -2190.492025 599.2713923
412.6458897 -2190.455125 599.119382
412.6567227 -2190.453625 599.064118
412.6675557 -2190.490425 598.9120478
412.6783897 -2190.453625 598.7359078
412.6892227 -2190.490425 598.7359078
412.7000557 -2190.416825 598.5837704
412.7108897 -2190.416825 598.4312624
412.7217227 -2190.452125 598.3999189
412.7325557 -2190.415225 598.2236438
412.7433897 -2190.415225 598.2236438
412.7542227 -2190.453625 598.0710403
412.7650557 -2190.378425 597.8946807
412.7758897 -2190.415225 597.7423393
412.7867227 -2190.378425 597.7423393
412.7975557 -2190.413725 597.5659011
412.8083897 -2190.376925 597.4131509
412.8192227 -2190.376925 597.4782359
412.8300557 -2190.376925 597.3020345
412.8408897 -2190.340125 597.3020345
412.8517227 -2190.338525 597.2461222
412.8625557 -2190.338525 597.0695291
412.8733897 -2190.338525 596.6511882
412.8842227 -2190.338525 596.7162089
412.8950557 -2190.338525 596.7162089
412.9058897 -2190.301725 596.6605356
412.9167227 -2190.337025 596.483787
412.9275557 -2190.300225 596.1859296
412.9383897 -2190.337025 596.1301739
412.9492227 -2190.300225 596.1301739
412.9600557 -2190.300225 595.8322086
412.9708897 -2190.298725 595.7763919
412.9817227 -2190.298725 595.7202368
412.9925557 -2190.261925 595.422453
413.0033897 -2190.261925 595.422453
413.0142227 -2190.260425 595.4873841
413.0250557 -2190.260425 595.3103422
413.0358897 -2190.260425 595.109481
413.0467227 -2190.260425 594.956124
413.0575557 -2190.260425 594.956124
413.0683897 -2190.258825 594.6577595
413.0792227 -2190.258825 594.6017487
413.0900557 -2190.223525 594.6666199
413.1008897 -2190.222025 594.4893596
413.1117227 -2190.183725 594.4893596
413.1225557 -2190.220525 594.0698765
413.1333897 -2190.220525 594.1347045
413.1442227 -2190.183725 593.9573217
413.1550557 -2190.183725 593.9573217
413.1658897 -2190.183725 593.8036879
413.1767227 -2190.145325 593.4814459
413.1875557 -2190.146825 593.6910253
413.1983897 -2190.182225 593.513502
413.2092227 -2190.145325 593.513502
413.2200557 -2190.143825 593.3359378
413.2308897 -2190.143825 593.255889
413.2417227 -2190.143825 592.9806927
413.2525557 -2190.143825 593.1668318
413.2633897 -2190.105525 593.1668318
413.2742227 -2190.143825 592.9891497
413.2850557 -2190.107025 592.7138277
413.2958897 -2190.105525 592.4146215
413.3067227 -2190.068725 592.6007776
413.3175557 -2190.105525 592.6007776
413.3283897 -2190.068725 592.5205662
413.3392227 -2190.105525 592.1001003
413.3500557 -2190.067225 591.9456735
413.3608897 -2190.067225 591.767701
413.3717227 -2190.030425 591.767701
413.3825557 -2190.067225 591.7111924
413.3933897 -2190.028925 591.5331571
413.4042227 -2190.028925 591.3550747
413.4150557 -2190.028925 591.4197098
413.4258897 -2190.028925 591.4197098
413.4367227 -2190.028925 591.2415779
413.4475557 -2190.028925 590.9418274
413.4583897 -2189.990625 591.0064321
413.4692227 -2189.990625 590.8281901
413.4800557 -2189.990625 590.8281901
413.4908897 -2189.990625 590.5282897
413.5017227 -2189.989125 590.4715708
413.5125557 -2189.952225 590.4145119
413.5233897 -2189.989125 590.4145119
413.5342227 -2189.989125 590.2599788
413.5450557 -2189.952225 590.0576723
413.5558897 -2189.952225 589.8791967
413.5667227 -2189.913925 589.7006739
413.5775557 -2189.913925 589.7006739
413.5883897 -2189.913925 589.6673595
413.5992227 -2189.913925 589.4652286
413.6100557 -2189.913925 589.4315452
413.6208897 -2189.912425 589.1314741
413.6317227 -2189.912425 589.1314741
413.6425557 -2189.875625 589.0741931
413.6533897 -2189.912425 589.0172233
413.6642227 -2189.874125 588.8384545
413.6750557 -2189.874125 588.6596505
413.6858897 -2189.872725 588.6596505
413.6967227 -2189.874125 588.6022783
413.7075557 -2189.835825 588.423399
413.7183897 -2189.835825 588.3663221
413.7292227 -2189.835825 588.1873735
413.7400557 -2189.835825 588.1873735
413.7508897 -2189.797525 588.129916
413.7617227 -2189.834325 587.950904
413.7725557 -2189.797525 587.7718448
413.7833897 -2189.797525 587.5927442
413.7942227 -2189.796025 587.5927442
413.8050557 -2189.759225 587.4136082
413.8158897 -2189.759225 587.477955
413.8267227 -2189.796025 587.298757
413.8375557 -2189.796025 587.2411491
413.8483897 -2189.794625 587.2411491
413.8592227 -2189.757825 586.963507
413.8700557 -2189.757825 586.8825728
413.8808897 -2189.756325 586.7268302
413.8917227 -2189.720925 586.7268302
413.9025557 -2189.756325 586.547441
413.9133897 -2189.719525 586.4664282
413.9242227 -2189.719525 586.1649348
413.9350557 -2189.682625 586.2291891
413.9458897 -2189.719525 586.2291891
413.9567227 -2189.681225 585.9275934
413.9675557 -2189.681225 585.8937091
413.9783897 -2189.681225 585.690478
413.9892227 -2189.679725 585.5108227
414.0000557 -2189.681225 585.5108227
414.0108897 -2189.644425 585.5750358
414.0217227 -2189.642925 585.2731923
414.0325557 -2189.642925 585.0934258
414.0433897 -2189.642925 585.0357822
414.0542227 -2189.642925 585.0357822
414.0650557 -2189.642925 584.8559459
414.0758897 -2189.604625 584.676068
414.0867227 -2189.604625 584.5947127
414.0975557 -2189.604625 584.5602849
414.1083897 -2189.603125 584.5602849
414.1192227 -2189.566325 584.3566632
414.1300557 -2189.567825 584.176649
414.1408897 -2189.567825 584.1188398
414.1517227 -2189.566325 583.9387499
414.1625557 -2189.529525 583.9387499
414.1733897 -2189.566325 583.8572473
414.1842227 -2189.566325 583.6770849
414.1950557 -2189.528025 583.6188537
414.2058897 -2189.528025 583.6188537
414.2167227 -2189.526625 583.4386273
414.2275557 -2189.489825 583.3573529
414.2383897 -2189.489825 583.1770481
414.2492227 -2189.489825 583.0200458
414.2600557 -2189.489825 583.0200458
414.2708897 -2189.489825 582.938359
414.2817227 -2189.453025 582.8803291
414.2925557 -2189.451525 582.6998901
414.3033897 -2189.451525 582.6414835
414.3142227 -2189.450025 582.6414835
414.3250557 -2189.451525 582.4609684
414.3358897 -2189.414725 582.2570637
414.3467227 -2189.414725 582.1989166
414.3575557 -2189.450025 581.9949282
414.3683897 -2189.413225 581.9949282
414.3792227 -2189.413225 581.9364074
414.3900557 -2189.411825 581.7557051
414.4008897 -2189.411825 581.6974688
414.4117227 -2189.411825 581.4933331
414.4225557 -2189.375025 581.4933331
414.4333897 -2189.375025 581.335888
414.4442227 -2189.373525 581.27758
414.4550557 -2189.373525 581.2189291
414.4658897 -2189.336725 581.0146366
414.4767227 -2189.373525 581.0146366
414.4875557 -2189.373525 580.8336792
414.4983897 -2189.335225 580.6296352
414.5092227 -2189.335225 580.5708729
414.5200557 -2189.335225 580.5124297
414.5308897 -2189.335225 580.5124297
414.5417227 -2189.297025 580.3079425
414.5525557 -2189.297025 580.2494533
414.5633897 -2189.297025 580.1906149
414.5742227 -2189.297025 580.1906149
414.5850557 -2189.297025 579.9863529
414.5958897 -2189.295525 579.8051061
414.6067227 -2189.297025 579.7465275
414.6175557 -2189.258725 579.6876053
414.6283897 -2189.258725 579.6876053
414.6392227 -2189.258725 579.4831836
414.6500557 -2189.258725 579.401131
414.6608897 -2189.221925 579.2197155
414.6717227 -2189.183725 579.1610296
414.6825557 -2189.185125 579.1610296
414.6933897 -2189.220525 578.956117
414.7042227 -2189.183725 578.8973909
414.7150557 -2189.182225 578.6927346
414.7258897 -2189.183725 578.6336218
414.7367227 -2189.182225 578.6336218
414.7475557 -2189.182225 578.4288931
414.7583897 -2189.145425 578.24721
414.7692227 -2189.145425 578.1652558
414.7800557 -2189.180825 577.9835054
414.7908897 -2189.144025 577.9835054
414.8017227 -2189.144025 578.0471708
414.8125557 -2189.144025 577.7196703
414.8233897 -2189.105725 577.6372844
414.8342227 -2189.105725 577.6014355
414.8450557 -2189.105725 577.6014355
414.8558897 -2189.105725 577.3963898
414.8667227 -2189.105725 577.3139348
414.8775557 -2189.104325 577.1322649
414.8883897 -2189.067525 577.0732118
414.8992227 -2189.067525 577.0732118
414.9100557 -2189.104325 576.8911419
414.9208897 -2189.066125 576.6858944
414.9317227 -2189.066125 576.6267664
414.9425557 -2189.030725 576.6267664
414.9533897 -2189.064625 576.5441594
414.9642227 -2189.027825 576.4849985
414.9750557 -2189.066125 576.3030823
414.9858897 -2189.029325 576.0976523
414.9967227 -2189.027825 576.0976523
415.0075557 -2189.026425 576.0384163
415.0183897 -2188.989625 575.9556825
415.0292227 -2188.989625 575.7736252
415.0400557 -2188.989625 575.5680319
415.0508897 -2188.989625 575.5680319
415.0617227 -2188.989625 575.4855481
415.0725557 -2188.988225 575.3033724
415.0833897 -2188.951425 575.2436614
415.0942227 -2188.988225 575.1611083
415.1050557 -2188.951425 575.1611083
415.1158897 -2188.949925 574.9788301
415.1267227 -2188.986725 574.7961681
415.1375557 -2188.913125 574.8364348
415.1483897 -2188.913125 574.6540542
415.1592227 -2188.911725 574.6540542
415.1700557 -2188.911725 574.4716254
415.1808897 -2188.911725 574.3889198
415.1917227 -2188.873525 574.2060872
415.2025557 -2188.910325 574.12333
415.2133897 -2188.873525 574.12333
415.2242227 -2188.872025 573.9407536
415.2350557 -2188.835325 573.8811386
415.2458897 -2188.870625 573.6981549
415.2567227 -2188.833825 573.4922717
415.2675557 -2188.833825 573.4922717
415.2783897 -2188.832425 573.4097214
415.2892227 -2188.832425 573.349671
415.3000557 -2188.831025 573.1668757
415.3108897 -2188.831025 573.1668757
415.3217227 -2188.866325 572.9608403
415.3325557 -2188.792825 573.0241433
415.3433897 -2188.792825 572.7181387
415.3542227 -2188.791325 572.6583104
415.3650557 -2188.791325 572.6583104
415.3758897 -2188.789925 572.4521136
415.3867227 -2188.753125 572.3922327
415.3975557 -2188.753125 572.3091235
415.4083897 -2188.751725 572.1260348
415.4192227 -2188.751725 572.1260348
415.4300557 -2188.751725 571.9429036
415.4408897 -2188.750325 571.8597109
415.4517227 -2188.750325 571.8226136
415.4625557 -2188.712125 571.6164868
415.4733897 -2188.712125 571.6164868
415.4842227 -2188.712125 571.4099815
415.4950557 -2188.712125 571.3499158
415.5058897 -2188.710725 571.1436621
415.5167227 -2188.710725 571.0835553
415.5275557 -2188.710725 571.0835553
415.5383897 -2188.673925 570.8768855
415.5492227 -2188.672525 570.816726
415.5600557 -2188.672525 570.7565568
415.5708897 -2188.709225 570.5730283
415.5817227 -2188.671025 570.5730283
415.5925557 -2188.634325 570.5128089
415.6033897 -2188.634325 570.3062941
415.6142227 -2188.634325 570.1223115
415.6250557 -2188.632925 570.062016
415.6358897 -2188.596125 570.062016
415.6467227 -2188.596125 569.8783045
415.6575557 -2188.632925 569.9184541
415.6683897 -2188.594725 569.6112423
415.6792227 -2188.594725 569.6112423
415.6900557 -2188.593325 569.5508611
415.7008897 -2188.593325 569.3669975
415.7117227 -2188.593325 569.3065659
415.7225557 -2188.556525 569.2231814
415.7333897 -2188.556525 569.2231814
415.7442227 -2188.593325 568.8927664
415.7550557 -2188.555125 568.9557717
415.7658897 -2188.555125 568.7717359
415.7767227 -2188.555125 568.7111945
415.7875557 -2188.555125 568.7111945
415.7983897 -2188.516925 568.5041249
415.8092227 -2188.516925 568.4435421
415.8200557 -2188.516925 568.2593539
415.8308897 -2188.516925 568.1757571
415.8417227 -2188.516925 568.1757571
415.8525557 -2188.515525 567.9915
415.8633897 -2188.478725 567.9308194
415.8742227 -2188.478725 567.8701234
415.8850557 -2188.442025 567.5621123
415.8958897 -2188.477325 567.5621123
415.9067227 -2188.477325 567.4783815
415.9175557 -2188.440625 567.2939288
415.9283897 -2188.477325 567.2331328
415.9392227 -2188.439225 567.1496695
415.9500557 -2188.439225 567.1496695
415.9608897 -2188.439225 567.0888341
415.9717227 -2188.439225 566.9042539
415.9825557 -2188.402425 566.719625
415.9933897 -2188.439225 566.534953
416.0042227 -2188.401025 566.534953
416.0150557 -2188.401025 566.4740199
416.0258897 -2188.364225 566.4130655
416.0367227 -2188.401025 566.329432
416.0475557 -2188.327525 566.329432
416.0583897 -2188.362825 566.1446323
416.0692227 -2188.362825 566.1062834
416.0800557 -2188.362825 565.9217464
416.0908897 -2188.326125 565.8606923
416.1017227 -2188.362825 565.8606923
416.1125557 -2188.362825 565.7996169
416.1233897 -2188.326125 565.6146397
416.1342227 -2188.326125 565.4296252
416.1450557 -2188.324725 565.3684754
416.1558897 -2188.361425 565.3684754
416.1667227 -2188.324725 565.3299961
416.1775557 -2188.287925 565.1221935
416.1883897 -2188.287925 565.060983
416.1992227 -2188.251225 564.8988207
416.2100557 -2188.286525 564.8988207
416.2208897 -2188.286525 564.7135911
416.2317227 -2188.286525 564.6523086
416.2425557 -2188.249825 564.4670006
416.2533897 -2188.249825 564.4056788
416.2642227 -2188.249825 564.4056788
416.2750557 -2188.249825 564.3443356
416.2858897 -2188.211625 564.1816342
416.2967227 -2188.213025 563.9961891
416.3075557 -2188.213025 563.9347737
416.3183897 -2188.211625 563.9347737
416.3292227 -2188.211625 563.7492501
416.3400557 -2188.213025 563.6877953
416.3508897 -2188.211625 563.6266581
416.3617227 -2188.174925 563.4410322
416.3725557 -2188.211625 563.4410322
416.3833897 -2188.174925 563.3795165
416.3942227 -2188.174925 563.1938177
416.4050557 -2188.174925 563.0308072
416.4158897 -2188.174925 563.0308072
416.4267227 -2188.138125 562.9692192
416.4375557 -2188.174925 562.9303463
416.4483897 -2188.138125 562.8687236
416.4592227 -2188.138125 562.6601186
416.4700557 -2188.136725 562.6601186
416.4808897 -2188.138125 562.4969477
416.4917227 -2188.138125 562.3109919
416.5025557 -2188.100025 562.2492704
416.5133897 -2188.101425 562.1875273
416.5242227 -2188.138125 562.1875273
416.5350557 -2188.101425 562.1257685
416.5458897 -2188.100025 561.962443
416.5567227 -2188.063225 561.7763139
416.5675557 -2188.101425 561.7144826
416.5783897 -2188.101425 561.7144826
416.5892227 -2188.064625 561.6754057
416.6000557 -2188.064625 561.4891763
416.6108897 -2188.027925 561.3029035
416.6217227 -2188.064625 561.1390251
416.6325557 -2188.027925 561.1390251
416.6433897 -2188.063225 561.0770782
416.6542227 -2188.027925 561.0151154
416.6650557 -2188.026525 560.8514841
416.6758897 -2188.027925 560.6650263
416.6867227 -2188.026525 560.6650263
416.6975557 -2188.027925 560.5013097
416.7083897 -2188.026525 560.4389127
416.7192227 -2187.989725 560.3768341
416.7300557 -2187.989725 560.3768341
416.7408897 -2187.989725 560.2130246
416.7517227 -2187.989725 560.0263874
416.7625557 -2187.989725 559.8397008
416.7733897 -2187.953025 559.7999792
416.7842227 -2187.954425 559.7999792
416.7950557 -2187.953025 559.7377904
416.8058897 -2187.953025 559.5734678
416.8167227 -2187.953025 559.5112301
416.8275557 -2187.916225 559.4489821
416.8383897 -2187.953025 559.4489821
416.8492227 -2187.953025 559.4095252
416.8600557 -2187.916225 559.3472422
416.8708897 -2187.916225 559.2846085
416.8817227 -2187.916225 559.1204538
416.8925557 -2187.917625 559.1204538
416.9033897 -2187.917625 559.0805939
416.9142227 -2187.917625 559.0182441
416.9250557 -2187.880825 558.9558725
416.9358897 -2187.879525 558.9159748
416.9467227 -2187.880825 558.9159748
416.9575557 -2187.844125 558.8535796
416.9683897 -2187.880825 558.7911627
416.9792227 -2187.879525 558.7287299
416.9900557 -2187.880825 558.6659459
417.0008897 -2187.842725 558.6659459
417.0117227 -2187.844125 558.6263243
417.0225557 -2187.807325 558.4387058
417.0333897 -2187.807325 558.3762034
417.0442227 -2187.807325 558.2113619
417.0550557 -2187.844125 558.2113619
417.0658897 -2187.807325 558.2736513
417.0767227 -2187.807325 557.9613935
417.0875557 -2187.807325 557.8984548
417.0983897 -2187.807325 557.8984548
417.1092227 -2187.770625 557.7109584
417.1200557 -2187.770625 557.5459462
417.1308897 -2187.770625 557.4832752
417.1417227 -2187.770625 557.4202469
417.1525557 -2187.770625 557.4202469
417.1633897 -2187.770625 557.2551409
417.1742227 -2187.770625 557.0449253
417.1850557 -2187.733825 557.0046972
417.1958897 -2187.733825 556.9415849
417.2067227 -2187.733825 556.9415849
417.2175557 -2187.733825 556.7537977
417.2283897 -2187.735225 556.690975
417.2392227 -2187.697125 556.525323
417.2500557 -2187.698525 556.3374204
417.2608897 -2187.735225 556.3374204
417.2717227 -2187.735225 556.274524
417.2825557 -2187.698525 556.0862113
417.2933897 -2187.698525 555.8981904
417.3042227 -2187.661725 555.8352178
417.3150557 -2187.660325 555.8352178
417.3258897 -2187.661725 555.794453
417.3367227 -2187.661725 555.6063305
417.3475557 -2187.661725 555.4178219
417.3583897 -2187.661725 555.354765
417.3692227 -2187.625025 555.354765
417.3800557 -2187.663125 555.3142564
417.3908897 -2187.625025 555.1034152
417.4017227 -2187.626325 554.9147637
417.4125557 -2187.626325 554.8741862
417.4233897 -2187.626325 554.8741862
417.4342227 -2187.589625 554.7884371
417.4450557 -2187.626325 554.4970317
417.4558897 -2187.589625 554.4334602
417.4667227 -2187.589625 554.4334602
417.4775557 -2187.589625 554.3702148
417.4883897 -2187.589625 554.1816847
417.4992227 -2187.589625 554.1406436
417.5100557 -2187.591025 553.9520359
417.5208897 -2187.554225 553.9520359
417.5317227 -2187.591025 553.8883635
417.5425557 -2187.554225 553.8250115
417.5533897 -2187.554225 553.5106124
417.5642227 -2187.554225 553.4472056
417.5750557 -2187.517525 553.4472056
417.5858897 -2187.517525 553.3837769
417.5967227 -2187.517525 553.1946031
417.6075557 -2187.517525 553.1537467
417.6183897 -2187.517525 552.9645007
417.6292227 -2187.480725 552.9645007
417.6400557 -2187.517525 552.9009815
417.6508897 -2187.517525 552.7116665
417.6617227 -2187.482125 552.5226441
417.6725557 -2187.482125 552.4587052
417.6833897 -2187.482125 552.4587052
417.6942227 -2187.445325 552.2918993
417.7050557 -2187.482125 552.228259
417.7158897 -2187.445325 552.0387468
417.7267227 -2187.445325 551.8495388
417.7375557 -2187.445325 551.8495388
417.7483897 -2187.445325 551.7858215
417.7592227 -2187.445325 551.5961899
417.7700557 -2187.446725 551.5547321
417.7808897 -2187.446725 551.3427251
417.7917227 -2187.446725 551.3427251
417.8025557 -2187.445325 551.2789144
417.8133897 -2187.446725 551.1114466
417.8242227 -2187.411325 551.0475916
417.8350557 -2187.446725 551.0475916
417.8458897 -2187.409925 550.8580809
417.8567227 -2187.373225 550.6681881
417.8675557 -2187.373225 550.6042559
417.8783897 -2187.409925 550.5626278
417.8892227 -2187.411325 550.5626278
417.9000557 -2187.374625 550.3503089
417.9108897 -2187.374625 550.1825857
417.9217227 -2187.373225 550.2442862
417.9325557 -2187.374625 549.9284466
417.9433897 -2187.374625 549.9284466
417.9542227 -2187.411325 549.9901284
417.9650557 -2187.337825 549.6741797
417.9758897 -2187.337825 549.6324062
417.9867227 -2187.337825 549.4484586
417.9975557 -2187.337825 550.0892061
418.0083897 -2187.337825 549.2695514
418.0192227 -2187.301025 549.0791881
418.0300557 -2187.337825 549.0791881
418.0408897 -2187.339225 549.0149703
418.0517227 -2187.339225 548.9507304
418.0625557 -2187.302425 548.7602612
418.0733897 -2187.302425 548.5921091
418.0842227 -2187.339225 548.5921091
418.0950557 -2187.265625 548.6536914
418.1058897 -2187.302425 548.4631186
418.1167227 -2187.302425 548.3987764
418.1275557 -2187.265625 548.2081281
418.1383897 -2187.265625 548.2081281
418.1492227 -2187.265625 548.040148
418.1600557 -2187.265625 547.9753864
418.1708897 -2187.265625 547.7846203
418.1817227 -2187.265625 547.72015
418.1925557 -2187.265625 547.72015
418.2033897 -2187.265625 547.529314
418.2142227 -2187.265625 547.4647965
418.2250557 -2187.267025 547.2738793
418.2358897 -2187.192125 547.2317067
418.2467227 -2187.230325 547.2317067
418.2575557 -2187.230325 547.1667835
418.2683897 -2187.193525 546.9761069
418.2792227 -2187.193525 546.9111421
418.2900557 -2187.193525 546.6979933
418.3008897 -2187.193525 546.6979933
418.3117227 -2187.193525 546.5068491
418.3225557 -2187.156725 546.4642052
418.3333897 -2187.193525 546.2733324
418.3442227 -2187.193525 546.2082363
418.3550557 -2187.193525 546.2082363
418.3658897 -2187.194925 546.0172935
418.3767227 -2187.120025 545.95215
418.3875557 -2187.158125 545.8873346
418.3983897 -2187.121325 545.8873346
418.4092227 -2187.121325 545.6959404
418.4200557 -2187.158125 545.5048404
418.4308897 -2187.158125 545.4396019
418.4417227 -2187.158125 545.2260074
418.4525557 -2187.121325 545.2260074
418.4633897 -2187.158125 545.1610639
418.4742227 -2187.121325 545.0957587
418.4850557 -2187.121325 544.9044793
418.4958897 -2187.121325 544.8391265
418.5067227 -2187.084625 544.8391265
418.5175557 -2187.085925 544.7741023
418.5283897 -2187.084625 544.5823708
418.5392227 -2187.085925 544.3909338
418.5500557 -2187.085925 544.3254858
418.5608897 -2187.085925 544.3254858
418.5717227 -2187.085925 544.1339784
418.5825557 -2187.049225 544.0684828
418.5933897 -2187.049225 543.8768937
418.6042227 -2187.049225 543.811356
418.6150557 -2187.049225 543.811356
418.6258897 -2187.049225 543.6196909
418.6367227 -2187.012425 543.5540998
418.6475557 -2187.012425 543.4888432
418.6583897 -2187.012425 543.2967253
418.6692227 -2187.049225 543.2967253
418.6800557 -2187.012425 543.2314154
418.6908897 -2187.012425 543.1657487
418.7017227 -2187.012425 542.9738692
418.7125557 -2187.012425 542.7815988
418.7233897 -2187.012425 542.7815988
418.7342227 -2187.012425 542.716199
418.7450557 -2186.975625 542.650431
418.7558897 -2186.975625 542.458399
418.7667227 -2186.975625 542.458399
418.7775557 -2186.938925 542.3925888
418.7883897 -2186.975625 542.2004805
418.7992227 -2186.938925 542.1346167
418.8100557 -2186.938925 541.9424376
418.8208897 -2186.938925 541.9424376
418.8317227 -2186.938925 541.8986749
418.8425557 -2186.902125 541.7060702
418.8533897 -2186.902125 541.6404648
418.8642227 -2186.902125 541.4477835
418.8750557 -2186.902125 541.4477835
418.8858897 -2186.938925 541.2554029
418.8967227 -2186.902125 541.3164545
418.9075557 -2186.902125 541.1236654
418.9183897 -2186.900825 540.9529974
418.9292227 -2186.902125 540.9529974
418.9400557 -2186.865325 540.8869043
418.9508897 -2186.865325 540.6721705
418.9617227 -2186.865325 540.6281952
418.9725557 -2186.865325 540.4355619
418.9833897 -2186.865325 540.4355619
418.9942227 -2186.865325 540.3475345
419.0050557 -2186.828625 540.1544699
419.0158897 -2186.828625 540.0885766
419.0267227 -2186.865325 539.8954352
419.0375557 -2186.866725 539.8954352
419.0483897 -2186.828625 539.8294882
419.0592227 -2186.828625 539.6362755
419.0700557 -2186.828625 539.6972024
419.0808897 -2186.791825 539.5261181
419.0917227 -2186.828625 539.5261181
419.1025557 -2186.793225 539.3106007
419.1133897 -2186.791825 539.2445405
419.1242227 -2186.791825 539.0511371
419.1350557 -2186.791825 539.0511371
419.1458897 -2186.791825 538.9850343
419.1567227 -2186.755125 538.791554
419.1675557 -2186.756425 538.5980279
419.1783897 -2186.755125 538.7862661
419.1892227 -2186.718325 538.7862661
419.2000557 -2186.755125 538.5708223
419.2108897 -2186.755125 538.2501343
419.2217227 -2186.756425 538.3328384
419.2325557 -2186.755125 538.1391413
419.2433897 -2186.718325 538.1391413
419.2542227 -2186.719625 537.923519
419.2650557 -2186.719625 537.8572036
419.2758897 -2186.719625 537.81275
419.2867227 -2186.718325 537.6188985
419.2975557 -2186.718325 537.6188985
419.3083897 -2186.718325 537.530631
419.3192227 -2186.719625 537.3366998
419.3300557 -2186.682925 537.2702651
419.3408897 -2186.682925 537.1815747
419.3517227 -2186.682925 537.1815747
419.3625557 -2186.682925 537.1370026
419.3733897 -2186.682925 536.9210296
419.3842227 -2186.646125 536.8545155
419.3950557 -2186.682925 536.6603644
419.4058897 -2186.646125 536.6603644
419.4167227 -2186.646125 536.5718871
419.4275557 -2186.646125 536.505305
419.4383897 -2186.646125 536.3110424
419.4492227 -2186.609325 536.2224897
419.4600557 -2186.609325 536.2224897
419.4708897 -2186.609325 536.1774105
419.4817227 -2186.609325 535.9614655
419.4925557 -2186.609325 535.8944131
419.5033897 -2186.609325 535.8944131
419.5142227 -2186.609325 535.7003152
419.5250557 -2186.609325 535.6116334
419.5358897 -2186.572625 535.5445127
419.5467227 -2186.609325 535.3503033
419.5575557 -2186.572625 535.3503033
419.5683897 -2186.572625 535.2615457
419.5792227 -2186.572625 535.1943567
419.5900557 -2186.572625 535.0000358
419.6008897 -2186.535825 534.9112025
419.6117227 -2186.535825 534.9112025
419.6225557 -2186.535825 534.8442933
419.6333897 -2186.535825 534.6495124
419.6442227 -2186.535825 534.5606033
419.6550557 -2186.535825 534.366085
419.6658897 -2186.535825 534.366085
419.6767227 -2186.499125 534.298733
419.6875557 -2186.499125 534.2317067
419.6983897 -2186.535825 534.1646632
419.7092227 -2186.499125 533.969661
419.7200557 -2186.499125 533.969661
419.7308897 -2186.499125 533.9025687
419.7417227 -2186.462325 533.6858631
419.7525557 -2186.499125 533.618725
419.7633897 -2186.462325 533.5512154
419.7742227 -2186.462325 533.5512154
419.7850557 -2186.462325 533.4624101
419.7958897 -2186.462325 533.2671837
419.8067227 -2186.425525 533.1999543
419.8175557 -2186.462325 533.110724
419.8283897 -2186.463625 533.110724
419.8392227 -2186.426925 532.9157344
419.8500557 -2186.462325 532.8484364
419.8608897 -2186.425525 532.780772
419.8717227 -2186.426925 532.780772
419.8825557 -2186.426925 532.5640282
419.8933897 -2186.426925 532.4963123
419.9042227 -2186.426925 532.4289283
419.9150557 -2186.426925 532.2337167
419.9258897 -2186.390125 532.2337167
419.9367227 -2186.390125 532.1662837
419.9475557 -2186.390125 531.9706392
419.9583897 -2186.353325 532.0310219
419.9692227 -2186.390125 531.6857783
419.9800557 -2186.390125 531.6857783
419.9908897 -2186.353325 531.5965804
420.0017227 -2186.390125 531.5290325
420.0125557 -2186.353325 531.4394431
420.0233897 -2186.353325 531.3718525
420.0342227 -2186.353325 531.3718525
420.0450557 -2186.354725 531.1763037
420.0558897 -2186.316625 531.0866379
420.0667227 -2186.353325 531.0189783
420.0775557 -2186.317925 530.8016355
420.0883897 -2186.317925 530.8016355
420.0992227 -2186.317925 530.7122404
420.1100557 -2186.316625 530.6661957
420.1208897 -2186.317925 530.4483831
420.1317227 -2186.279825 530.3806027
420.1425557 -2186.281125 530.3806027
420.1533897 -2186.281125 530.1847422
420.1642227 -2186.281125 530.095222
420.1750557 -2186.281125 530.0273726
420.1858897 -2186.281125 529.9378046
420.1967227 -2186.281125 529.9378046
420.2075557 -2186.245725 529.7414525
420.2183897 -2186.244425 529.8016693
420.2292227 -2186.244425 529.5838892
420.2400557 -2186.244425 529.5838892
420.2508897 -2186.245725 529.5159388
420.2617227 -2186.207625 529.3197862
420.2725557 -2186.245725 529.2517808
420.2833897 -2186.207625 529.1620453
420.2942227 -2186.207625 529.1620453
420.3050557 -2186.208925 529.0940026
420.3158897 -2186.208925 529.0259425
420.3267227 -2186.170825 528.8078926
420.3375557 -2186.172225 528.7397805
420.3483897 -2186.208925 528.7397805
420.3592227 -2186.208925 528.671651
420.3700557 -2186.170825 528.4748632
420.3808897 -2186.172225 528.2569885
420.3917227 -2186.172225 528.1887749
420.4025557 -2186.172225 528.1887749
420.4133897 -2186.172225 528.0988089
420.4242227 -2186.135425 528.0305579
420.4350557 -2186.135425 527.9622894
420.4458897 -2186.135425 527.7656254
420.4567227 -2186.100025 527.7656254
420.4675557 -2186.136725 527.6755568
420.4783897 -2186.098625 527.7356316
420.4892227 -2186.100025 527.5388688
420.5000557 -2186.061925 527.3202957
420.5108897 -2186.098625 527.3202957
420.5217227 -2186.100025 527.251888
420.5325557 -2186.061925 527.054997
420.5433897 -2186.063225 527.0936112
420.5542227 -2186.063225 527.0936112
420.5650557 -2186.063225 526.8966479
420.5758897 -2186.063225 526.8063881
420.5867227 -2186.063225 526.6311161
420.5975557 -2185.989625 526.5407961
420.6083897 -2186.026425 526.5407961
420.6192227 -2186.026425 526.4722369
420.6300557 -2186.026425 526.2536519
420.6408897 -2186.026425 526.1850349
420.6517227 -2185.991025 526.0946206
420.6625557 -2185.989625 526.0946206
420.6733897 -2185.989625 526.025966
420.6842227 -2185.954225 525.9572937
420.6950557 -2185.989625 525.7603138
420.7058897 -2185.952925 525.6697966
420.7167227 -2185.954225 525.6697966
420.7275557 -2185.991025 525.6010544
420.7383897 -2185.952925 525.5108517
420.7492227 -2185.917425 525.4420718
420.7600557 -2185.954225 525.2445538
420.7708897 -2185.954225 525.2445538
420.7817227 -2185.954225 525.1542737
420.7925557 -2185.917425 524.956674
420.8033897 -2185.954225 524.866331
420.8142227 -2185.917425 524.7974342
420.8250557 -2185.917425 524.7974342
420.8358897 -2185.880725 524.7285142
420.8467227 -2185.882025 524.5092998
420.8575557 -2185.880725 524.3115095
420.8683897 -2185.882025 524.3498696
420.8792227 -2185.880725 524.3498696
420.8900557 -2185.845225 524.2808593
420.9008897 -2185.845225 524.0833215
420.9117227 -2185.845225 523.9927808
420.9225557 -2185.845225 523.9927808
420.9333897 -2185.882025 523.9022174
420.9442227 -2185.845225 523.7042107
420.9550557 -2185.809825 523.6350776
420.9658897 -2185.809825 523.5659267
420.9767227 -2185.809825 523.5659267
420.9875557 -2185.809825 523.3463153
420.9983897 -2185.809825 523.3845871
421.0092227 -2185.809825 523.2082429
421.0200557 -2185.773025 523.1175095
421.0308897 -2185.773025 523.1175095
421.0417227 -2185.774325 522.9407381
421.0525557 -2185.774325 522.9574685
421.0633897 -2185.774325 522.7594853
421.0742227 -2185.774325 522.6901557
421.0850557 -2185.774325 522.6901557
421.0958897 -2185.737525 522.6208082
421.1067227 -2185.737525 522.4223602
421.1175557 -2185.738925 522.331798
421.1283897 -2185.738925 522.26238
421.1392227 -2185.738925 522.26238
421.1500557 -2185.738925 522.1929498
421.1608897 -2185.738925 521.9947017
421.1717227 -2185.700825 521.9252155
421.1825557 -2185.738925 521.7265402
421.1933897 -2185.703425 521.7265402
421.2042227 -2185.703425 521.7861953
421.2150557 -2185.703425 521.5878023
421.2258897 -2185.703425 521.4966988
421.2367227 -2185.666625 521.4271063
421.2475557 -2185.666625 521.4271063
421.2583897 -2185.666625 521.2070565
421.2692227 -2185.666625 521.1374166
421.2800557 -2185.666625 521.0465598
421.2908897 -2185.629825 521.0465598
421.3017227 -2185.667925 520.9553271
421.3125557 -2185.667925 520.885982
421.3233897 -2185.667925 520.6869354
421.3342227 -2185.631225 520.5959778
421.3450557 -2185.594425 520.5959778
421.3558897 -2185.594425 520.5262085
421.3667227 -2185.594425 520.4352078
421.3775557 -2185.594425 520.3653948
421.3883897 -2185.631225 520.1449577
421.3992227 -2185.595725 520.1449577
421.4100557 -2185.558925 519.9460316
421.4208897 -2185.595725 519.8545615
421.4317227 -2185.597025 519.8062217
421.4425557 -2185.597025 519.7150644
421.4533897 -2185.558925 519.7150644
421.4642227 -2185.560225 519.6451094
421.4750557 -2185.560225 519.5754957
421.4858897 -2185.524825 519.3547723
421.4967227 -2185.597025 519.3059786
421.5075557 -2185.560225 519.3059786
421.5183897 -2185.524825 519.2147076
421.5292227 -2185.524825 519.1449995
421.5400557 -2185.524825 518.9453576
421.5508897 -2185.524825 518.8756043
421.5617227 -2185.488025 518.8756043
421.5725557 -2185.524825 518.6758819
421.5833897 -2185.489325 518.5844713
421.5942227 -2185.489325 518.5358963
421.6050557 -2185.489325 518.4444448
421.6158897 -2185.489325 518.4444448
421.6267227 -2185.452525 518.3742248
421.6375557 -2185.452525 518.1746805
421.6483897 -2185.453825 518.1044096
421.6592227 -2185.453825 518.1044096
421.6700557 -2185.453825 518.012859
421.6808897 -2185.453825 517.8131989
421.6917227 -2185.455225 517.872582
421.7025557 -2185.417125 517.8022364
421.7133897 -2185.453825 517.8022364
421.7242227 -2185.418425 517.6024777
421.7350557 -2185.418425 517.5108075
421.7458897 -2185.418425 517.4620213
421.7567227 -2185.381625 517.2405157
421.7675557 -2185.419725 517.2405157
421.7783897 -2185.419725 517.2785813
421.7892227 -2185.382925 517.0999163
421.8000557 -2185.382925 517.0294176
421.8108897 -2185.382925 516.8081023
421.8217227 -2185.347425 516.8081023
421.8325557 -2185.382925 516.7375446
421.8433897 -2185.347425 516.6460359
421.8542227 -2185.347425 516.5754395
421.8650557 -2185.347425 516.5048251
421.8758897 -2185.347425 516.5048251
421.8867227 -2185.348725 516.304619
421.8975557 -2185.310625 516.2130054
421.9083897 -2185.312025 516.1423192
421.9192227 -2185.312025 516.0929283
421.9300557 -2185.276525 516.0929283
421.9408897 -2185.312025 516.0012531
421.9517227 -2185.313325 515.8008591
421.9625557 -2185.276525 515.5791073
421.9733897 -2185.276525 515.6592991
421.9842227 -2185.276525 515.6592991
421.9950557 -2185.276525 515.458791
422.0058897 -2185.277825 515.496699
422.0167227 -2185.277825 515.2961224
422.0275557 -2185.241025 515.2961224
422.0383897 -2185.241025 515.2255959
422.0492227 -2185.241025 515.1333713
422.0600557 -2185.204225 514.9326779
422.0708897 -2185.241025 514.9918672
422.0817227 -2185.241025 514.9918672
422.0925557 -2185.205525 514.791113
422.1033897 -2185.205525 514.7201228
422.1142227 -2185.205525 514.6494699
422.1250557 -2185.168725 514.4272567
422.1358897 -2185.205525 514.4272567
422.1467227 -2185.205525 514.3561943
422.1575557 -2185.170025 514.2854695
422.1683897 -2185.206825 514.2143761
422.1792227 -2185.170025 514.0133521
422.1900557 -2185.206825 514.0133521
422.2008897 -2185.170025 513.9422017
422.2117227 -2185.170025 513.8500351
422.2225557 -2185.170025 513.8002077
422.2333897 -2185.134525 513.7079943
422.2442227 -2185.134525 513.7079943
422.2550557 -2185.171325 513.5067921
422.2658897 -2185.099125 513.4358892
422.2767227 -2185.135925 513.3646118
422.2875557 -2185.135925 513.1632949
422.2983897 -2185.135925 513.1632949
422.3092227 -2185.135925 513.0919659
422.3200557 -2185.099125 513.1510314
422.3308897 -2185.099125 512.7981616
422.3417227 -2185.099125 512.8572031
422.3525557 -2185.099125 512.8572031
422.3633897 -2185.062325 512.6556969
422.3742227 -2185.063625 512.5846207
422.3850557 -2185.063625 512.5131643
422.3958897 -2185.063625 512.5131643
422.4067227 -2185.063625 512.4206522
422.4175557 -2185.063625 512.3495187
422.4283897 -2185.064925 512.1478284
422.4392227 -2185.064925 512.0762811
422.4500557 -2185.026825 512.0762811
422.4608897 -2185.028125 512.0047209
422.4717227 -2185.029425 511.9124441
422.4825557 -2185.029425 511.7106029
422.4933897 -2185.029425 511.7695783
422.5042227 -2184.992625 511.7695783
422.5150557 -2184.992625 511.6768799
422.5258897 -2184.992625 511.474936
422.5367227 -2184.992625 511.4032455
422.5475557 -2184.993925 511.3108241
422.5583897 -2184.993925 511.3108241
422.5692227 -2184.993925 511.2390889
422.5800557 -2184.993925 511.0369992
422.5908897 -2184.957125 511.0748545
422.6017227 -2184.957125 510.87269
422.6125557 -2184.957125 510.87269
422.6233897 -2184.957125 510.8012262
422.6342227 -2184.958425 510.7293813
422.6450557 -2184.921625 510.5060202
422.6558897 -2184.921625 510.4344837
422.6667227 -2184.921625 510.4344837
422.6775557 -2184.884825 510.362566
422.6883897 -2184.922925 510.2909872
422.6992227 -2184.921625 510.0674702
422.7100557 -2184.921625 509.9954796
422.7208897 -2184.886125 509.9954796
422.7317227 -2184.886125 510.0332393
422.7425557 -2184.886125 509.8307076
422.7533897 -2184.886125 509.7590165
422.7642227 -2184.886125 509.7590165
422.7750557 -2184.849325 509.6873071
422.7858897 -2184.849325 509.5941215
422.7967227 -2184.850625 509.3914325
422.8075557 -2184.850625 509.2985398
422.8183897 -2184.850625 509.2985398
422.8292227 -2184.813825 509.1168842
422.8400557 -2184.813825 509.1545621
422.8508897 -2184.850625 509.0827217
422.8617227 -2184.815125 509.0105103
422.8725557 -2184.815125 509.0105103
422.8833897 -2184.815125 508.7868376
422.8942227 -2184.815125 508.7145661
422.9050557 -2184.815125 508.6215122
422.9158897 -2184.778325 508.5495592
422.9267227 -2184.778325 508.5495592
422.9375557 -2184.779625 508.4772296
422.9483897 -2184.779625 508.2533619
422.9592227 -2184.779625 508.3120993
422.9700557 -2184.742825 508.1089328
422.9808897 -2184.779625 508.1089328
422.9917227 -2184.742825 508.0157329
423.0025557 -2184.742825 507.9436487
423.0133897 -2184.742825 507.7403634
423.0242227 -2184.742825 507.6682323
423.0350557 -2184.742825 507.6682323
423.0458897 -2184.742825 507.5957187
423.0567227 -2184.707325 507.3715213
423.0675557 -2184.706025 507.4302013
423.0783897 -2184.742825 507.3579879
423.0892227 -2184.707325 507.3579879
423.1000557 -2184.707325 507.1333209
423.1108897 -2184.670425 507.0610581
423.1217227 -2184.707325 506.8574675
423.1325557 -2184.670425 506.8574675
423.1433897 -2184.707325 506.916107
423.1542227 -2184.670425 506.6916416
423.1650557 -2184.707325 506.6192813
423.1758897 -2184.670425 506.5469023
423.1867227 -2184.634925 506.5469023
423.1975557 -2184.670425 506.6055309
423.2083897 -2184.634925 506.3809126
423.2192227 -2184.671725 506.177065
423.2300557 -2184.671725 506.2356655
423.2408897 -2184.671725 506.2356655
423.2517227 -2184.634925 506.0317501
423.2625557 -2184.634925 505.9384096
423.2733897 -2184.634925 505.8655261
423.2842227 -2184.636225 505.7929776
423.2950557 -2184.636225 505.7929776
423.3058897 -2184.636225 505.5889089
423.3167227 -2184.599425 505.5163133
423.3275557 -2184.599425 505.4228496
423.3383897 -2184.599425 505.3706956
423.3492227 -2184.599425 505.3706956
423.3600557 -2184.599425 505.277195
423.3708897 -2184.636225 505.2045166
423.3817227 -2184.562625 505.0002265
423.3925557 -2184.562625 504.9275008
423.4033897 -2184.600725 504.9275008
423.4142227 -2184.599425 504.8543913
423.4250557 -2184.563925 504.7607619
423.4358897 -2184.527125 504.6671143
423.4467227 -2184.563925 504.6671143
423.4575557 -2184.528425 504.462634
423.4683897 -2184.527125 504.410657
423.4792227 -2184.490325 504.3169306
423.4900557 -2184.490325 504.2436882
423.5008897 -2184.528425 504.2436882
423.5117227 -2184.490325 504.1707867
423.5225557 -2184.490325 504.0769942
423.5333897 -2184.490325 504.0036928
423.5442227 -2184.491625 503.6679003
423.5550557 -2184.491625 503.6679003
423.5658897 -2184.454725 503.7263275
423.5767227 -2184.454725 503.6529542
423.5875557 -2184.454725 503.4484604
423.5983897 -2184.454725 503.3545075
423.6092227 -2184.454725 503.3545075
423.6200557 -2184.456025 503.2814201
423.6308897 -2184.454725 503.2079536
423.6417227 -2184.417925 502.9824115
423.6525557 -2184.419225 503.0407881
423.6633897 -2184.419225 503.0407881
423.6742227 -2184.419225 502.9676228
423.6850557 -2184.419225 502.8940837
423.6958897 -2184.382425 502.7999714
423.7067227 -2184.382425 502.5951479
423.7175557 -2184.383725 502.5951479
423.7283897 -2184.346925 502.5218948
423.7392227 -2184.383725 502.4486175
423.7500557 -2184.382425 502.3749605
423.7608897 -2184.383725 502.1699903
423.7717227 -2184.346925 502.1699903
423.7825557 -2184.346925 502.0966409
423.7933897 -2184.310125 502.0023464
423.8042227 -2184.346925 501.9289621
423.8150557 -2184.348225 501.9289621
423.8258897 -2184.310125 501.8551926
423.8367227 -2184.311425 501.6500281
423.8475557 -2184.348225 501.5556357
423.8583897 -2184.274525 501.61392
423.8692227 -2184.311425 501.61392
423.8800557 -2184.274525 501.4292301
423.8908897 -2184.274525 501.3347734
423.9017227 -2184.274525 501.2612333
423.9125557 -2184.275825 501.1670872
423.9233897 -2184.239025 501.1670872
423.9342227 -2184.239025 501.0931509
423.9450557 -2184.277125 500.9086449
423.9558897 -2184.240325 500.8140581
423.9667227 -2184.239025 500.7404106
423.9775557 -2184.240325 500.7404106
423.9883897 -2184.240325 500.513873
423.9992227 -2184.240325 500.5720852
424.0100557 -2184.203525 500.4983782
424.0208897 -2184.203525 500.2717278
424.0317227 -2184.240325 500.2717278
424.0425557 -2184.203525 500.1979596
424.0533897 -2184.204825 500.1241778
424.0642227 -2184.167925 500.0293966
424.0750557 -2184.167925 499.9761846
424.0858897 -2184.167925 499.9761846
424.0967227 -2184.167925 499.8817275
424.1075557 -2184.131125 499.6754562
424.1183897 -2184.169225 499.580933
424.1292227 -2184.132425 499.5070166
424.1400557 -2184.132425 499.5070166
424.1508897 -2184.131125 499.4330757
424.1617227 -2184.132425 499.3381237
424.1725557 -2184.132425 499.2641475
424.1833897 -2184.132425 499.2641475
424.1942227 -2184.095625 499.1901469
424.2050557 -2184.096925 498.9629766
424.2158897 -2184.096925 498.8889253
424.2267227 -2184.096925 498.7942074
424.2375557 -2184.096925 498.7942074
424.2483897 -2184.096925 498.7201101
424.2592227 -2184.060025 498.6253521
424.2700557 -2184.060025 498.5512141
424.2808897 -2184.061325 498.4560429
424.2917227 -2184.024525 498.4560429
424.3025557 -2184.061325 498.3818695
424.3133897 -2184.061325 498.2870151
424.3242227 -2184.025825 498.0805057
424.3350557 -2184.024525 498.1385624
424.3458897 -2184.024525 498.1385624
424.3567227 -2184.024525 497.9319838
424.3675557 -2184.025825 497.8576914
424.3783897 -2183.988925 497.7627166
424.3892227 -2183.988925 497.6883834
424.4000557 -2183.988925 497.6883834
424.4108897 -2184.025825 497.614031
424.4217227 -2183.988925 497.5396648
424.4325557 -2183.988925 497.3328606
424.4433897 -2183.953425 497.390864
424.4542227 -2183.952125 497.390864
424.4650557 -2183.953425 497.183633
424.4758897 -2183.916625 497.0884835
424.4867227 -2183.953425 497.0139979
424.4975557 -2183.953425 496.8070078
424.5083897 -2183.917925 496.8070078
424.5192227 -2183.916625 496.8649743
424.5300557 -2183.916625 496.7697358
424.5408897 -2183.916625 496.5626391
424.5517227 -2183.917925 496.5626391
424.5625557 -2183.917925 496.4880393
424.5733897 -2183.917925 496.4134202
424.5842227 -2183.881025 496.3184457
424.5950557 -2183.881025 496.1111868
424.6058897 -2183.881025 496.1111868
424.6167227 -2183.881025 496.036492
424.6275557 -2183.881025 496.0944131
424.6383897 -2183.845525 496.0196952
424.6492227 -2183.882325 495.8122972
424.6600557 -2183.845525 495.8122972
424.6708897 -2183.845525 495.7168112
424.6817227 -2183.845525 495.6420174
424.6925557 -2183.845525 495.5672043
424.7033897 -2183.808625 495.3389278
424.7142227 -2183.845525 495.3389278
424.7250557 -2183.809925 495.2640581
424.7358897 -2183.808625 495.1688013
424.7467227 -2183.809925 495.1142659
424.7575557 -2183.808625 494.9065533
424.7683897 -2183.809925 494.9065533
424.7792227 -2183.808625 494.9440161
424.7900557 -2183.773125 494.7566138
424.8008897 -2183.809925 494.6612328
424.8117227 -2183.773125 494.5862095
424.8225557 -2183.736225 494.5862095
424.8333897 -2183.773125 494.4904239
424.8442227 -2183.773125 494.4361102
424.8550557 -2183.773125 494.3402755
424.8658897 -2183.737525 494.2655417
424.8767227 -2183.736225 494.2655417
424.8875557 -2183.700725 494.0574944
424.8983897 -2183.700725 493.9823368
424.9092227 -2183.699425 493.907165
424.9200557 -2183.736225 493.907165
424.9308897 -2183.700725 493.8319685
424.9417227 -2183.700725 493.7567525
424.9525557 -2183.700725 493.54852
424.9633897 -2183.702025 493.4732496
424.9742227 -2183.663925 493.4732496
424.9850557 -2183.700725 493.377549
424.9958897 -2183.665125 493.3022426
425.0067227 -2183.702025 493.2269113
425.0175557 -2183.665125 493.1311427
425.0283897 -2183.665125 493.1311427
425.0392227 -2183.665125 493.0557754
425.0500557 -2183.628325 493.0008059
425.0608897 -2183.628325 492.7718447
425.0717227 -2183.629625 492.6964033
425.0825557 -2183.628325 492.6964033
425.0933897 -2183.666425 492.620937
425.1042227 -2183.629625 492.5454512
425.1150557 -2183.666425 492.4699512
425.1258897 -2183.629625 492.2407845
425.1367227 -2183.629625 492.2407845
425.1475557 -2183.592725 492.1652221
425.1583897 -2183.592725 492.0896454
425.1692227 -2183.592725 492.1472957
425.1800557 -2183.592725 491.9179763
425.1908897 -2183.594025 491.9179763
425.2017227 -2183.592725 491.8423386
425.2125557 -2183.592725 491.6337425
425.2233897 -2183.557225 491.5580447
425.2342227 -2183.555925 491.4618766
425.2450557 -2183.555925 491.4618766
425.2558897 -2183.555925 491.4065957
425.2667227 -2183.555925 491.3103782
425.2775557 -2183.519125 491.2346049
425.2883897 -2183.520325 491.2346049
425.2992227 -2183.519125 491.0254143
425.3100557 -2183.519125 491.0625208
425.3208897 -2183.519125 490.9866862
425.3317227 -2183.517825 490.777753
425.3425557 -2183.516525 490.777753
425.3533897 -2183.516525 490.6813829
425.3642227 -2183.515225 490.6054714
425.3750557 -2183.479725 490.529535
425.3858897 -2183.479725 490.4535789
425.3967227 -2183.441625 490.4535789
425.4075557 -2183.478425 490.3776084
425.4183897 -2183.441625 490.2814914
425.4292227 -2183.442825 490.0924147
425.4400557 -2183.442825 490.0163695
425.4508897 -2183.441625 490.0163695
425.4617227 -2183.442825 489.9198048
425.4725557 -2183.404725 489.9978055
425.4833897 -2183.404725 489.6343603
425.4942227 -2183.406025 489.558213
425.5050557 -2183.404725 489.558213
425.5158897 -2183.404725 489.6156889
425.5267227 -2183.369225 489.4058644
425.5375557 -2183.406025 489.3296579
425.5483897 -2183.404725 489.2332865
425.5592227 -2183.404725 489.2332865
425.5700557 -2183.406025 489.1775572
425.5808897 -2183.406025 489.0807753
425.5917227 -2183.369225 488.8912688
425.6025557 -2183.369225 488.9281851
425.6133897 -2183.369225 488.9281851
425.6242227 -2183.332325 488.8522241
425.6350557 -2183.332325 488.6420926
425.6458897 -2183.332325 488.5657152
425.6567227 -2183.333625 488.5657152
425.6675557 -2183.332325 488.4893128
425.6783897 -2183.332325 488.3927241
425.6892227 -2183.332325 488.316285
425.7000557 -2183.296825 488.2398207
425.7108897 -2183.295525 488.2398207
425.7217227 -2183.295525 488.1431632
425.7325557 -2183.296825 488.0666622
425.7433897 -2183.296825 487.9901361
425.7542227 -2183.296825 487.9135902
425.7650557 -2183.296825 487.9135902
425.7758897 -2183.259925 487.703455
425.7867227 -2183.259925 487.6268536
425.7975557 -2183.259925 487.6636509
425.8083897 -2183.259925 487.5873956
425.8192227 -2183.259925 487.5873956
425.8300557 -2183.223125 487.3767433
425.8408897 -2183.224425 487.2798653
425.8517227 -2183.223125 487.3372014
425.8625557 -2183.223125 487.1264398
425.8733897 -2183.223125 487.1264398
425.8842227 -2183.224425 486.9159941
425.8950557 -2183.224425 486.9733021
425.9058897 -2183.224425 486.7624178
425.9167227 -2183.187525 486.5518494
425.9275557 -2183.187525 486.5518494
425.9383897 -2183.150725 486.5885503
425.9492227 -2183.188825 486.5120549
425.9600557 -2183.187525 486.3010096
425.9708897 -2183.188825 486.3010096
425.9817227 -2183.188825 486.3582747
425.9925557 -2183.151925 486.2813521
426.0033897 -2183.151925 486.2044094
426.0142227 -2183.151925 485.9733683
426.0250557 -2183.151925 485.9733683
426.0358897 -2183.153225 485.8963676
426.0467227 -2183.151925 485.819347
426.0575557 -2183.115125 485.7423116
426.0683897 -2183.116425 485.6656189
426.0792227 -2183.116425 485.6656189
426.0900557 -2183.116425 485.5885383
426.1008897 -2183.116425 485.6255235
426.1117227 -2183.079525 485.4140799
426.1225557 -2183.042725 485.337305
426.1333897 -2183.079525 485.337305
426.1442227 -2183.042725 485.2601473
426.1550557 -2183.043925 485.1627147
426.1658897 -2183.079525 485.0855093
426.1767227 -2183.080825 485.0082892
426.1875557 -2183.042725 485.0082892
426.1983897 -2183.043925 484.7767236
426.2092227 -2183.043925 484.8338873
426.2200557 -2183.043925 484.6018798
426.2308897 -2183.007125 484.524922
426.2417227 -2183.007125 484.524922
426.2525557 -2183.045225 484.4475758
426.2633897 -2183.008325 484.3499459
426.2742227 -2183.008325 484.2729257
426.2850557 -2183.008325 484.1955168
426.2958897 -2182.971525 484.1955168
426.3067227 -2182.971525 484.0978172
426.3175557 -2182.972825 484.0207345
426.3283897 -2182.972825 483.943263
426.3392227 -2182.972825 483.943263
426.3500557 -2182.972825 483.7315393
426.3608897 -2182.935925 483.6337262
426.3717227 -2182.935925 483.576464
426.3825557 -2182.935925 483.47898
426.3933897 -2182.937225 483.47898
426.4042227 -2182.937225 483.5360593
426.4150557 -2182.938425 483.3237792
426.4258897 -2182.975325 483.2465228
426.4367227 -2182.938425 483.1688721
426.4475557 -2182.938425 483.1688721
426.4583897 -2182.938425 483.0912011
426.4692227 -2182.902825 483.0138844
426.4800557 -2182.901625 482.9158661
426.4908897 -2182.902825 482.8385015
426.5017227 -2182.904125 482.8385015
426.5125557 -2182.904125 482.7607528
426.5233897 -2182.866025 482.5282208
426.5342227 -2182.866025 482.4707248
426.5450557 -2182.904125 482.3928996
426.5558897 -2182.867225 482.3928996
426.5667227 -2182.831625 482.2950969
426.5775557 -2182.868525 482.1026709
426.5883897 -2182.868525 482.0048123
426.5992227 -2182.869725 481.9272523
426.6100557 -2182.832925 481.9272523
426.6208897 -2182.869725 481.9842269
426.6317227 -2182.832925 481.7713376
426.6425557 -2182.796025 481.6937169
426.6533897 -2182.832925 481.6157063
426.6642227 -2182.834125 481.6157063
426.6750557 -2182.797325 481.5376807
426.6858897 -2182.797325 481.4396563
426.6967227 -2182.760425 481.381928
426.7075557 -2182.798525 481.381928
426.7183897 -2182.761725 481.3038415
426.7292227 -2182.798525 481.2260996
426.7400557 -2182.762925 480.9929164
426.7508897 -2182.762925 480.9351059
426.7617227 -2182.762925 480.9351059
426.7725557 -2182.762925 480.8369297
426.7833897 -2182.764225 480.7790781
426.7942227 -2182.764225 480.5457297
426.8050557 -2182.764225 480.6026097
426.8158897 -2182.764225 480.6026097
426.8267227 -2182.765425 480.5243372
426.8375557 -2182.728625 480.3112398
426.8483897 -2182.765425 480.2332811
426.8592227 -2182.766725 480.1345571
426.8700557 -2182.766725 480.1345571
426.8808897 -2182.731125 480.1914183
426.8917227 -2182.694225 480.1134122
426.9025557 -2182.731125 479.9001256
426.9133897 -2182.731125 479.8216975
426.9242227 -2182.732325 479.8216975
426.9350557 -2182.695525 479.7432437
426.9458897 -2182.732325 479.6451221
426.9567227 -2182.696725 479.5666305
426.9675557 -2182.698025 479.4881132
426.9783897 -2182.698025 479.4881132
426.9892227 -2182.698025 479.2545646
427.0000557 -2182.699225 479.3313934
427.0108897 -2182.662425 479.2327848
427.0217227 -2182.662425 479.1545544
427.0325557 -2182.700525 479.1545544
427.0433897 -2182.663625 479.0959727
427.0542227 -2182.664925 478.8622301
427.0650557 -2182.664925 478.919004
427.0758897 -2182.664925 478.919004
427.0867227 -2182.628025 478.8403261
427.0975557 -2182.629325 478.7619937
427.1083897 -2182.629325 478.6832697
427.1192227 -2182.629325 478.6049017
427.1300557 -2182.630525 478.6049017
427.1408897 -2182.630525 478.3705523
427.1517227 -2182.630525 478.4272974
427.1625557 -2182.631825 478.2133006
427.1733897 -2182.631825 478.1548857
427.1842227 -2182.594925 478.1548857
427.1950557 -2182.596225 478.0559618
427.2058897 -2182.596225 477.9774526
427.2167227 -2182.596225 477.8985462
427.2275557 -2182.560525 477.8196193
427.2383897 -2182.560525 477.8196193
427.2492227 -2182.560525 477.7209782
427.2600557 -2182.561825 477.6420078
427.2708897 -2182.524925 477.5633886
427.2817227 -2182.563125 477.4843824
427.2925557 -2182.563125 477.4843824
427.3033897 -2182.563125 477.249916
427.3142227 -2182.564325 477.3065872
427.3250557 -2182.527425 477.2278888
427.3358897 -2182.527425 477.1487927
427.3467227 -2182.528725 477.1487927
427.3575557 -2182.528725 476.9342574
427.3683897 -2182.528725 476.8353894
427.3792227 -2182.528725 476.8920359
427.3900557 -2182.528725 476.8329518
427.4008897 -2182.491825 476.8329518
427.4117227 -2182.529925 476.5981759
427.4225557 -2182.531225 476.654809
427.4333897 -2182.493125 476.4400511
427.4442227 -2182.494325 476.4400511
427.4550557 -2182.494325 476.3607769
427.4658897 -2182.494325 476.2818492
427.4767227 -2182.457425 476.2025285
427.4875557 -2182.495625 475.9678718
427.4983897 -2182.458725 475.9678718
427.5092227 -2182.458725 475.9086071
427.5200557 -2182.458725 475.9450745
427.5308897 -2182.421825 475.8857946
427.5417227 -2182.458725 475.7866202
427.5525557 -2182.458725 475.7866202
427.5633897 -2182.423125 475.5916384
427.5742227 -2182.423125 475.6280834
427.5850557 -2182.423125 475.4129024
427.5958897 -2182.423125 475.4694586
427.6067227 -2182.423125 475.4694586
427.6175557 -2182.386225 475.3903069
427.6283897 -2182.387425 475.154878
427.6392227 -2182.387425 475.0752882
427.6500557 -2182.424325 474.9960559
427.6608897 -2182.387425 474.9960559
427.6717227 -2182.387425 474.9164246
427.6825557 -2182.387425 474.8371457
427.6933897 -2182.351825 474.7574782
427.7042227 -2182.388725 474.6781578
427.7150557 -2182.388725 474.6781578
427.7258897 -2182.351825 474.5786626
427.7367227 -2182.353025 474.4989305
427.7475557 -2182.353025 474.4195456
427.7583897 -2182.351825 474.3397667
427.7692227 -2182.353025 474.3397667
427.7800557 -2182.353025 474.2401818
427.7908897 -2182.316225 474.0244238
427.8017227 -2182.353025 474.0808886
427.8125557 -2182.316225 474.0808886
427.8233897 -2182.317425 473.8852329
427.8342227 -2182.354325 473.785534
427.8450557 -2182.354325 473.7059853
427.8558897 -2182.317425 473.6260473
427.8667227 -2182.317425 473.6260473
427.8775557 -2182.317425 473.5464571
427.8883897 -2182.318725 473.5827114
427.8992227 -2182.281825 473.3666602
427.9100557 -2182.318725 473.2870051
427.9208897 -2182.281825 473.2870051
427.9317227 -2182.281825 473.0708583
427.9425557 -2182.283025 473.1272639
427.9533897 -2182.246125 473.0471724
427.9642227 -2182.246125 472.8312883
427.9750557 -2182.246125 472.8312883
427.9858897 -2182.246125 472.8876801
427.9967227 -2182.246125 472.807526
428.0075557 -2182.247425 472.7277251
428.0183897 -2182.246125 472.5113237
428.0292227 -2182.210525 472.5113237
428.0400557 -2182.210525 472.5676918
428.0508897 -2182.210525 472.3512108
428.0617227 -2182.210525 472.4075749
428.0725557 -2182.210525 472.1711772
428.0833897 -2182.210525 472.1711772
428.0942227 -2182.211725 472.2473692
428.1050557 -2182.174825 472.0108976
428.1158897 -2182.174825 471.9305365
428.1267227 -2182.174825 471.850529
428.1375557 -2182.174825 471.850529
428.1483897 -2182.174825 471.7701313
428.1592227 -2182.137925 471.6702254
428.1700557 -2182.137925 471.7265424
428.1808897 -2182.137925 471.7265424
428.1917227 -2182.137925 471.5096897
428.2025557 -2182.137925 471.5659974
428.2133897 -2182.139225 471.4858783
428.2242227 -2182.139225 471.2689137
428.2350557 -2182.140425 471.2689137
428.2458897 -2182.140425 471.1883614
428.2567227 -2182.139225 471.108163
428.2675557 -2182.140425 471.0076984
428.2783897 -2182.103525 470.9274557
428.2892227 -2182.103525 470.9274557
428.3000557 -2182.103525 470.8670723
428.3108897 -2182.103525 470.7665374
428.3217227 -2182.067925 470.6862317
428.3325557 -2182.104825 470.5856424
428.3433897 -2182.104825 470.5856424
428.3542227 -2182.067925 470.5251873
428.3650557 -2182.067925 470.4448186
428.3758897 -2182.067925 470.2075247
428.3867227 -2182.031025 470.263751
428.3975557 -2182.069125 470.263751
428.4083897 -2182.031025 470.1829414
428.4192227 -2182.032225 469.9658028
428.4300557 -2182.032225 470.0220151
428.4408897 -2181.995325 469.8044261
428.4517227 -2181.995325 469.8044261
428.4625557 -2181.995325 469.8407149
428.4733897 -2182.032225 469.6230538
428.4842227 -2181.995325 469.6792396
428.4950557 -2181.996625 469.5986556
428.5058897 -2181.996625 469.5986556
428.5167227 -2181.959725 469.5176798
428.5275557 -2181.959725 469.4370536
428.5383897 -2181.959725 469.3564063
428.5492227 -2181.959725 469.3564063
428.5600557 -2181.959725 469.2753671
428.5708897 -2181.922825 469.1946775
428.5817227 -2181.924025 469.1135908
428.5925557 -2181.924025 468.895968
428.6033897 -2181.924025 468.895968
428.6142227 -2181.887125 468.8148226
428.6250557 -2181.924025 468.8513997
428.6358897 -2181.960925 468.7901709
428.6467227 -2181.925325 468.5720165
428.6575557 -2181.925325 468.5720165
428.6683897 -2181.925325 468.3538081
428.6792227 -2181.925325 468.4099162
428.6900557 -2181.888425 468.3290198
428.7008897 -2181.888425 468.2477258
428.7117227 -2181.888425 468.2477258
428.7225557 -2181.889625 468.1472146
428.7333897 -2181.889625 468.0658757
428.7442227 -2181.889625 468.1219689
428.7550557 -2181.889625 467.903516
428.7658897 -2181.853925 467.903516
428.7767227 -2181.890825 467.8224901
428.7875557 -2181.853925 467.7414429
428.7983897 -2181.855225 467.6600029
428.8092227 -2181.890825 467.5789133
428.8200557 -2181.855225 467.5789133
428.8308897 -2181.856425 467.4974255
428.8417227 -2181.855225 467.4162985
428.8525557 -2181.856425 467.3351451
428.8633897 -2181.856425 467.3351451
428.8742227 -2181.856425 467.2535934
428.8850557 -2181.820825 467.1724026
428.8958897 -2181.783925 466.9535508
428.9067227 -2181.820825 466.9899592
428.9175557 -2181.783925 466.9899592
428.9283897 -2181.785125 466.7906475
428.9392227 -2181.748225 466.6897346
428.9500557 -2181.786325 466.7457367
428.9608897 -2181.785125 466.6640385
428.9717227 -2181.786325 466.6640385
428.9825557 -2181.748225 466.464957
428.9933897 -2181.749425 466.5013223
429.0042227 -2181.750725 466.2821706
429.0150557 -2181.750725 466.3185191
429.0258897 -2181.750725 466.3185191
429.0367227 -2181.750725 466.1189159
429.0475557 -2181.713825 466.0374504
429.0583897 -2181.713825 465.9555808
429.0692227 -2181.713825 465.8544285
429.0800557 -2181.713825 465.8544285
429.0908897 -2181.751925 465.7925378
429.1017227 -2181.715025 465.8484866
429.1125557 -2181.715025 465.6093804
429.1233897 -2181.713825 465.6653223
429.1342227 -2181.676825 465.6653223
429.1450557 -2181.713825 465.5833382
429.1558897 -2181.678125 465.5017106
429.1667227 -2181.713825 465.4200668
429.1775557 -2181.676825 465.2004144
429.1883897 -2181.678125 465.2004144
429.1992227 -2181.676825 465.118706
429.2100557 -2181.678125 465.1746185
429.2208897 -2181.678125 465.0925057
429.2317227 -2181.641225 465.0925057
429.2425557 -2181.641225 464.9910823
429.2533897 -2181.641225 464.9289771
429.2642227 -2181.641225 464.8271278
429.2750557 -2181.641225 464.7453049
429.2858897 -2181.605525 464.7453049
429.2967227 -2181.605525 464.6630874
429.3075557 -2181.605525 464.4434684
429.3183897 -2181.605525 464.3611861
429.3292227 -2181.605525 464.3973682
429.3400557 -2181.568625 464.3973682
429.3508897 -2181.605525 464.1776328
429.3617227 -2181.568625 464.2334813
429.3725557 -2181.568625 464.1511321
429.3833897 -2181.568625 464.0494416
429.3942227 -2181.568625 464.0494416
429.4050557 -2181.569825 463.8488682
429.4158897 -2181.569825 463.885383
429.4267227 -2181.532925 463.80294
429.4375557 -2181.569825 463.7208542
429.4483897 -2181.532925 463.7208542
429.4592227 -2181.496025 463.6387521
429.4700557 -2181.532925 463.5562443
429.4808897 -2181.534125 463.4740938
429.4917227 -2181.534125 463.391927
429.5025557 -2181.498425 463.391927
429.5133897 -2181.498425 463.3093543
429.5242227 -2181.535425 463.2271391
429.5350557 -2181.498425 463.1449075
429.5458897 -2181.535425 463.0622699
429.5567227 -2181.499725 463.0622699
429.5675557 -2181.462825 462.8419215
429.5783897 -2181.462825 462.8976935
429.5892227 -2181.462825 462.8149909
429.6000557 -2181.499725 462.8149909
429.6108897 -2181.500925 462.8707644
429.6217227 -2181.427125 462.6502847
429.6325557 -2181.462825 462.5678966
429.6433897 -2181.425825 462.4851073
429.6542227 -2181.462825 462.4851073
429.6650557 -2181.425825 462.4224218
429.6758897 -2181.425825 462.320228
429.6867227 -2181.387725 462.2373736
429.6975557 -2181.388925 462.1548823
429.7083897 -2181.387725 462.1548823
429.7192227 -2181.424625 462.0723642
429.7300557 -2181.387725 461.9894446
429.7408897 -2181.387725 462.0451732
429.7517227 -2181.424625 461.9626067
429.7625557 -2181.387725 461.9626067
429.7733897 -2181.386525 461.7413202
429.7842227 -2181.386525 461.7970338
429.7950557 -2181.386525 461.5562858
429.8058897 -2181.387725 461.4736134
429.8167227 -2181.350825 461.4736134
429.8275557 -2181.350825 461.3909244
429.8383897 -2181.350825 461.3078283
429.8492227 -2181.350825 461.2250906
429.8600557 -2181.350825 461.1423364
429.8708897 -2181.350825 461.1423364
429.8817227 -2181.313825 461.0789537
429.8925557 -2181.350825 460.9763719
429.9033897 -2181.350825 460.8935523
429.9142227 -2181.313825 460.8301113
429.9250557 -2181.350825 460.8301113
429.9358897 -2181.313825 460.727457
429.9467227 -2181.313825 460.644572
429.9575557 -2181.278225 460.5616601
429.9683897 -2181.313825 460.5616601
429.9792227 -2181.278225 460.6172955
429.9900557 -2181.276925 460.5339812
430.0008897 -2181.278225 460.312418
430.0117227 -2181.278225 460.229038
430.0225557 -2181.315125 460.229038
430.0333897 -2181.278225 460.1460221
430.0442227 -2181.278225 460.0629793
430.0550557 -2181.278225 459.9795336
430.0658897 -2181.279425 460.0351385
430.0767227 -2181.278225 460.0351385
430.0875557 -2181.241225 459.9520468
430.0983897 -2181.241225 459.7298323
430.1092227 -2181.242525 459.7659835
430.1200557 -2181.242525 459.5440704
430.1308897 -2181.205525 459.5440704
430.1417227 -2181.242525 459.4604908
430.1525557 -2181.206825 458.5888344
430.1633897 -2181.243725 458.5888344
430.1742227 -2181.242525 459.2003117
430.1850557 -2181.205525 459.2558592
430.1958897 -2181.205525 459.0138982
430.2067227 -2181.205525 459.0138982
430.2175557 -2181.205525 459.088889
430.2283897 -2181.205525 458.9861008
430.2392227 -2181.206825 458.9218309
430.2500557 -2181.205525 458.6800818
430.2608897 -2181.168625 458.6800818
430.2717227 -2181.168625 458.7355961
430.2825557 -2181.168625 458.5323212
430.2933897 -2181.167425 458.5683575
430.3042227 -2181.167425 458.4848935
430.3150557 -2181.168625 458.4848935
430.3258897 -2181.167425 458.4014127
430.3367227 -2181.129225 458.456918
430.3475557 -2181.166225 458.373023
430.3583897 -2181.128025 458.289493
430.3692227 -2181.091125 458.289493
430.3800557 -2181.128025 458.06649
430.3908897 -2181.089925 458.1219747
430.4017227 -2181.089925 457.8797922
430.4125557 -2181.088725 457.7961498
430.4233897 -2181.088725 457.7961498
430.4342227 -2181.051725 457.7315968
430.4450557 -2181.088725 457.7675698
430.4558897 -2181.088725 457.5447133
430.4667227 -2181.050525 457.4609827
430.4775557 -2181.050525 457.4609827
430.4883897 -2181.049325 457.3768527
430.4992227 -2181.049325 457.293078
430.5100557 -2181.048125 457.3485135
430.5208897 -2181.048125 457.2647166
430.5317227 -2181.046925 457.2647166
430.5425557 -2181.046925 457.1805099
430.5533897 -2181.045725 457.0966637
430.5642227 -2181.007525 456.9932832
430.5750557 -2181.008725 456.9932832
430.5858897 -2181.044425 456.9289101
430.5967227 -2181.007525 456.8446148
430.6075557 -2181.007525 456.8808942
430.6183897 -2181.006325 456.7965691
430.6292227 -2180.968225 456.7965691
430.6400557 -2180.968225 456.5732203
430.6508897 -2180.967025 456.488839
430.6617227 -2181.002725 456.4048134
430.6725557 -2180.965825 456.3207656
430.6833897 -2180.965825 456.3207656
430.6942227 -2180.965825 456.3956915
430.7050557 -2180.926525 456.1522255
430.7158897 -2180.964625 456.2271405
430.7267227 -2180.925225 455.9839798
430.7375557 -2180.960925 455.9839798
430.7483897 -2180.924025 455.8998211
430.7592227 -2180.922825 455.8152569
430.7700557 -2180.922825 455.8706126
430.7808897 -2180.921625 455.6468336
430.7917227 -2180.920425 455.6468336
430.8025557 -2180.882325 455.5625861
430.8133897 -2180.881125 455.6371025
430.8242227 -2180.881125 455.5332674
430.8350557 -2180.915625 455.4489701
430.8458897 -2180.878725 455.4489701
430.8567227 -2180.876325 455.3646557
430.8675557 -2180.876325 455.2799302
430.8783897 -2180.873925 455.1955661
430.8892227 -2180.835825 455.1111849
430.9000557 -2180.834625 455.1111849
430.9108897 -2180.833425 455.1664997
430.9217227 -2180.869125 454.9227664
430.9325557 -2180.831025 454.9780734
430.9433897 -2180.829825 454.9780734
430.9542227 -2180.791825 454.9128123
430.9650557 -2180.827525 454.8283315
430.9758897 -2180.826325 454.7438336
430.9867227 -2180.788225 454.5190987
430.9975557 -2180.788225 454.5190987
431.0083897 -2180.787025 454.4149407
431.0192227 -2180.785825 454.3303564
431.0300557 -2180.784625 454.3856209
431.0408897 -2180.746625 454.3010038
431.0517227 -2180.746625 454.3010038
431.0625557 -2180.744225 454.0760748
431.0733897 -2180.781125 454.1313233
431.0842227 -2180.743025 454.0466391
431.0950557 -2180.743025 453.9619377
431.1058897 -2180.705025 453.9619377
431.1167227 -2180.741825 453.8772088
431.1275557 -2180.741825 453.9324531
431.1383897 -2180.741825 453.6880718
431.1492227 -2180.706125 453.6225082
431.1600557 -2180.705025 453.6225082
431.1708897 -2180.705025 453.5376897
431.1817227 -2180.703825 453.4332296
431.1925557 -2180.703825 453.4884447
431.2033897 -2180.665725 453.2634758
431.2142227 -2180.701425 453.2634758
431.2250557 -2180.663425 453.3186853
431.2358897 -2180.699025 453.2333844
431.2467227 -2180.659825 453.148446
431.2575557 -2180.658625 452.9233241
431.2683897 -2180.658625 452.9233241
431.2792227 -2180.657525 452.978507
431.2900557 -2180.657525 452.8931161
431.3008897 -2180.620625 452.8080929
431.3117227 -2180.619425 452.8080929
431.3225557 -2180.655125 452.7037792
431.3333897 -2180.617125 452.6187037
431.3442227 -2180.617125 452.5332254
431.3550557 -2180.615925 452.4481048
431.3658897 -2180.615925 452.4481048
431.3767227 -2180.615925 452.3436894
431.3875557 -2180.614725 452.2778013
431.3983897 -2180.614725 452.1926132
431.4092227 -2180.577925 452.2477568
431.4200557 -2180.576725 452.2477568
431.4308897 -2180.613625 452.1621602
431.4417227 -2180.576725 452.0576375
431.4525557 -2180.539925 451.8512549
431.4633897 -2180.539925 451.887093
431.4742227 -2180.538725 451.887093
431.4850557 -2180.538725 451.8013986
431.4958897 -2180.538725 451.7353609
431.5067227 -2180.536425 451.6307187
431.5175557 -2180.499525 451.5453424
431.5283897 -2180.536425 451.5453424
431.5392227 -2180.499525 451.4599434
431.5500557 -2180.536425 451.354838
431.5608897 -2180.498425 451.2886968
431.5717227 -2180.498425 451.20323
431.5825557 -2180.497225 451.20323
431.5933897 -2180.497225 451.1177457
431.6042227 -2180.494925 451.1728279
431.6150557 -2180.493725 451.0873104
431.6258897 -2180.492525 450.8607606
431.6367227 -2180.454525 450.8607606
431.6475557 -2180.453425 450.7558612
431.6583897 -2180.452225 450.8302409
431.6692227 -2180.414225 450.7253138
431.6800557 -2180.449925 450.7253138
431.6908897 -2180.411925 450.6396807
431.7017227 -2180.446425 450.4129239
431.7125557 -2180.444125 450.467965
431.7233897 -2180.406125 450.3822638
431.7342227 -2180.440625 450.3822638
431.7450557 -2180.402725 450.29654
431.7558897 -2180.401525 450.2107985
431.7667227 -2180.399225 450.1246425
431.7775557 -2180.396925 450.0198943
431.7883897 -2180.396925 450.0198943
431.7992227 -2180.395825 449.7928606
431.8100557 -2180.357825 449.8478556
431.8208897 -2180.355525 449.7619931
431.8317227 -2180.353225 449.6761129
431.8425557 -2180.390025 449.6761129
431.8533897 -2180.350925 449.5902049
431.8642227 -2180.349825 449.503887
431.8750557 -2180.348625 449.4179385
431.8858897 -2180.348625 449.3319622
431.8967227 -2180.346325 449.3319622
431.9075557 -2180.345225 449.2459631
431.9183897 -2180.342925 449.1599462
431.9292227 -2180.303825 449.1955397
431.9400557 -2180.339525 449.1284711
431.9508897 -2180.300425 449.1284711
431.9617227 -2180.299325 449.0234167
431.9725557 -2180.297025 448.9373185
431.9833897 -2180.294825 448.7097337
431.9942227 -2180.293625 448.7646711
432.0050557 -2180.256825 448.7646711
432.0158897 -2180.291425 448.6785044
432.0267227 -2180.253525 448.5729291
432.0375557 -2180.252325 448.5061075
432.0483897 -2180.251225 448.5061075
432.0592227 -2180.250125 448.4198723
432.0700557 -2180.285725 448.3142213
432.0808897 -2180.247825 448.3881476
432.0917227 -2180.246725 448.1416368
432.1025557 -2180.244425 448.1416368
432.1133897 -2180.243325 448.2155516
432.1242227 -2180.205425 448.1292243
432.1350557 -2180.239925 448.0234643
432.1458897 -2180.202125 447.9370837
432.1567227 -2180.202125 447.9370837
432.1675557 -2180.200925 447.8506854
432.1783897 -2180.197625 447.764259
432.1892227 -2180.158625 447.6778098
432.2000557 -2180.158625 447.5913426
432.2108897 -2180.194225 447.5913426
432.2217227 -2180.193125 447.3630887
432.2325557 -2180.156425 447.417941
432.2433897 -2180.154125 447.331405
432.2542227 -2180.153025 447.3672257
432.2650557 -2180.151925 447.3672257
432.2758897 -2180.150825 447.1582539
432.2867227 -2180.149725 447.071649
432.2975557 -2180.110725 447.1264905
432.3083897 -2180.109625 447.0394632
432.3192227 -2180.108525 447.0394632
432.3300557 -2180.106325 446.9528067
432.3408897 -2180.105225 446.7245955
432.3517227 -2180.104125 446.7794144
432.3625557 -2180.103025 446.7794144
432.3733897 -2180.100725 446.5511276
432.3842227 -2180.100725 446.5864876
432.3950557 -2180.099625 446.5187695
432.4058897 -2180.099625 446.4129114
432.4167227 -2180.061825 446.4129114
432.4275557 -2180.061825 446.345152
432.4383897 -2180.060725 446.2392381
432.4492227 -2180.060725 446.1523719
432.4600557 -2180.057425 446.0654775
432.4708897 -2180.056325 446.0654775
432.4817227 -2180.056325 445.9781708
432.4925557 -2180.019625 445.9103128
432.5033897 -2180.017425 445.9460069
432.5142227 -2180.015225 445.7172851
432.5250557 -2180.015225 445.7172851
432.5358897 -2180.013025 445.7720503
432.5467227 -2180.010825 445.6850348
432.5575557 -2180.008625 445.5979962
432.5683897 -2179.969825 445.5105499
432.5792227 -2179.932025 445.5105499
432.5900557 -2179.967625 445.423465
432.6008897 -2179.929825 445.3363569
432.6117227 -2179.964325 445.2492308
432.6225557 -2179.963225 445.1620765
432.6333897 -2179.925425 445.1620765
432.6442227 -2179.960025 445.2168084
432.6550557 -2179.922225 444.9877033
432.6658897 -2179.956725 444.8813716
432.6767227 -2179.955625 444.8128425
432.6875557 -2179.917925 444.8128425
432.6983897 -2179.916825 444.7064647
432.7092227 -2179.952425 444.7802806
432.7200557 -2179.877925 444.6929814
432.7308897 -2179.912525 444.6929814
432.7417227 -2179.912525 444.6056641
432.7525557 -2179.911425 444.5183185
432.7633897 -2179.910325 444.4309497
432.7742227 -2179.872625 444.324436
432.7850557 -2179.872625 444.324436
432.7958897 -2179.871525 444.2366279
432.8067227 -2179.870425 444.1683184
432.8175557 -2179.869325 444.0617279
432.8283897 -2179.868325 443.9742404
432.8392227 -2179.830525 443.9742404
432.8500557 -2179.828425 444.0289013
432.8608897 -2179.827325 443.7992008
432.8717227 -2179.825225 443.7303961
432.8825557 -2179.823025 443.6428178
432.8933897 -2179.822025 443.6428178
432.9042227 -2179.820925 443.5552213
432.9150557 -2179.819825 443.4484462
432.9258897 -2179.817725 443.5222251
432.9367227 -2179.778925 443.4154212
432.9475557 -2179.814525 443.4154212
432.9583897 -2179.775825 443.3277416
432.9692227 -2179.774725 443.2588073
432.9800557 -2179.772625 443.1710884
432.9908897 -2179.771525 443.2257055
433.0017227 -2179.769425 443.2257055
433.0125557 -2179.768325 442.9764036
433.0233897 -2179.731725 442.9077814
433.0342227 -2179.730725 442.9623811
433.0450557 -2179.728525 442.7129494
433.0558897 -2179.727525 442.7129494
433.0667227 -2179.726425 442.6438728
433.0775557 -2179.725425 442.6984549
433.0883897 -2179.724325 442.4492847
433.0992227 -2179.723325 442.4492847
433.1100557 -2179.685625 442.5038579
433.1208897 -2179.683525 442.2921871
433.1317227 -2179.683525 442.4892859
433.1425557 -2179.718025 442.2587639
433.1533897 -2179.681425 442.2587639
433.1642227 -2179.680425 442.0089854
433.1750557 -2179.679325 442.0823277
433.1858897 -2179.714925 441.9942753
433.1967227 -2179.677225 442.0488224
433.2075557 -2179.639625 442.0488224
433.2183897 -2179.639625 441.8180901
433.2292227 -2179.675225 441.7299673
433.2400557 -2179.636525 441.7844969
433.2508897 -2179.636525 441.6963397
433.2617227 -2179.635425 441.6963397
433.2725557 -2179.635425 441.6077721
433.2833897 -2179.634425 441.5195679
433.2942227 -2179.633325 441.4313402
433.3050557 -2179.632325 441.343094
433.3158897 -2179.631325 441.343094
433.3267227 -2179.593625 441.1120328
433.3375557 -2179.593625 441.1472974
433.3483897 -2179.593625 441.0782044
433.3592227 -2179.592625 441.1134701
433.3700557 -2179.591625 441.1134701
433.3808897 -2179.591625 440.9010977
433.3917227 -2179.591625 440.7938697
433.4025557 -2179.552925 440.8483438
433.4133897 -2179.551925 440.7599195
433.4242227 -2179.623025 440.7599195
433.4350557 -2179.548825 440.6714767
433.4458897 -2179.548825 440.5826126
433.4567227 -2179.547725 440.4941175
433.4675557 -2179.583325 440.4941175
433.4783897 -2179.546725 440.4056039
433.4892227 -2179.546725 440.3170616
433.5000557 -2179.544725 440.2284958
433.5108897 -2179.545725 440.2640836
433.5217227 -2179.544725 440.2640836
433.5325557 -2179.507025 440.0512982
433.5433897 -2179.506025 439.9622684
433.5542227 -2179.506025 440.0166999
433.5650557 -2179.505025 439.9280335
433.5758897 -2179.505025 439.9280335
433.5867227 -2179.505025 439.8204702
433.5975557 -2179.467425 439.7506348
433.6083897 -2179.468425 439.6618974
433.6192227 -2179.467425 439.554256
433.6300557 -2179.504025 439.554256
433.6408897 -2179.504025 439.465474
433.6517227 -2179.468425 439.5198741
433.6625557 -2179.468425 439.3063225
433.6733897 -2179.431825 439.198582
433.6842227 -2179.433925 439.198582
433.6950557 -2179.432925 439.2718562
433.7058897 -2179.470525 439.1640763
433.7167227 -2179.433925 439.0751696
433.7275557 -2179.433925 438.9862342
433.7383897 -2179.432925 438.9862342
433.7492227 -2179.432925 438.8972751
433.7600557 -2179.395325 438.7893935
433.7708897 -2179.432925 438.7188967
433.7817227 -2179.396325 438.6109578
433.7925557 -2179.397325 438.6109578
433.8033897 -2179.360725 438.6842232
433.8142227 -2179.397325 438.5951629
433.8250557 -2179.397325 438.5060789
433.8358897 -2179.361725 438.5060789
433.8467227 -2179.398325 438.416976
433.8575557 -2179.360725 438.3278444
433.8683897 -2179.360725 438.2197665
433.8792227 -2179.397325 438.2930276
433.8900557 -2179.359725 438.2930276
433.9008897 -2179.359725 438.0413845
433.9117227 -2179.360725 438.0957037
433.9225557 -2179.323125 437.8625128
433.9333897 -2179.323125 437.9168198
433.9442227 -2179.360725 437.9168198
433.9550557 -2179.324125 437.8464733
433.9658897 -2179.323125 437.7382349
433.9767227 -2179.286525 437.7925417
433.9875557 -2179.287625 437.5595495
433.9983897 -2179.324125 437.5595495
434.0092227 -2179.324125 437.470176
434.0200557 -2179.287625 437.5244645
434.0308897 -2179.287625 437.4161055
434.0417227 -2179.287625 437.3266757
434.0525557 -2179.287625 437.3266757
434.0633897 -2179.286525 437.0934726
434.0742227 -2179.250025 437.1477345
434.0850557 -2179.286525 437.058233
434.0958897 -2179.286525 436.9687026
434.1067227 -2179.250025 436.9687026
434.1175557 -2179.250025 437.0039994
434.1283897 -2179.250025 436.9334087
434.1392227 -2179.250025 436.8248549
434.1500557 -2179.250025 436.7538207
434.1608897 -2179.250025 436.7538207
434.1717227 -2179.250025 436.6641933
434.1825557 -2179.213425 436.5745369
434.1933897 -2179.214425 436.6287797
434.2042227 -2179.176825 436.6287797
434.2150557 -2179.250025 436.376176
434.2258897 -2179.177825 436.2864453
434.2367227 -2179.176825 436.3596534
434.2475557 -2179.177825 436.1069169
434.2583897 -2179.214425 436.1069169
434.2692227 -2179.214425 436.1611268
434.2800557 -2179.177825 436.0903109
434.2908897 -2179.177825 436.1255384
434.3017227 -2179.177825 435.910235
434.3125557 -2179.176825 435.910235
434.3233897 -2179.176825 435.8203563
434.3342227 -2179.176825 435.8559541
434.3450557 -2179.176825 435.6405318
434.3558897 -2179.140225 435.6761077
434.3667227 -2179.140225 435.6761077
434.3775557 -2179.103625 435.5861533
434.3883897 -2179.140225 435.4957738
434.3992227 -2179.103625 435.4057662
434.4100557 -2179.139225 435.3157395
434.4208897 -2179.102625 435.3157395
434.4317227 -2179.103625 435.2256837
434.4425557 -2179.102625 435.2798495
434.4533897 -2179.102625 435.1897684
434.4642227 -2179.103625 434.9553766
434.4750557 -2179.102625 434.9553766
434.4858897 -2179.102625 434.8652243
434.4967227 -2179.102625 434.7750528
434.5075557 -2179.066025 434.8291877
434.5183897 -2179.102625 434.8833343
434.5292227 -2179.066025 434.8833343
434.5400557 -2179.066025 434.6487549
434.5508897 -2179.066025 434.5584998
434.5617227 -2179.066025 434.6126278
434.5725557 -2179.066025 434.6126278
434.5833897 -2179.066025 434.3775251
434.5942227 -2179.066025 434.4316407
434.6050557 -2179.029525 434.1968454
434.6158897 -2179.029525 434.2509535
434.6267227 -2179.028525 434.2509535
434.6375557 -2179.065025 434.1792287
434.6483897 -2179.028525 434.0701644
434.6592227 -2179.028525 433.9797386
434.6700557 -2179.027525 433.8892834
434.6808897 -2178.990925 433.8892834
434.6917227 -2178.991925 433.7988041
434.7025557 -2178.991925 433.8528928
434.7133897 -2178.990925 433.762383
434.7242227 -2178.991925 433.526828
434.7350557 -2178.954325 433.526828
434.7458897 -2178.954325 433.580898
434.7567227 -2178.954325 433.4903153
434.7675557 -2178.990925 433.5443858
434.7783897 -2178.954325 433.4537775
434.7892227 -2178.954325 433.4537775
434.8000557 -2178.917725 433.2184262
434.8108897 -2178.954325 433.272478
434.8217227 -2178.954325 433.1817967
434.8325557 -2178.917725 433.0910861
434.8433897 -2178.881125 433.0910861
434.8542227 -2178.916725 433.0003512
434.8650557 -2178.953325 432.9095969
434.8758897 -2178.916725 432.9449359
434.8867227 -2178.880125 432.8728455
434.8975557 -2178.880125 432.8728455
434.9083897 -2178.916725 432.7820362
434.9192227 -2178.880125 432.5276146
434.9300557 -2178.915725 432.5816257
434.9408897 -2178.879125 432.5816257
434.9517227 -2178.879125 432.509054
434.9625557 -2178.879125 432.5630728
434.9733897 -2178.841625 432.3272059
434.9842227 -2178.878125 432.381217
434.9950557 -2178.877125 432.381217
435.0058897 -2178.876125 432.29025
435.0167227 -2178.838625 432.1992586
435.0275557 -2178.875125 432.1082477
435.0383897 -2178.838625 432.0172074
435.0492227 -2178.838625 432.0172074
435.0600557 -2178.801025 431.9261427
435.0708897 -2178.837625 431.8350585
435.0817227 -2178.837625 431.7439448
435.0925557 -2178.837625 431.6528066
435.1033897 -2178.800025 431.6528066
435.1142227 -2178.799025 431.5612503
435.1250557 -2178.760525 431.6152113
435.1358897 -2178.796025 431.6691841
435.1467227 -2178.794125 431.4328047
435.1575557 -2178.756525 431.4328047
435.1683897 -2178.754525 431.4867648
435.1792227 -2178.790125 431.3955159
435.1900557 -2178.751625 431.1590085
435.2008897 -2178.750625 431.0676924
435.2117227 -2178.750625 431.0676924
435.2225557 -2178.750625 431.1216271
435.2333897 -2178.749625 431.1755785
435.2442227 -2178.748625 430.9389135
435.2550557 -2178.748625 430.9389135
435.2658897 -2178.712125 430.8475173
435.2767227 -2178.746625 430.7561016
435.2875557 -2178.709125 430.664257
435.2983897 -2178.708125 430.7181715
435.3092227 -2178.707125 430.7181715
435.3200557 -2178.706225 430.6267001
435.3308897 -2178.669625 430.5539761
435.3417227 -2178.669625 430.5891128
435.3525557 -2178.705225 430.3521285
435.3633897 -2178.704225 430.3521285
435.3742227 -2178.666725 430.4060293
435.3850557 -2178.666725 430.1689544
435.3958897 -2178.666725 430.2416359
435.4067227 -2178.665725 430.1312168
435.4175557 -2178.664725 430.1312168
435.4283897 -2178.664725 430.0395617
435.4392227 -2178.663825 429.947887
435.4500557 -2178.627225 429.8745806
435.4608897 -2178.627225 429.7644534
435.4717227 -2178.627225 429.7644534
435.4825557 -2178.626225 429.818326
435.4933897 -2178.626225 429.7261657
435.5042227 -2178.626225 429.6531882
435.5150557 -2178.626225 429.542576
435.5258897 -2178.589725 429.542576
435.5367227 -2178.588725 429.4507417
435.5475557 -2178.588725 429.3588826
435.5583897 -2178.587825 429.4127347
435.5692227 -2178.587825 429.3208444
435.5800557 -2178.587825 429.3208444
435.5908897 -2178.586825 429.2289294
435.6017227 -2178.551225 429.1369946
435.6125557 -2178.586825 429.04503
435.6233897 -2178.586825 429.04503
435.6342227 -2178.549325 428.9530407
435.6450557 -2178.548325 428.8794621
435.6558897 -2178.547425 428.7689928
435.6667227 -2178.510825 428.8228065
435.6775557 -2178.547425 428.8228065
435.6883897 -2178.509925 428.7303405
435.6992227 -2178.546425 428.4923316
435.7100557 -2178.509925 428.5649686
435.7208897 -2178.546425 428.4539861
435.7317227 -2178.508925 428.4539861
435.7425557 -2178.509925 428.3802633
435.7533897 -2178.472425 428.4340586
435.7642227 -2178.507925 428.1958595
435.7750557 -2178.472425 428.2496418
435.7858897 -2178.471425 428.2496418
435.7967227 -2178.471425 428.1573937
435.8075557 -2178.470525 427.919065
435.8183897 -2178.471425 427.9728277
435.8292227 -2178.470525 427.880505
435.8400557 -2178.470525 427.880505
435.8508897 -2178.470525 427.7881623
435.8617227 -2178.470525 427.6957897
435.8725557 -2178.470525 427.7495447
435.8833897 -2178.434925 427.5105733
435.8942227 -2178.434925 427.5105733
435.9050557 -2178.434925 427.5643151
435.9158897 -2178.433925 427.4718613
435.9267227 -2178.434925 427.3793874
435.9375557 -2178.397425 427.2868837
435.9483897 -2178.433925 427.2868837
435.9592227 -2178.397425 427.3406177
435.9700557 -2178.433025 427.2480874
435.9808897 -2178.433025 427.1555271
435.9917227 -2178.396525 427.1555271
436.0025557 -2178.433025 427.062942
436.0133897 -2178.360025 427.1166731
436.0242227 -2178.396525 426.8777016
436.0350557 -2178.395525 426.9499123
436.0458897 -2178.359025 426.9499123
436.0567227 -2178.359025 426.8383507
436.0675557 -2178.359025 426.5992489
436.0783897 -2178.358025 426.6529421
436.0892227 -2178.358025 426.5787122
436.1000557 -2178.358025 426.5787122
436.1108897 -2178.358025 426.3394824
436.1217227 -2178.358025 426.3746465
436.1325557 -2178.358025 426.3003485
436.1433897 -2178.358025 426.1889925
436.1542227 -2178.358025 426.1889925
436.1650557 -2178.320625 426.2611832
436.1758897 -2178.320625 426.1683168
436.1867227 -2178.357125 426.0754204
436.1975557 -2178.320625 425.9820962
436.2083897 -2178.320625 425.9820962
436.2192227 -2178.284125 426.0357674
436.2300557 -2178.320625 425.7961827
436.2408897 -2178.320625 425.7031859
436.2517227 -2178.320625 425.7753722
436.2625557 -2178.320625 425.7753722
436.2733897 -2178.285025 425.5356591
436.2842227 -2178.284125 425.4240496
436.2950557 -2178.284125 425.3309571
436.3058897 -2178.247525 425.4027181
436.3167227 -2178.284125 425.4027181
436.3275557 -2178.248525 425.3095913
436.3383897 -2178.247525 425.2164442
436.3492227 -2178.247525 425.1232669
436.3600557 -2178.247525 425.1232669
436.3708897 -2178.247525 425.1768809
436.3817227 -2178.247525 425.0836768
436.3925557 -2178.247525 424.9904425
436.4033897 -2178.246625 424.7684684
436.4142227 -2178.246625 424.7684684
436.4250557 -2178.210125 424.8039033
436.4358897 -2178.245625 424.5632809
436.4467227 -2178.209125 424.6168547
436.4575557 -2178.210125 424.3765532
436.4683897 -2178.209125 424.3765532
436.4792227 -2178.209125 424.4301136
436.4900557 -2178.208225 424.3367027
436.5008897 -2178.208225 424.4088503
436.5117227 -2178.171725 424.2968304
436.5225557 -2178.208225 424.2968304
436.5333897 -2178.170725 424.0563234
436.5442227 -2178.170725 424.1098738
436.5550557 -2178.170725 424.0345376
436.5658897 -2178.170725 423.9409959
436.5767227 -2178.170725 423.9409959
436.5875557 -2178.169825 423.9759557
436.5983897 -2178.169825 423.735248
436.6092227 -2178.169825 423.8073742
436.6200557 -2178.133325 423.5479876
436.6308897 -2178.133325 423.5479876
436.6417227 -2178.133325 423.6015044
436.6525557 -2178.095825 423.5078271
436.6633897 -2178.133325 423.4141293
436.6742227 -2178.133325 423.191361
436.6850557 -2178.132325 423.191361
436.6958897 -2178.132325 423.2262431
436.7067227 -2178.095825 423.1510816
436.7175557 -2178.095825 423.2045788
436.7283897 -2178.131425 423.2045788
436.7392227 -2178.093925 423.092153
436.7500557 -2178.093025 422.9983215
436.7608897 -2178.056525 422.9044597
436.7717227 -2178.093025 422.8105724
436.7825557 -2178.093025 422.8105724
436.7933897 -2178.055525 422.7166647
436.8042227 -2178.055525 422.6409504
436.8150557 -2178.054625 422.5469892
436.8258897 -2178.053725 422.4530074
436.8367227 -2178.052725 422.4530074
436.8475557 -2178.051825 422.3585902
436.8583897 -2178.050825 422.4120381
436.8692227 -2178.050825 422.1522589
436.8800557 -2178.050825 422.2056909
436.8908897 -2178.013425 422.2056909
436.9017227 -2178.013425 421.9822916
436.9125557 -2178.012525 422.0357172
436.9233897 -2177.976025 421.9415707
436.9342227 -2177.976025 421.8473988
436.9450557 -2177.975025 421.8473988
436.9558897 -2178.012525 421.9008226
436.9667227 -2178.011525 421.8062127
436.9775557 -2178.011525 421.7119829
436.9883897 -2177.975025 421.6177324
436.9992227 -2177.975025 421.6177324
437.0100557 -2177.975025 421.5234514
437.0208897 -2177.975025 421.4291449
437.0317227 -2177.974125 421.4642832
437.0425557 -2177.974125 421.2404601
437.0533897 -2177.974125 421.2404601
437.0642227 -2177.974125 421.2938429
437.0750557 -2177.937625 421.1990517
437.0858897 -2177.937625 421.2524394
437.0967227 -2177.937625 421.2524394
437.1075557 -2177.937625 421.0101946
437.1183897 -2177.937625 421.0635735
437.1292227 -2177.937625 420.9690997
437.1400557 -2177.937625 420.8746002
437.1508897 -2177.937625 420.8746002
437.1617227 -2177.937625 420.6321828
437.1725557 -2177.937625 420.8334452
437.1833897 -2177.937625 420.7388876
437.1942227 -2177.902125 420.6439028
437.2050557 -2177.937625 420.6439028
437.2158897 -2177.902125 420.5492938
437.2267227 -2177.901125 420.3066681
437.2375557 -2177.901125 420.3600037
437.2483897 -2177.901125 420.2653176
437.2592227 -2177.901125 420.2653176
437.2700557 -2177.901125 420.1889084
437.2808897 -2177.901125 420.0758733
437.2917227 -2177.864625 420.1291951
437.3025557 -2177.863725 420.0527346
437.3133897 -2177.863725 420.0527346
437.3242227 -2177.862825 419.9575391
437.3350557 -2177.826325 419.8627198
437.3458897 -2177.862825 419.9160349
437.3567227 -2177.861925 419.8211879
437.3675557 -2177.861925 419.8211879
437.3783897 -2177.861925 419.7263102
437.3892227 -2177.861925 419.6314067
437.4000557 -2177.825425 419.5364824
437.4108897 -2177.788925 419.6081097
437.4217227 -2177.825425 419.6081097
437.4325557 -2177.825425 419.3644696
437.4433897 -2177.788925 419.4177621
437.4542227 -2177.825425 419.3227508
437.4650557 -2177.788925 419.3227508
437.4758897 -2177.825425 419.2277137
437.4867227 -2177.824425 419.1326556
437.4975557 -2177.825425 419.0375668
437.5083897 -2177.788925 418.960389
437.5192227 -2177.788025 418.960389
437.5300557 -2177.788925 419.0136608
437.5408897 -2177.788925 418.9185157
437.5517227 -2177.788025 418.8233446
437.5625557 -2177.788925 418.8766144
437.5733897 -2177.751525 418.8766144
437.5842227 -2177.751525 418.7993587
437.5950557 -2177.751525 418.5556317
437.6058897 -2177.751525 418.6088827
437.6167227 -2177.788025 418.5136034
437.6275557 -2177.752425 418.5136034
437.6383897 -2177.715025 418.4182982
437.6492227 -2177.752425 418.3225638
437.6600557 -2177.752425 418.3941709
437.6708897 -2177.715925 418.2988091
437.6817227 -2177.715925 418.2988091
437.6925557 -2177.752425 418.2034263
437.7033897 -2177.715925 418.1080127
437.7142227 -2177.715925 418.0121646
437.7250557 -2177.715925 417.7863971
437.7358897 -2177.679425 417.7863971
437.7467227 -2177.679425 417.9699199
437.7575557 -2177.679425 418.0415342
437.7683897 -2177.679425 417.7968817
437.7792227 -2177.679425 417.7968817
437.7900557 -2177.643025 417.7013334
437.8008897 -2177.679425 417.6057591
437.8117227 -2177.643025 417.5101636
437.8225557 -2177.643025 417.5813479
437.8333897 -2177.643025 417.5813479
437.8442227 -2177.643025 417.4857168
437.8550557 -2177.643025 417.3900645
437.8658897 -2177.643025 417.2943813
437.8767227 -2177.643025 417.198263
437.8875557 -2177.606525 417.198263
437.8983897 -2177.643025 417.2698586
437.9092227 -2177.643025 417.1741185
437.9200557 -2177.606525 416.928989
437.9308897 -2177.605625 416.9821557
437.9417227 -2177.606525 416.9821557
437.9525557 -2177.606525 416.8863373
437.9633897 -2177.606525 416.9575162
437.9742227 -2177.606525 416.7126418
437.9850557 -2177.569125 416.7477795
437.9958897 -2177.606525 416.7477795
438.0067227 -2177.606525 416.8009438
438.0175557 -2177.570025 416.5735626
438.0283897 -2177.570025 416.6451484
438.0392227 -2177.570025 416.3996549
438.0500557 -2177.569125 416.3996549
438.0608897 -2177.570025 416.303656
438.0717227 -2177.569125 416.3567892
438.0825557 -2177.570025 416.1115699
438.0933897 -2177.533525 416.1827291
438.1042227 -2177.533525 416.1827291
438.1150557 -2177.533525 416.0681943
438.1258897 -2177.533525 415.9720786
438.1367227 -2177.532625 416.0432423
438.1475557 -2177.533525 416.0432423
438.1583897 -2177.533525 415.9470955
438.1692227 -2177.533525 416.018266
438.1800557 -2177.497025 415.922093
438.1908897 -2177.496125 415.6580925
438.2017227 -2177.532625 415.6580925
438.2125557 -2177.533525 415.5798945
438.2233897 -2177.496125 415.6329967
438.2342227 -2177.496125 415.5547722
438.2450557 -2177.496125 415.4404047
438.2558897 -2177.496125 415.4404047
438.2667227 -2177.459625 415.4935044
438.2775557 -2177.459625 415.4152272
438.2883897 -2177.496125 415.31845
438.2992227 -2177.495225 415.222062
438.3100557 -2177.459625 415.222062
438.3208897 -2177.458725 415.1256428
438.3317227 -2177.423125 415.0472719
438.3425557 -2177.459625 415.1003521
438.3533897 -2177.458725 415.0034645
438.3642227 -2177.458725 415.0034645
438.3750557 -2177.422225 414.9069615
438.3858897 -2177.457825 414.8285207
438.3967227 -2177.421325 414.7315562
438.4075557 -2177.421325 414.7846169
438.4183897 -2177.420425 414.7846169
438.4292227 -2177.420425 414.6880347
438.4400557 -2177.419525 414.4413312
438.4508897 -2177.418625 414.4943701
438.4617227 -2177.382125 414.4158064
438.4725557 -2177.418625 414.4158064
438.4833897 -2177.381225 414.319116
438.4942227 -2177.417725 414.2223992
438.5050557 -2177.381225 414.2754356
438.5158897 -2177.380325 414.2754356
438.5267227 -2177.380325 414.0465868
438.5375557 -2177.342925 414.099606
438.5483897 -2177.380325 414.0028098
438.5592227 -2177.379425 413.9055707
438.5700557 -2177.342925 413.9055707
438.5808897 -2177.379425 413.8268329
438.5917227 -2177.342925 413.8798494
438.6025557 -2177.380325 413.6326432
438.6133897 -2177.342925 413.8359803
438.6242227 -2177.342925 413.8359803
438.6350557 -2177.307425 413.7386541
438.6458897 -2177.306525 413.4913298
438.6567227 -2177.343825 413.6947221
438.6675557 -2177.306525 413.4654628
438.6783897 -2177.343825 413.4654628
438.6892227 -2177.307425 413.350305
438.7000557 -2177.307425 413.2709782
438.7108897 -2177.306525 413.173907
438.7217227 -2177.270925 413.2268864
438.7325557 -2177.306525 413.2268864
438.7433897 -2177.306525 413.1293641
438.7542227 -2177.307425 413.0503789
438.7650557 -2177.270925 412.9532181
438.7758897 -2177.270925 413.0061898
438.7867227 -2177.270925 413.0061898
438.7975557 -2177.270925 412.7584092
438.8083897 -2177.270925 412.8113662
438.8192227 -2177.270925 412.7137056
438.8300557 -2177.270925 412.766672
438.8408897 -2177.270925 412.766672
438.8517227 -2177.270925 412.5368847
438.8625557 -2177.270925 412.5898339
438.8733897 -2177.271825 412.3599665
438.8842227 -2177.234425 412.3599665
438.8950557 -2177.271825 412.3951464
438.9058897 -2177.234425 412.4480928
438.9167227 -2177.234425 412.3684656
438.9275557 -2177.234425 412.1202634
438.9383897 -2177.234425 412.1202634
438.9492227 -2177.197925 412.0405654
438.9600557 -2177.234425 412.0757236
438.9708897 -2177.234425 411.9778124
438.9817227 -2177.197925 411.8802877
438.9925557 -2177.197925 411.8802877
439.0033897 -2177.197925 411.950984
439.0142227 -2177.197925 411.7029403
439.0250557 -2177.234425 411.7736238
439.0358897 -2177.197925 411.6578256
439.0467227 -2177.197925 411.6578256
439.0575557 -2177.197925 411.5601889
439.0683897 -2177.197925 411.4803119
439.0792227 -2177.197925 411.5332126
439.0900557 -2177.197925 411.2845003
439.1008897 -2177.197925 411.2845003
439.1117227 -2177.161525 411.3555885
439.1225557 -2177.161525 411.2574329
439.1333897 -2177.161525 411.1596595
439.1442227 -2177.161525 411.2303401
439.1550557 -2177.161525 411.2303401
439.1658897 -2177.161525 410.9814255
439.1767227 -2177.161525 411.0342934
439.1875557 -2177.161525 410.9364343
439.1983897 -2177.088525 410.8381392
439.2092227 -2177.125025 410.8381392
439.2200557 -2177.125025 410.891004
439.2308897 -2177.125025 410.9438809
439.2417227 -2177.124125 410.7129579
439.2525557 -2177.124125 410.7129579
439.2633897 -2177.124125 410.6149863
439.2742227 -2177.088525 410.5165734
439.2850557 -2177.087625 410.5694276
439.2958897 -2177.088525 410.4892201
439.3067227 -2177.124125 410.4892201
439.3175557 -2177.125025 410.2398345
439.3283897 -2177.088525 410.2926685
439.3392227 -2177.088525 410.3637566
439.3500557 -2177.088525 410.2473909
439.3608897 -2177.087625 410.2473909
439.3717227 -2177.088525 410.1666721
439.3825557 -2177.087625 409.9170761
439.3933897 -2177.052025 409.9698895
439.4042227 -2177.088525 409.87167
439.4150557 -2177.052025 409.87167
439.4258897 -2177.052025 409.9244879
439.4367227 -2177.051225 409.825814
439.4475557 -2177.088525 409.7453838
439.4583897 -2177.015625 409.7982009
439.4692227 -2177.014725 409.7982009
439.4800557 -2177.015625 409.6998829
439.4908897 -2177.015625 409.6011275
439.5017227 -2177.052025 409.5027555
439.5125557 -2177.014725 409.4039411
439.5233897 -2177.014725 409.4039411
439.5342227 -2177.014725 409.3233843
439.5450557 -2176.978225 409.224518
439.5558897 -2176.977325 409.2773041
439.5667227 -2176.940825 409.1788235
439.5775557 -2176.977325 409.1788235
439.5883897 -2176.940825 409.0798953
439.5992227 -2176.940825 408.9813557
439.6100557 -2176.904425 408.8823781
439.6208897 -2176.867925 408.8823781
439.6317227 -2176.867925 408.9534424
439.6425557 -2176.904425 408.8544275
439.6533897 -2176.868825 408.7553903
439.6642227 -2176.868825 408.6567369
439.6750557 -2176.867925 408.6567369
439.6858897 -2176.832325 408.7273862
439.6967227 -2176.868825 408.6103971
439.7075557 -2176.832325 408.3776813
439.7183897 -2176.832325 408.4304202
439.7292227 -2176.832325 408.4304202
439.7400557 -2176.795925 408.3316579
439.7508897 -2176.795925 408.2324472
439.7617227 -2176.796725 408.1515294
439.7725557 -2176.795925 408.2042646
439.7833897 -2176.760325 408.2042646
439.7942227 -2176.796725 408.257007
439.8050557 -2176.760325 408.1756395
439.8158897 -2176.723825 408.0588449
439.8267227 -2176.760325 407.9774275
439.8375557 -2176.760325 407.9774275
439.8483897 -2176.760325 407.8784865
439.8592227 -2176.761125 407.7791064
439.8700557 -2176.723825 407.6796941
439.8808897 -2176.761125 407.7324049
439.8917227 -2176.724725 407.7324049
439.9025557 -2176.723825 407.6513063
439.9133897 -2176.724725 407.551834
439.9242227 -2176.724725 407.6045438
439.9350557 -2176.688225 407.3532292
439.9458897 -2176.688225 407.3532292
439.9567227 -2176.689125 407.271611
439.9675557 -2176.688225 407.1724487
439.9783897 -2176.724725 407.0728468
439.9892227 -2176.651725 407.0728468
440.0000557 -2176.688225 407.1255206
440.0108897 -2176.688225 407.026296
440.0217227 -2176.651725 406.9445793
440.0325557 -2176.652625 406.9972521
440.0433897 -2176.652625 406.9972521
440.0542227 -2176.652625 406.9155024
440.0650557 -2176.652625 406.8161976
440.0758897 -2176.652625 406.7164429
440.0867227 -2176.616125 406.6166608
440.0975557 -2176.616125 406.6166608
440.1083897 -2176.652625 406.6872836
440.1192227 -2176.652625 406.5878864
440.1300557 -2176.616125 406.4880439
440.1408897 -2176.617025 406.3881788
440.1517227 -2176.617025 406.3881788
440.1625557 -2176.617025 406.4587972
440.1733897 -2176.580525 406.3588944
440.1842227 -2176.617025 406.2773626
440.1950557 -2176.580525 406.177407
440.2058897 -2176.580525 406.177407
440.2167227 -2176.580525 406.2480282
440.2275557 -2176.580525 405.9954008
440.2383897 -2176.544125 405.8957832
440.2492227 -2176.544125 405.9484031
440.2600557 -2176.544125 405.9484031
440.2708897 -2176.544925 406.0186112
440.2817227 -2176.544925 405.7662301
440.2925557 -2176.544925 405.6661061
440.3033897 -2176.544925 405.7367185
440.3142227 -2176.544925 405.7367185
440.3250557 -2176.544925 405.6545604
440.3358897 -2176.508525 405.5543781
440.3467227 -2176.508525 405.4545916
440.3575557 -2176.508525 405.4545916
440.3683897 -2176.509325 405.5071959
440.3792227 -2176.508525 405.2720973
440.3900557 -2176.472925 405.324693
440.4008897 -2176.509325 405.2424077
440.4117227 -2176.508525 405.2424077
440.4225557 -2176.472025 405.2950052
440.4333897 -2176.509325 405.1946786
440.4442227 -2176.472925 405.2472802
440.4550557 -2176.472925 405.0119549
440.4658897 -2176.436425 405.0119549
440.4767227 -2176.437325 404.9115476
440.4875557 -2176.437325 404.8115269
440.4983897 -2176.436425 404.8640996
440.5092227 -2176.437325 404.6286006
440.5200557 -2176.437325 404.6286006
440.5308897 -2176.437325 404.68116
440.5417227 -2176.437325 404.7337313
440.5525557 -2176.437325 404.4800799
440.5633897 -2176.400825 404.3794959
440.5742227 -2176.437325 404.3794959
440.5850557 -2176.400825 404.4500871
440.5958897 -2176.400825 404.3494746
440.6067227 -2176.401725 404.2488294
440.6175557 -2176.401725 404.166207
440.6283897 -2176.401725 404.166207
440.6392227 -2176.401725 404.2011197
440.6500557 -2176.401725 404.1004111
440.6608897 -2176.365225 404.0173123
440.6717227 -2176.365225 404.0173123
440.6825557 -2176.401725 403.9169753
440.6933897 -2176.365225 403.9695045
440.7042227 -2176.365225 403.8863514
440.7150557 -2176.366025 403.938892
440.7258897 -2176.366025 403.938892
440.7367227 -2176.366025 403.8561302
440.7475557 -2176.366025 403.6018748
440.7583897 -2176.329625 403.672468
440.7692227 -2176.329625 403.571558
440.7800557 -2176.329625 403.571558
440.7908897 -2176.329625 403.4706201
440.8017227 -2176.329625 403.3696592
440.8125557 -2176.329625 403.2686655
440.8233897 -2176.329625 403.4746811
440.8342227 -2176.329625 403.4746811
440.8450557 -2176.294025 403.2382259
440.8558897 -2176.294025 403.1371707
440.8667227 -2176.330425 403.1896662
440.8775557 -2176.294025 403.0885801
440.8883897 -2176.294025 403.0885801
440.8992227 -2176.294025 403.0055586
440.9100557 -2176.294025 402.8863141
440.9208897 -2176.258325 402.8032463
440.9317227 -2176.257525 402.8557243
440.9425557 -2176.258325 402.8557243
440.9533897 -2176.258325 402.7722017
440.9642227 -2176.258325 402.6709723
440.9750557 -2176.294825 402.5701312
440.9858897 -2176.258325 402.6402926
440.9967227 -2176.221925 402.6402926
441.0075557 -2176.258325 402.5390015
441.0183897 -2176.259225 402.4376776
441.0292227 -2176.259225 402.3363257
441.0400557 -2176.222725 402.3363257
441.0508897 -2176.259225 402.3887894
441.0617227 -2176.223625 402.3051057
441.0725557 -2176.222725 402.3398644
441.0833897 -2176.187125 402.2565758
441.0942227 -2176.223625 402.2565758
441.1050557 -2176.223625 402.1551259
441.1158897 -2176.223625 402.2075873
441.1267227 -2176.223625 401.9521469
441.1375557 -2176.224525 401.8683309
441.1483897 -2176.187125 401.8683309
441.1592227 -2176.187125 401.9207706
441.1700557 -2176.224525 401.8369303
441.1808897 -2176.187125 401.5812967
441.1917227 -2176.188025 401.7877744
441.2025557 -2176.188025 401.7877744
441.2133897 -2176.188025 401.5320693
441.2242227 -2176.151525 401.5844912
441.2350557 -2176.151525 401.5009615
441.2458897 -2176.188925 401.5533946
441.2567227 -2176.188025 401.5533946
441.2675557 -2176.152425 401.4516745
441.2783897 -2176.152425 401.3676674
441.2892227 -2176.152425 401.265898
441.3000557 -2176.152425 401.1640956
441.3108897 -2176.188925 401.1640956
441.3217227 -2176.116725 401.2342543
441.3325557 -2176.116725 401.1324227
441.3433897 -2176.153225 401.030558
441.3542227 -2176.153225 400.9286651
441.3650557 -2176.153225 400.9286651
441.3758897 -2176.117625 400.8267487
441.3867227 -2176.153225 400.7425592
441.3975557 -2176.117625 400.9493079
441.4083897 -2176.116725 400.9493079
441.4192227 -2176.117625 400.6929672
441.4300557 -2176.117625 400.7453579
441.4408897 -2176.117625 400.6611072
441.4517227 -2176.117625 400.5590661
441.4625557 -2176.082025 400.5590661
441.4733897 -2176.082025 400.4569919
441.4842227 -2176.082025 400.3548894
441.4950557 -2176.082025 400.4250453
441.5058897 -2176.082025 400.4774323
441.5167227 -2176.082025 400.4774323
441.5275557 -2176.045525 400.2207437
441.5383897 -2176.082925 400.2731193
441.5492227 -2176.082925 400.1709178
441.5600557 -2176.046425 400.068688
441.5708897 -2176.009925 400.068688
441.5817227 -2176.046425 399.9664346
441.5925557 -2176.046425 400.0365877
441.6033897 -2176.047225 399.9342953
441.6142227 -2176.010725 400.0044642
441.6250557 -2176.010725 400.0044642
441.6358897 -2176.010725 399.72963
441.6467227 -2176.011625 399.6450564
441.6575557 -2175.975125 399.6795973
441.6683897 -2175.975125 399.7497583
441.6792227 -2175.975125 399.7497583
441.6900557 -2175.975125 399.4921273
441.7008897 -2175.976025 399.3896632
441.7117227 -2175.939525 399.4419932
441.7225557 -2175.976025 399.3394876
441.7333897 -2175.939525 399.3394876
441.7442227 -2175.939525 399.4096467
441.7550557 -2175.976025 399.3071068
441.7658897 -2175.940325 399.2045384
441.7767227 -2175.940325 399.2045384
441.7875557 -2175.903825 399.1019463
441.7983897 -2175.903825 399.15427
441.8092227 -2175.904725 399.0694684
441.8200557 -2175.940325 398.9668134
441.8308897 -2175.903825 398.9668134
441.8417227 -2175.904725 399.0191352
441.8525557 -2175.904725 398.9338529
441.8633897 -2175.905625 398.8311348
441.8742227 -2175.868225 398.7283833
441.8850557 -2175.869125 398.7283833
441.8958897 -2175.869125 398.6256033
441.9067227 -2175.869125 398.6779114
441.9175557 -2175.905625 398.5750945
441.9283897 -2175.869125 398.4896771
441.9392227 -2175.869125 398.4896771
441.9500557 -2175.833425 398.3868101
441.9608897 -2175.869925 398.439103
441.9717227 -2175.870825 398.3361943
441.9825557 -2175.833425 398.2511244
441.9933897 -2175.833425 398.2511244
442.0042227 -2175.870825 398.3034152
442.0150557 -2175.834325 398.2004433
442.0258897 -2175.835225 398.0974476
442.0367227 -2175.835225 398.0118648
442.0475557 -2175.835225 398.0118648
442.0583897 -2175.798725 397.9088091
442.0692227 -2175.836025 397.9610861
442.0800557 -2175.836025 397.8579935
442.0908897 -2175.836025 397.9102695
442.1017227 -2175.836925 397.9102695
442.1125557 -2175.836925 397.651727
442.1233897 -2175.800425 397.7039864
442.1342227 -2175.800425 397.4628033
442.1450557 -2175.800425 397.4628033
442.1558897 -2175.801325 397.5150532
442.1667227 -2175.800425 397.5673103
442.1775557 -2175.801325 397.4815291
442.1883897 -2175.764725 397.3782569
442.1992227 -2175.765625 397.3782569
442.2100557 -2175.802125 397.413038
442.2208897 -2175.765625 397.3271978
442.2317227 -2175.802125 397.2238597
442.2425557 -2175.766525 397.120488
442.2533897 -2175.766525 397.120488
442.2642227 -2175.766525 397.016661
442.2750557 -2175.766525 397.0868115
442.2858897 -2175.730825 396.9833761
442.2967227 -2175.767325 397.0356159
442.3075557 -2175.730825 397.0356159
442.3183897 -2175.731725 396.9321482
442.3292227 -2175.731725 396.8461414
442.3400557 -2175.732625 396.5864211
442.3508897 -2175.732625 396.6386345
442.3617227 -2175.696025 396.6386345
442.3725557 -2175.696025 396.7087838
442.3833897 -2175.696025 396.605192
442.3942227 -2175.733425 396.5011491
442.4050557 -2175.696925 396.3974994
442.4158897 -2175.696925 396.3974994
442.4267227 -2175.661325 396.3113316
442.4375557 -2175.698625 396.3635405
442.4483897 -2175.661325 396.2598269
442.4592227 -2175.662125 396.3120346
442.4700557 -2175.698625 396.3120346
442.4808897 -2175.662125 396.0523177
442.4917227 -2175.663025 396.122031
442.5025557 -2175.663025 396.0182244
442.5133897 -2175.663925 396.0182244
442.5242227 -2175.627325 395.9143937
442.5350557 -2175.628225 395.8101017
442.5458897 -2175.628225 395.880241
442.5567227 -2175.628225 395.7759185
442.5675557 -2175.629125 395.7759185
442.5783897 -2175.629125 395.8281047
442.5892227 -2175.629125 395.7241675
442.6000557 -2175.629925 395.6202062
442.6108897 -2175.629925 395.5337542
442.6217227 -2175.594325 395.5337542
442.6325557 -2175.594325 395.4297323
442.6433897 -2175.594325 395.4994517
442.6542227 -2175.595125 395.3953946
442.6650557 -2175.631725 395.4475675
442.6758897 -2175.596025 395.4475675
442.6867227 -2175.596025 395.1867699
442.6975557 -2175.559525 395.2564828
442.7083897 -2175.596925 395.1347729
442.7192227 -2175.560325 395.0481574
442.7300557 -2175.560325 395.0481574
442.7408897 -2175.561225 394.9439486
442.7517227 -2175.561225 394.8392823
442.7625557 -2175.562125 394.7525886
442.7733897 -2175.562125 394.787148
442.7842227 -2175.562125 394.787148
442.7950557 -2175.526425 394.7004165
442.8058897 -2175.526425 394.7525552
442.8167227 -2175.526425 394.6482151
442.8275557 -2175.526425 394.5609973
442.8383897 -2175.490725 394.5609973
442.8492227 -2175.491625 394.5955509
442.8600557 -2175.529025 394.5087288
442.8708897 -2175.529025 394.4218821
442.8817227 -2175.529025 394.4218821
442.8925557 -2175.493425 394.2994076
442.9033897 -2175.493425 394.3691174
442.9142227 -2175.494225 394.2646188
442.9250557 -2175.494225 394.1600958
442.9358897 -2175.495125 394.1600958
442.9467227 -2175.458525 394.2122111
442.9575557 -2175.458525 393.9505231
442.9683897 -2175.495125 394.0202296
442.9792227 -2175.459425 393.9156078
442.9900557 -2175.459425 393.9156078
443.0008897 -2175.460325 393.98532
443.0117227 -2175.460325 393.8806675
443.0225557 -2175.461225 393.7755512
443.0333897 -2175.461225 393.6884503
443.0442227 -2175.425525 393.6884503
443.0550557 -2175.426325 393.7229329
443.0658897 -2175.426325 393.47851
443.0767227 -2175.427225 393.530588
443.0875557 -2175.427225 393.4257825
443.0983897 -2175.427225 393.4257825
443.1092227 -2175.391525 393.3205129
443.1200557 -2175.392425 393.390215
443.1308897 -2175.392425 393.2853445
443.1417227 -2175.429825 393.3374234
443.1525557 -2175.430725 393.3374234
443.1633897 -2175.394125 393.2325101
443.1742227 -2175.395025 393.1271419
443.1850557 -2175.395025 393.1968566
443.1958897 -2175.395025 393.1968566
443.2067227 -2175.359325 392.9343809
443.2175557 -2175.395925 392.9864446
443.2283897 -2175.360225 392.8814073
443.2392227 -2175.361125 392.7935601
443.2500557 -2175.361125 392.7935601
443.2608897 -2175.362025 392.6884709
443.2717227 -2175.362025 392.7405184
443.2825557 -2175.362825 392.6353863
443.2933897 -2175.326325 392.5474583
443.3042227 -2175.327125 392.5474583
443.3150557 -2175.328025 392.4422696
443.3258897 -2175.328025 392.4943056
443.3367227 -2175.328925 392.3886526
443.3475557 -2175.329825 392.2833961
443.3583897 -2175.330625 392.2833961
443.3692227 -2175.330625 392.335427
443.3800557 -2175.331525 392.0900418
443.3908897 -2175.331525 391.9842679
443.4017227 -2175.295825 392.036275
443.4125557 -2175.295825 392.036275
443.4233897 -2175.297625 391.9485793
443.4342227 -2175.297625 391.8427397
443.4450557 -2175.297625 391.8947439
443.4558897 -2175.298425 391.9467651
443.4667227 -2175.298425 391.9467651
443.4775557 -2175.299325 391.6833943
443.4883897 -2175.263625 391.7530857
443.4992227 -2175.264525 391.6475782
443.5100557 -2175.265425 391.5416047
443.5208897 -2175.266225 391.5416047
443.5317227 -2175.267125 391.4360331
443.5425557 -2175.303725 391.3477066
443.5533897 -2175.268925 391.3996876
443.5642227 -2175.269825 391.3996876
443.5750557 -2175.270625 391.2936184
443.5858897 -2175.234925 391.1879562
443.5967227 -2175.272425 391.0995386
443.6075557 -2175.236725 391.1515078
443.6183897 -2175.237625 391.1515078
443.6292227 -2175.237625 391.0457797
443.6400557 -2175.276025 391.1150384
443.6508897 -2175.239425 391.0092694
443.6617227 -2175.240225 390.7452661
443.6725557 -2175.241125 390.7452661
443.6833897 -2175.242025 390.7972147
443.6942227 -2175.242925 390.8491756
443.7050557 -2175.207225 390.5850409
443.7158897 -2175.208125 390.654284
443.7267227 -2175.208925 390.654284
443.7375557 -2175.209825 390.5483597
443.7483897 -2175.210725 390.6003135
443.7592227 -2175.175025 390.5116574
443.7700557 -2175.212525 390.4052343
443.7808897 -2175.212525 390.4052343
443.7917227 -2175.176825 390.457185
443.8025557 -2175.214325 390.5268896
443.8133897 -2175.215225 390.7195546
443.8242227 -2175.178525 390.47239
443.8350557 -2175.180325 390.47239
443.8458897 -2175.180325 390.3663159
443.8567227 -2175.181225 390.2597788
443.8675557 -2175.145525 390.170975
443.8783897 -2175.183025 390.0648135
443.8892227 -2175.183925 390.0648135
443.9000557 -2175.148225 390.1167567
443.9108897 -2175.149925 389.8519726
443.9217227 -2175.187525 389.7626225
443.9325557 -2175.151725 389.7626225
443.9433897 -2175.189325 389.8145414
443.9542227 -2175.227725 389.5496064
